budget_steps,centroid_exact,centroid_model,in_primary,l2_field,model,n_feat,nu,pde,phi_exact,phi_model,phi_recovery,retry,seed,t,tag
2016,0.500144145295721,0.5019095551362203,True,0.5239994817324296,gaaf,3,0.01/pi,burgers,3.70425406377563e-06,4.461776720767302e-06,1.2045007291480307,False,1234,0.0,MS_hard_burgers_n3_gaaf_s1234
2016,0.5023917063806028,0.501900531522849,True,0.5239994817324296,gaaf,3,0.01/pi,burgers,2.9227509926194613e-06,4.248458699423952e-06,1.4535821594628389,False,1234,0.04,MS_hard_burgers_n3_gaaf_s1234
2016,0.5086916368329514,0.5018914879432466,True,0.5239994817324296,gaaf,3,0.01/pi,burgers,2.367279058804143e-06,4.034475423331044e-06,1.7042669339410723,False,1234,0.08,MS_hard_burgers_n3_gaaf_s1234
2016,0.5195534572740266,0.5018824461959907,True,0.5239994817324296,gaaf,3,0.01/pi,burgers,1.9580371177122484e-06,3.8197554524920084e-06,1.9508084999711208,False,1234,0.12,MS_hard_burgers_n3_gaaf_s1234
2016,0.5359988327111411,0.50187342228765,True,0.5239994817324296,gaaf,3,0.01/pi,burgers,1.6445752252270005e-06,3.6054774203172366e-06,2.1923456981541074,False,1234,0.16,MS_hard_burgers_n3_gaaf_s1234
2016,0.5598952651542854,0.5018644558468066,True,0.5239994817324296,gaaf,3,0.01/pi,burgers,1.3980284947447014e-06,3.3923190733838187e-06,2.426502096442105,False,1234,0.2,MS_hard_burgers_n3_gaaf_s1234
2016,0.5947227450212248,0.5018555708766563,True,0.5239994817324296,gaaf,3,0.01/pi,burgers,4.715218951839874e-06,3.181136190296918e-06,0.6746529106682612,False,1234,0.24,MS_hard_burgers_n3_gaaf_s1234
2016,0.6473771265198471,0.5018467799107433,True,0.5239994817324296,gaaf,3,0.01/pi,burgers,0.00010613525437437981,2.9718162113902697e-06,0.028000274073942788,False,1234,0.28,MS_hard_burgers_n3_gaaf_s1234
2016,0.7315459931206041,0.5018381315739421,True,0.5239994817324296,gaaf,3,0.01/pi,burgers,0.0011217209488575835,2.7659441423950175e-06,0.0024658041246461457,False,1234,0.32,MS_hard_burgers_n3_gaaf_s1234
2016,0.8615805549292378,0.5018296350503675,True,0.5239994817324296,gaaf,3,0.01/pi,burgers,0.004912396807581136,2.5637073678334955e-06,0.0005218852361187543,False,1234,0.36,MS_hard_burgers_n3_gaaf_s1234
2016,1.0046814644983904,0.5018213328066727,True,0.5239994817324296,gaaf,3,0.01/pi,burgers,0.010169265071761309,2.366221924517659e-06,0.00023268367063106077,False,1234,0.4,MS_hard_burgers_n3_gaaf_s1234
2016,1.1074893227186535,0.5018132385640606,True,0.5239994817324296,gaaf,3,0.01/pi,burgers,0.013869006723315215,2.173905247966247e-06,0.00015674556162062353,False,1234,0.44,MS_hard_burgers_n3_gaaf_s1234
2016,1.1718577303722955,0.5018053989672998,True,0.5239994817324296,gaaf,3,0.01/pi,burgers,0.01605401329537946,1.9876387122292025e-06,0.00012380945970695496,False,1234,0.48,MS_hard_burgers_n3_gaaf_s1234
2016,1.212377579712704,0.5017978384503429,True,0.5239994817324296,gaaf,3,0.01/pi,burgers,0.017352095779541634,1.8083518783490039e-06,0.00010421518537726586,False,1234,0.52,MS_hard_burgers_n3_gaaf_s1234
2016,1.2379432584409522,0.5017905888304416,True,0.5239994817324296,gaaf,3,0.01/pi,burgers,0.01811331876292011,1.636743141745054e-06,9.036130612881618e-05,False,1234,0.56,MS_hard_burgers_n3_gaaf_s1234
2016,1.2537616513164085,0.501783681528705,True,0.5239994817324296,gaaf,3,0.01/pi,burgers,0.018530805873560714,1.473344568030621e-06,7.950785184862099e-05,False,1234,0.6,MS_hard_burgers_n3_gaaf_s1234
2016,1.263049413251328,0.5017771444183554,True,0.5239994817324296,gaaf,3,0.01/pi,burgers,0.018719770145173256,1.3196379444636335e-06,7.049434550903883e-05,False,1234,0.64,MS_hard_burgers_n3_gaaf_s1234
2016,1.2678678757222086,0.5017710184629406,True,0.5239994817324296,gaaf,3,0.01/pi,burgers,0.018752534424949636,1.1759111529637793e-06,6.270678545718427e-05,False,1234,0.68,MS_hard_burgers_n3_gaaf_s1234
2016,1.2695752376845033,0.5017653225106835,True,0.5239994817324296,gaaf,3,0.01/pi,burgers,0.018676208644799103,1.043078423715439e-06,5.585065167955877e-05,False,1234,0.72,MS_hard_burgers_n3_gaaf_s1234
2016,1.2690874646987593,0.501760109815411,True,0.5239994817324296,gaaf,3,0.01/pi,burgers,0.018522414477381174,9.223135188162499e-07,4.979445417024557e-05,False,1234,0.76,MS_hard_burgers_n3_gaaf_s1234
2016,1.2670348234859754,0.5017553911822347,True,0.5239994817324296,gaaf,3,0.01/pi,burgers,0.018312926614131676,8.141482579844684e-07,4.445757224605533e-05,False,1234,0.8,MS_hard_burgers_n3_gaaf_s1234
2016,1.2638587087570161,0.5017512301459264,True,0.5239994817324296,gaaf,3,0.01/pi,burgers,0.018063077332299865,7.196632874173266e-07,3.9841676707569965e-05,False,1234,0.84,MS_hard_burgers_n3_gaaf_s1234
2016,1.259873109394413,0.5017476390026219,True,0.5239994817324296,gaaf,3,0.01/pi,burgers,0.017783878635257412,6.397315727214616e-07,3.597255614718166e-05,False,1234,0.88,MS_hard_burgers_n3_gaaf_s1234
2016,1.2553045177222741,0.5017446576414752,True,0.5239994817324296,gaaf,3,0.01/pi,burgers,0.017483381737177846,5.752487363405407e-07,3.2902601166529064e-05,False,1234,0.92,MS_hard_burgers_n3_gaaf_s1234
2016,1.250318361712412,0.501742333536564,True,0.5239994817324296,gaaf,3,0.01/pi,burgers,0.0171675688500158,5.270924160722869e-07,3.070279902047993e-05,False,1234,0.96,MS_hard_burgers_n3_gaaf_s1234
2016,1.245036822841573,0.5017406914190321,True,0.5239994817324296,gaaf,3,0.01/pi,burgers,0.016840950487340463,4.963332789930082e-07,2.9471809169328516e-05,False,1234,1.0,MS_hard_burgers_n3_gaaf_s1234
2016,0.500144145295721,0.5035649670371878,True,0.16707919988626163,gaaf,3,0.01/pi,burgers,3.70425406377563e-06,4.6184874166243925e-05,12.468063305347131,True,1234,0.0,MS_hard_burgers_n3_gaaf_s1234_r1
2016,0.5023917063806028,0.5057418079206943,True,0.16707919988626163,gaaf,3,0.01/pi,burgers,2.9227509926194613e-06,6.779756590248603e-05,23.19649059180499,True,1234,0.04,MS_hard_burgers_n3_gaaf_s1234_r1
2016,0.5086916368329514,0.5121848019438769,True,0.16707919988626163,gaaf,3,0.01/pi,burgers,2.367279058804143e-06,9.60402438674961e-05,40.56988698071443,True,1234,0.08,MS_hard_burgers_n3_gaaf_s1234_r1
2016,0.5195534572740266,0.5235957060985171,True,0.16707919988626163,gaaf,3,0.01/pi,burgers,1.9580371177122484e-06,0.00010586629292428953,54.067561828441065,True,1234,0.12,MS_hard_burgers_n3_gaaf_s1234_r1
2016,0.5359988327111411,0.541269760760098,True,0.16707919988626163,gaaf,3,0.01/pi,burgers,1.6445752252270005e-06,8.360512201489715e-05,50.83690957545414,True,1234,0.16,MS_hard_burgers_n3_gaaf_s1234_r1
2016,0.5598952651542854,0.5676707591395582,True,0.16707919988626163,gaaf,3,0.01/pi,burgers,1.3980284947447014e-06,6.301056523844196e-05,45.07101641726446,True,1234,0.2,MS_hard_burgers_n3_gaaf_s1234_r1
2016,0.5947227450212248,0.607223409315915,True,0.16707919988626163,gaaf,3,0.01/pi,burgers,4.715218951839874e-06,0.00020369289738182887,43.19903263502707,True,1234,0.24,MS_hard_burgers_n3_gaaf_s1234_r1
2016,0.6473771265198471,0.6664467006347176,True,0.16707919988626163,gaaf,3,0.01/pi,burgers,0.00010613525437437981,0.0008780477701226455,8.272913418810246,True,1234,0.28,MS_hard_burgers_n3_gaaf_s1234_r1
2016,0.7315459931206041,0.7510069544150243,True,0.16707919988626163,gaaf,3,0.01/pi,burgers,0.0011217209488575835,0.002579465823993027,2.2995610687489463,True,1234,0.32,MS_hard_burgers_n3_gaaf_s1234_r1
2016,0.8615805549292378,0.8583268223386608,True,0.16707919988626163,gaaf,3,0.01/pi,burgers,0.004912396807581136,0.005511519952034401,1.1219614717460646,True,1234,0.36,MS_hard_burgers_n3_gaaf_s1234_r1
2016,1.0046814644983904,0.9726864319586433,True,0.16707919988626163,gaaf,3,0.01/pi,burgers,0.010169265071761309,0.009172868005181417,0.9020187732792261,True,1234,0.4,MS_hard_burgers_n3_gaaf_s1234_r1
2016,1.1074893227186535,1.073796116730121,True,0.16707919988626163,gaaf,3,0.01/pi,burgers,0.013869006723315215,0.0126355014377677,0.9110603008452027,True,1234,0.44,MS_hard_burgers_n3_gaaf_s1234_r1
2016,1.1718577303722955,1.1497299306433977,True,0.16707919988626163,gaaf,3,0.01/pi,burgers,0.01605401329537946,0.015252569392007472,0.9500782833160695,True,1234,0.48,MS_hard_burgers_n3_gaaf_s1234_r1
2016,1.212377579712704,1.1991429860057927,True,0.16707919988626163,gaaf,3,0.01/pi,burgers,0.017352095779541634,0.016897452581560498,0.9737989460318006,True,1234,0.52,MS_hard_burgers_n3_gaaf_s1234_r1
2016,1.2379432584409522,1.2276551582674855,True,0.16707919988626163,gaaf,3,0.01/pi,burgers,0.01811331876292011,0.01777797618025125,0.9814864085892784,True,1234,0.56,MS_hard_burgers_n3_gaaf_s1234_r1
2016,1.2537616513164085,1.2429746282277938,True,0.16707919988626163,gaaf,3,0.01/pi,burgers,0.018530805873560714,0.018183933700077155,0.9812813227956553,True,1234,0.6,MS_hard_burgers_n3_gaaf_s1234_r1
2016,1.263049413251328,1.2511868661938172,True,0.16707919988626163,gaaf,3,0.01/pi,burgers,0.018719770145173256,0.018337733902600156,0.9795918304759952,True,1234,0.64,MS_hard_burgers_n3_gaaf_s1234_r1
2016,1.2678678757222086,1.2557962985669484,True,0.16707919988626163,gaaf,3,0.01/pi,burgers,0.018752534424949636,0.018365501435294692,0.9793610303074549,True,1234,0.68,MS_hard_burgers_n3_gaaf_s1234_r1
2016,1.2695752376845033,1.2584152096999681,True,0.16707919988626163,gaaf,3,0.01/pi,burgers,0.018676208644799103,0.0183251606502963,0.9812034658008298,True,1234,0.72,MS_hard_burgers_n3_gaaf_s1234_r1
2016,1.2690874646987593,1.2596297365966955,True,0.16707919988626163,gaaf,3,0.01/pi,burgers,0.018522414477381174,0.018237863006619018,0.9846374525788936,True,1234,0.76,MS_hard_burgers_n3_gaaf_s1234_r1
2016,1.2670348234859754,1.259553215669433,True,0.16707919988626163,gaaf,3,0.01/pi,burgers,0.018312926614131676,0.018107573400952603,0.9887864338941539,True,1234,0.8,MS_hard_burgers_n3_gaaf_s1234_r1
2016,1.2638587087570161,1.2580600482613982,True,0.16707919988626163,gaaf,3,0.01/pi,burgers,0.018063077332299865,0.017929646601595132,0.992613067626847,True,1234,0.84,MS_hard_burgers_n3_gaaf_s1234_r1
2016,1.259873109394413,1.254872939420097,True,0.16707919988626163,gaaf,3,0.01/pi,burgers,0.017783878635257412,0.017694449565510546,0.9949713405280686,True,1234,0.88,MS_hard_burgers_n3_gaaf_s1234_r1
2016,1.2553045177222741,1.2496114281419022,True,0.16707919988626163,gaaf,3,0.01/pi,burgers,0.017483381737177846,0.017389324444159797,0.9946201887923067,True,1234,0.92,MS_hard_burgers_n3_gaaf_s1234_r1
2016,1.250318361712412,1.2418728195314088,True,0.16707919988626163,gaaf,3,0.01/pi,burgers,0.0171675688500158,0.01700129900048767,0.9903148866924174,True,1234,0.96,MS_hard_burgers_n3_gaaf_s1234_r1
2016,1.245036822841573,1.2313337777229738,True,0.16707919988626163,gaaf,3,0.01/pi,burgers,0.016840950487340463,0.01652022481111009,0.9809556071985683,True,1234,1.0,MS_hard_burgers_n3_gaaf_s1234_r1
2016,0.500144145295721,0.500605687552489,True,0.03833802329737948,gaaf,3,0.01/pi,burgers,3.70425406377563e-06,1.6396309070465232e-05,4.426345706361455,False,2025,0.0,MS_hard_burgers_n3_gaaf_s2025
2016,0.5023917063806028,0.5028308835287745,True,0.03833802329737948,gaaf,3,0.01/pi,burgers,2.9227509926194613e-06,1.9660148492994757e-05,6.726590305722457,False,2025,0.04,MS_hard_burgers_n3_gaaf_s2025
2016,0.5086916368329514,0.5090860612417397,True,0.03833802329737948,gaaf,3,0.01/pi,burgers,2.367279058804143e-06,1.6928357717948224e-05,7.150976837728532,False,2025,0.08,MS_hard_burgers_n3_gaaf_s2025
2016,0.5195534572740266,0.5199216222405907,True,0.03833802329737948,gaaf,3,0.01/pi,burgers,1.9580371177122484e-06,1.1013060262733042e-05,5.624541109619309,False,2025,0.12,MS_hard_burgers_n3_gaaf_s2025
2016,0.5359988327111411,0.5363881726266284,True,0.03833802329737948,gaaf,3,0.01/pi,burgers,1.6445752252270005e-06,7.797895626409792e-06,4.741586463661734,False,2025,0.16,MS_hard_burgers_n3_gaaf_s2025
2016,0.5598952651542854,0.5603735058710426,True,0.03833802329737948,gaaf,3,0.01/pi,burgers,1.3980284947447014e-06,1.2408863694182719e-05,8.875973373095476,False,2025,0.2,MS_hard_burgers_n3_gaaf_s2025
2016,0.5947227450212248,0.5952710052726342,True,0.03833802329737948,gaaf,3,0.01/pi,burgers,4.715218951839874e-06,2.1671267814602116e-05,4.596025770159837,False,2025,0.24,MS_hard_burgers_n3_gaaf_s2025
2016,0.6473771265198471,0.6478989431379392,True,0.03833802329737948,gaaf,3,0.01/pi,burgers,0.00010613525437437981,0.00012832354381726911,1.2090567321261858,False,2025,0.28,MS_hard_burgers_n3_gaaf_s2025
2016,0.7315459931206041,0.7321635254267846,True,0.03833802329737948,gaaf,3,0.01/pi,burgers,0.0011217209488575835,0.001258026391308252,1.1215145732898086,False,2025,0.32,MS_hard_burgers_n3_gaaf_s2025
2016,0.8615805549292378,0.8589718140901083,True,0.03833802329737948,gaaf,3,0.01/pi,burgers,0.004912396807581136,0.004953322837973266,1.00833117355849,False,2025,0.36,MS_hard_burgers_n3_gaaf_s2025
2016,1.0046814644983904,0.9958943390705283,True,0.03833802329737948,gaaf,3,0.01/pi,burgers,0.010169265071761309,0.009865749994944361,0.9701536861636375,False,2025,0.4,MS_hard_burgers_n3_gaaf_s2025
2016,1.1074893227186535,1.0974570550709304,True,0.03833802329737948,gaaf,3,0.01/pi,burgers,0.013869006723315215,0.013529059627370912,0.9754887208055919,False,2025,0.44,MS_hard_burgers_n3_gaaf_s2025
2016,1.1718577303722955,1.1612209062509566,True,0.03833802329737948,gaaf,3,0.01/pi,burgers,0.01605401329537946,0.015723442026186404,0.9794088080587178,False,2025,0.48,MS_hard_burgers_n3_gaaf_s2025
2016,1.212377579712704,1.2011390688227082,True,0.03833802329737948,gaaf,3,0.01/pi,burgers,0.017352095779541634,0.017025879737521146,0.9812001935578812,False,2025,0.52,MS_hard_burgers_n3_gaaf_s2025
2016,1.2379432584409522,1.22656524672327,True,0.03833802329737948,gaaf,3,0.01/pi,burgers,0.01811331876292011,0.01780248787215485,0.9828396499375055,False,2025,0.56,MS_hard_burgers_n3_gaaf_s2025
2016,1.2537616513164085,1.242515663908575,True,0.03833802329737948,gaaf,3,0.01/pi,burgers,0.018530805873560714,0.018235013780806292,0.9840378181730105,False,2025,0.6,MS_hard_burgers_n3_gaaf_s2025
2016,1.263049413251328,1.2521299692091716,True,0.03833802329737948,gaaf,3,0.01/pi,burgers,0.018719770145173256,0.018433411204635937,0.9847028602212216,False,2025,0.64,MS_hard_burgers_n3_gaaf_s2025
2016,1.2678678757222086,1.2576011990096716,True,0.03833802329737948,gaaf,3,0.01/pi,burgers,0.018752534424949636,0.018475339140893082,0.9852182495562971,False,2025,0.68,MS_hard_burgers_n3_gaaf_s2025
2016,1.2695752376845033,1.260438625447807,True,0.03833802329737948,gaaf,3,0.01/pi,burgers,0.018676208644799103,0.0184162809522173,0.9860824165372459,False,2025,0.72,MS_hard_burgers_n3_gaaf_s2025
2016,1.2690874646987593,1.2615958776855085,True,0.03833802329737948,gaaf,3,0.01/pi,burgers,0.018522414477381174,0.018293249188704175,0.9876276773226921,False,2025,0.76,MS_hard_burgers_n3_gaaf_s2025
2016,1.2670348234859754,1.2615987738998615,True,0.03833802329737948,gaaf,3,0.01/pi,burgers,0.018312926614131676,0.01812798432301121,0.9899009975293763,False,2025,0.8,MS_hard_burgers_n3_gaaf_s2025
2016,1.2638587087570161,1.2606722499148961,True,0.03833802329737948,gaaf,3,0.01/pi,burgers,0.018063077332299865,0.017930513020536453,0.9926610339243599,False,2025,0.84,MS_hard_burgers_n3_gaaf_s2025
2016,1.259873109394413,1.258866475855901,True,0.03833802329737948,gaaf,3,0.01/pi,burgers,0.017783878635257412,0.01770365260933565,0.9954888341532703,False,2025,0.88,MS_hard_burgers_n3_gaaf_s2025
2016,1.2553045177222741,1.256163280509545,True,0.03833802329737948,gaaf,3,0.01/pi,burgers,0.017483381737177846,0.01744746256629449,0.9979455249891974,False,2025,0.92,MS_hard_burgers_n3_gaaf_s2025
2016,1.250318361712412,1.2525641794684617,True,0.03833802329737948,gaaf,3,0.01/pi,burgers,0.0171675688500158,0.017162876926050934,0.9997266984040749,False,2025,0.96,MS_hard_burgers_n3_gaaf_s2025
2016,1.245036822841573,1.2481541124094784,True,0.03833802329737948,gaaf,3,0.01/pi,burgers,0.016840950487340463,0.016853871149773006,1.0007672169360189,False,2025,1.0,MS_hard_burgers_n3_gaaf_s2025
2016,0.500144145295721,0.5003136671847606,True,0.020672073604304144,gaaf,3,0.01/pi,burgers,3.70425406377563e-06,1.1505598591163684e-05,3.1060500692105304,False,777,0.0,MS_hard_burgers_n3_gaaf_s777
2016,0.5023917063806028,0.5025895320037933,True,0.020672073604304144,gaaf,3,0.01/pi,burgers,2.9227509926194613e-06,1.1306807297759341e-05,3.8685496391281093,False,777,0.04,MS_hard_burgers_n3_gaaf_s777
2016,0.5086916368329514,0.5089338404817643,True,0.020672073604304144,gaaf,3,0.01/pi,burgers,2.367279058804143e-06,9.862354451656963e-06,4.1661140096592755,False,777,0.08,MS_hard_burgers_n3_gaaf_s777
2016,0.5195534572740266,0.5198700896183938,True,0.020672073604304144,gaaf,3,0.01/pi,burgers,1.9580371177122484e-06,8.043669733028666e-06,4.108027197373466,False,777,0.12,MS_hard_burgers_n3_gaaf_s777
2016,0.5359988327111411,0.5364214119647682,True,0.020672073604304144,gaaf,3,0.01/pi,burgers,1.6445752252270005e-06,6.905674056137779e-06,4.199062438864473,False,777,0.16,MS_hard_burgers_n3_gaaf_s777
2016,0.5598952651542854,0.5604347530301835,True,0.020672073604304144,gaaf,3,0.01/pi,burgers,1.3980284947447014e-06,6.653409349455184e-06,4.7591371524013075,False,777,0.2,MS_hard_burgers_n3_gaaf_s777
2016,0.5947227450212248,0.5953143515111963,True,0.020672073604304144,gaaf,3,0.01/pi,burgers,4.715218951839874e-06,1.066734770800265e-05,2.2623228776768176,False,777,0.24,MS_hard_burgers_n3_gaaf_s777
2016,0.6473771265198471,0.6479644968755051,True,0.020672073604304144,gaaf,3,0.01/pi,burgers,0.00010613525437437981,0.00013011346369849747,1.2259212498755343,False,777,0.28,MS_hard_burgers_n3_gaaf_s777
2016,0.7315459931206041,0.732244506028744,True,0.020672073604304144,gaaf,3,0.01/pi,burgers,0.0011217209488575835,0.0011841224773410334,1.0556301712533787,False,777,0.32,MS_hard_burgers_n3_gaaf_s777
2016,0.8615805549292378,0.8614535896708543,True,0.020672073604304144,gaaf,3,0.01/pi,burgers,0.004912396807581136,0.004888942288616662,0.9952254429185612,False,777,0.36,MS_hard_burgers_n3_gaaf_s777
2016,1.0046814644983904,1.004305170435653,True,0.020672073604304144,gaaf,3,0.01/pi,burgers,0.010169265071761309,0.010119520770290585,0.9951083680954628,False,777,0.4,MS_hard_burgers_n3_gaaf_s777
2016,1.1074893227186535,1.107934692669318,True,0.020672073604304144,gaaf,3,0.01/pi,burgers,0.013869006723315215,0.013918578246506339,1.0035742662888605,False,777,0.44,MS_hard_burgers_n3_gaaf_s777
2016,1.1718577303722955,1.1709975004788893,True,0.020672073604304144,gaaf,3,0.01/pi,burgers,0.01605401329537946,0.01608527412360057,1.0019472282504032,False,777,0.48,MS_hard_burgers_n3_gaaf_s777
2016,1.212377579712704,1.210020183817568,True,0.020672073604304144,gaaf,3,0.01/pi,burgers,0.017352095779541634,0.017324778217054505,0.9984256908886282,False,777,0.52,MS_hard_burgers_n3_gaaf_s777
2016,1.2379432584409522,1.2348819631441825,True,0.020672073604304144,gaaf,3,0.01/pi,burgers,0.01811331876292011,0.01804703719991853,0.9963407278440182,False,777,0.56,MS_hard_burgers_n3_gaaf_s777
2016,1.2537616513164085,1.2504390318401635,True,0.020672073604304144,gaaf,3,0.01/pi,burgers,0.018530805873560714,0.018442985504816527,0.9952608445988047,False,777,0.6,MS_hard_burgers_n3_gaaf_s777
2016,1.263049413251328,1.259582004103309,True,0.020672073604304144,gaaf,3,0.01/pi,burgers,0.018719770145173256,0.01861851153194766,0.9945908196286425,False,777,0.64,MS_hard_burgers_n3_gaaf_s777
2016,1.2678678757222086,1.2643331143346448,True,0.020672073604304144,gaaf,3,0.01/pi,burgers,0.018752534424949636,0.01864364633218998,0.9941934199243605,False,777,0.68,MS_hard_burgers_n3_gaaf_s777
2016,1.2695752376845033,1.2661316005459902,True,0.020672073604304144,gaaf,3,0.01/pi,burgers,0.018676208644799103,0.018567297698518746,0.9941684659690988,False,777,0.72,MS_hard_burgers_n3_gaaf_s777
2016,1.2690874646987593,1.2659507692363448,True,0.020672073604304144,gaaf,3,0.01/pi,burgers,0.018522414477381174,0.018423221194648516,0.9946446893922071,False,777,0.76,MS_hard_burgers_n3_gaaf_s777
2016,1.2670348234859754,1.264410142896002,True,0.020672073604304144,gaaf,3,0.01/pi,burgers,0.018312926614131676,0.018233503078872382,0.995662979657331,False,777,0.8,MS_hard_burgers_n3_gaaf_s777
2016,1.2638587087570161,1.2618707024372096,True,0.020672073604304144,gaaf,3,0.01/pi,burgers,0.018063077332299865,0.018010354297872278,0.9970811709733807,False,777,0.84,MS_hard_burgers_n3_gaaf_s777
2016,1.259873109394413,1.2585159102733239,True,0.020672073604304144,gaaf,3,0.01/pi,burgers,0.017783878635257412,0.017757932382554964,0.9985410239670097,False,777,0.88,MS_hard_burgers_n3_gaaf_s777
2016,1.2553045177222741,1.2543914606551052,True,0.020672073604304144,gaaf,3,0.01/pi,burgers,0.017483381737177846,0.017474050928695296,0.9994663041382487,False,777,0.92,MS_hard_burgers_n3_gaaf_s777
2016,1.250318361712412,1.24943305738084,True,0.020672073604304144,gaaf,3,0.01/pi,burgers,0.0171675688500158,0.017152553247019017,0.9991253506464448,False,777,0.96,MS_hard_burgers_n3_gaaf_s777
2016,1.245036822841573,1.2434822173276059,True,0.020672073604304144,gaaf,3,0.01/pi,burgers,0.016840950487340463,0.01678552949981125,0.9967091532291555,False,777,1.0,MS_hard_burgers_n3_gaaf_s777
2016,0.500144145295721,0.6111001747066163,True,0.4334949478844529,gaaf,4,0.01/pi,burgers,3.70425406377563e-06,0.00196473789447593,530.4004154815814,False,1234,0.0,MS_hard_burgers_n4_gaaf_s1234
2016,0.5023917063806028,0.610979439450167,True,0.4334949478844529,gaaf,4,0.01/pi,burgers,2.9227509926194613e-06,0.0019650551397284934,672.3306722641292,False,1234,0.04,MS_hard_burgers_n4_gaaf_s1234
2016,0.5086916368329514,0.6108611131307249,True,0.4334949478844529,gaaf,4,0.01/pi,burgers,2.367279058804143e-06,0.0019650928831154465,830.1061405528316,False,1234,0.08,MS_hard_burgers_n4_gaaf_s1234
2016,0.5195534572740266,0.6107455485701404,True,0.4334949478844529,gaaf,4,0.01/pi,burgers,1.9580371177122484e-06,0.0019649056212865516,1003.5078515683749,False,1234,0.12,MS_hard_burgers_n4_gaaf_s1234
2016,0.5359988327111411,0.6106338507236572,True,0.4334949478844529,gaaf,4,0.01/pi,burgers,1.6445752252270005e-06,0.0019645707119619322,1194.5763756052952,False,1234,0.16,MS_hard_burgers_n4_gaaf_s1234
2016,0.5598952651542854,0.6105244543130617,True,0.4334949478844529,gaaf,4,0.01/pi,burgers,1.3980284947447014e-06,0.0019640845316444967,1404.8959223847326,False,1234,0.2,MS_hard_burgers_n4_gaaf_s1234
2016,0.5947227450212248,0.6104185833421638,True,0.4334949478844529,gaaf,4,0.01/pi,burgers,4.715218951839874e-06,0.00196352451352966,416.4227650051107,False,1234,0.24,MS_hard_burgers_n4_gaaf_s1234
2016,0.6473771265198471,0.6103160417073913,True,0.4334949478844529,gaaf,4,0.01/pi,burgers,0.00010613525437437981,0.0019629253623497838,18.494565014427646,False,1234,0.28,MS_hard_burgers_n4_gaaf_s1234
2016,0.7315459931206041,0.6102156654028912,True,0.4334949478844529,gaaf,4,0.01/pi,burgers,0.0011217209488575835,0.001962291688051791,1.7493581536925797,False,1234,0.32,MS_hard_burgers_n4_gaaf_s1234
2016,0.8615805549292378,0.6101192040840716,True,0.4334949478844529,gaaf,4,0.01/pi,burgers,0.004912396807581136,0.0019617033366523813,0.39933731200723666,False,1234,0.36,MS_hard_burgers_n4_gaaf_s1234
2016,1.0046814644983904,0.610025607105741,True,0.4334949478844529,gaaf,4,0.01/pi,burgers,0.010169265071761309,0.0019611564859086284,0.19285134885061636,False,1234,0.4,MS_hard_burgers_n4_gaaf_s1234
2016,1.1074893227186535,0.6099347621252842,True,0.4334949478844529,gaaf,4,0.01/pi,burgers,0.013869006723315215,0.0019606725139356233,0.14137079554799933,False,1234,0.44,MS_hard_burgers_n4_gaaf_s1234
2016,1.1718577303722955,0.6098479367679879,True,0.4334949478844529,gaaf,4,0.01/pi,burgers,0.01605401329537946,0.0019603042578185898,0.12210680418352396,False,1234,0.48,MS_hard_burgers_n4_gaaf_s1234
2016,1.212377579712704,0.6097633350448295,True,0.4334949478844529,gaaf,4,0.01/pi,burgers,0.017352095779541634,0.0019600143216543893,0.11295548079934378,False,1234,0.52,MS_hard_burgers_n4_gaaf_s1234
2016,1.2379432584409522,0.609681938473129,True,0.4334949478844529,gaaf,4,0.01/pi,burgers,0.01811331876292011,0.00195983889840964,0.10819877483863634,False,1234,0.56,MS_hard_burgers_n4_gaaf_s1234
2016,1.2537616513164085,0.6096043308370851,True,0.4334949478844529,gaaf,4,0.01/pi,burgers,0.018530805873560714,0.001959792085937881,0.10575859999343379,False,1234,0.6,MS_hard_burgers_n4_gaaf_s1234
2016,1.263049413251328,0.6095289757317139,True,0.4334949478844529,gaaf,4,0.01/pi,burgers,0.018719770145173256,0.001959828889812337,0.10469299967968161,False,1234,0.64,MS_hard_burgers_n4_gaaf_s1234
2016,1.2678678757222086,0.6094574593119516,True,0.4334949478844529,gaaf,4,0.01/pi,burgers,0.018752534424949636,0.001959982298288129,0.10451826157857555,False,1234,0.68,MS_hard_burgers_n4_gaaf_s1234
2016,1.2695752376845033,0.609389080160877,True,0.4334949478844529,gaaf,4,0.01/pi,burgers,0.018676208644799103,0.0019602236256827496,0.1049583276222729,False,1234,0.72,MS_hard_burgers_n4_gaaf_s1234
2016,1.2690874646987593,0.6093229756151746,True,0.4334949478844529,gaaf,4,0.01/pi,burgers,0.018522414477381174,0.0019605101227523733,0.10584527871063835,False,1234,0.76,MS_hard_burgers_n4_gaaf_s1234
2016,1.2670348234859754,0.6092610386028565,True,0.4334949478844529,gaaf,4,0.01/pi,burgers,0.018312926614131676,0.001960872918900594,0.10707589017407147,False,1234,0.8,MS_hard_burgers_n4_gaaf_s1234
2016,1.2638587087570161,0.6092016714204911,True,0.4334949478844529,gaaf,4,0.01/pi,burgers,0.018063077332299865,0.0019612423197842327,0.10857741921290437,False,1234,0.84,MS_hard_burgers_n4_gaaf_s1234
2016,1.259873109394413,0.6091453275820163,True,0.4334949478844529,gaaf,4,0.01/pi,burgers,0.017783878635257412,0.0019616035107408447,0.11030234466692038,False,1234,0.88,MS_hard_burgers_n4_gaaf_s1234
2016,1.2553045177222741,0.6090929437448608,True,0.4334949478844529,gaaf,4,0.01/pi,burgers,0.017483381737177846,0.0019619573711041494,0.11221841406872164,False,1234,0.92,MS_hard_burgers_n4_gaaf_s1234
2016,1.250318361712412,0.6090426607295805,True,0.4334949478844529,gaaf,4,0.01/pi,burgers,0.0171675688500158,0.0019622207752983812,0.11429811596745543,False,1234,0.96,MS_hard_burgers_n4_gaaf_s1234
2016,1.245036822841573,0.6089959800871486,True,0.4334949478844529,gaaf,4,0.01/pi,burgers,0.016840950487340463,0.0019624053418043196,0.11652580673991544,False,1234,1.0,MS_hard_burgers_n4_gaaf_s1234
2016,0.500144145295721,0.5001377911139091,True,0.004663328232633545,gaaf,4,0.01/pi,burgers,3.70425406377563e-06,2.9848503692019914e-06,0.8057898615516742,True,1234,0.0,MS_hard_burgers_n4_gaaf_s1234_r1
2016,0.5023917063806028,0.5023592384854684,True,0.004663328232633545,gaaf,4,0.01/pi,burgers,2.9227509926194613e-06,2.9086971519779365e-06,0.9951915709969773,True,1234,0.04,MS_hard_burgers_n4_gaaf_s1234_r1
2016,0.5086916368329514,0.508637328331815,True,0.004663328232633545,gaaf,4,0.01/pi,burgers,2.367279058804143e-06,2.5811655998697718e-06,1.0903512157851285,True,1234,0.08,MS_hard_burgers_n4_gaaf_s1234_r1
2016,0.5195534572740266,0.5195149164476845,True,0.004663328232633545,gaaf,4,0.01/pi,burgers,1.9580371177122484e-06,2.3088328984603467e-06,1.1791568594766808,True,1234,0.12,MS_hard_burgers_n4_gaaf_s1234_r1
2016,0.5359988327111411,0.5360089371482993,True,0.004663328232633545,gaaf,4,0.01/pi,burgers,1.6445752252270005e-06,2.1391677573780245e-06,1.3007418113590732,True,1234,0.16,MS_hard_burgers_n4_gaaf_s1234_r1
2016,0.5598952651542854,0.5599429917481002,True,0.004663328232633545,gaaf,4,0.01/pi,burgers,1.3980284947447014e-06,1.982895124537043e-06,1.418351007859211,True,1234,0.2,MS_hard_burgers_n4_gaaf_s1234_r1
2016,0.5947227450212248,0.5946988415419707,True,0.004663328232633545,gaaf,4,0.01/pi,burgers,4.715218951839874e-06,6.999349719075653e-06,1.4844166921123596,True,1234,0.24,MS_hard_burgers_n4_gaaf_s1234_r1
2016,0.6473771265198471,0.6470597018834503,True,0.004663328232633545,gaaf,4,0.01/pi,burgers,0.00010613525437437981,0.00013181210278494107,1.2419257254520648,True,1234,0.28,MS_hard_burgers_n4_gaaf_s1234_r1
2016,0.7315459931206041,0.7304427037403814,True,0.004663328232633545,gaaf,4,0.01/pi,burgers,0.0011217209488575835,0.0011742725718730728,1.0468491054473132,True,1234,0.32,MS_hard_burgers_n4_gaaf_s1234_r1
2016,0.8615805549292378,0.8582404347174795,True,0.004663328232633545,gaaf,4,0.01/pi,burgers,0.004912396807581136,0.004772423451713909,0.9715060974611801,True,1234,0.36,MS_hard_burgers_n4_gaaf_s1234_r1
2016,1.0046814644983904,1.0022938520163074,True,0.004663328232633545,gaaf,4,0.01/pi,burgers,0.010169265071761309,0.009990936011326177,0.9824639185647419,True,1234,0.4,MS_hard_burgers_n4_gaaf_s1234_r1
2016,1.1074893227186535,1.10880709252836,True,0.004663328232633545,gaaf,4,0.01/pi,burgers,0.013869006723315215,0.013911629594703894,1.0030732461407654,True,1234,0.44,MS_hard_burgers_n4_gaaf_s1234_r1
2016,1.1718577303722955,1.1727449176182347,True,0.004663328232633545,gaaf,4,0.01/pi,burgers,0.01605401329537946,0.016139742449106667,1.0053400450186423,True,1234,0.48,MS_hard_burgers_n4_gaaf_s1234_r1
2016,1.212377579712704,1.2110784244793964,True,0.004663328232633545,gaaf,4,0.01/pi,burgers,0.017352095779541634,0.017369626149177274,1.0010102739091786,True,1234,0.52,MS_hard_burgers_n4_gaaf_s1234_r1
2016,1.2379432584409522,1.2351914459765916,True,0.004663328232633545,gaaf,4,0.01/pi,burgers,0.01811331876292011,0.01806796421472765,0.9974960663594513,True,1234,0.56,MS_hard_burgers_n4_gaaf_s1234_r1
2016,1.2537616513164085,1.2505394010128834,True,0.004663328232633545,gaaf,4,0.01/pi,burgers,0.018530805873560714,0.018453044640852605,0.9958036777656251,True,1234,0.6,MS_hard_burgers_n4_gaaf_s1234_r1
2016,1.263049413251328,1.2598852189471506,True,0.004663328232633545,gaaf,4,0.01/pi,burgers,0.018719770145173256,0.018629138722235056,0.9951585183880279,True,1234,0.64,MS_hard_burgers_n4_gaaf_s1234_r1
2016,1.2678678757222086,1.2649875217958757,True,0.004663328232633545,gaaf,4,0.01/pi,burgers,0.018752534424949636,0.018657595748590633,0.9949372882508782,True,1234,0.68,MS_hard_burgers_n4_gaaf_s1234_r1
2016,1.2695752376845033,1.2671666171495986,True,0.004663328232633545,gaaf,4,0.01/pi,burgers,0.018676208644799103,0.01858283542998259,0.9950004191647048,True,1234,0.72,MS_hard_burgers_n4_gaaf_s1234_r1
2016,1.2690874646987593,1.2674189328309229,True,0.004663328232633545,gaaf,4,0.01/pi,burgers,0.018522414477381174,0.018439238798645268,0.9955094580764577,True,1234,0.76,MS_hard_burgers_n4_gaaf_s1234_r1
2016,1.2670348234859754,1.266422914067708,True,0.004663328232633545,gaaf,4,0.01/pi,burgers,0.018312926614131676,0.018251838116204126,0.996664187040404,True,1234,0.8,MS_hard_burgers_n4_gaaf_s1234_r1
2016,1.2638587087570161,1.2645633253408424,True,0.004663328232633545,gaaf,4,0.01/pi,burgers,0.018063077332299865,0.018036416859549795,0.9985240348441405,True,1234,0.84,MS_hard_burgers_n4_gaaf_s1234_r1
2016,1.259873109394413,1.2619881193691707,True,0.004663328232633545,gaaf,4,0.01/pi,burgers,0.017783878635257412,0.017800312478889604,1.0009240865825304,True,1234,0.88,MS_hard_burgers_n4_gaaf_s1234_r1
2016,1.2553045177222741,1.2586755675102312,True,0.004663328232633545,gaaf,4,0.01/pi,burgers,0.017483381737177846,0.01754429857769735,1.0034842710315,True,1234,0.92,MS_hard_burgers_n4_gaaf_s1234_r1
2016,1.250318361712412,1.254500562857144,True,0.004663328232633545,gaaf,4,0.01/pi,burgers,0.0171675688500158,0.017265145509702966,1.0056837785559298,True,1234,0.96,MS_hard_burgers_n4_gaaf_s1234_r1
2016,1.245036822841573,1.2492867518326989,True,0.004663328232633545,gaaf,4,0.01/pi,burgers,0.016840950487340463,0.01695818927681531,1.00696153044111,True,1234,1.0,MS_hard_burgers_n4_gaaf_s1234_r1
2016,0.500144145295721,0.5029891941614182,True,0.5111797960405426,gaaf,4,0.01/pi,burgers,3.70425406377563e-06,3.3540599204413182e-06,0.9054616294387298,False,2025,0.0,MS_hard_burgers_n4_gaaf_s2025
2016,0.5023917063806028,0.5029914482474568,True,0.5111797960405426,gaaf,4,0.01/pi,burgers,2.9227509926194613e-06,3.3322590909146803e-06,1.1401104984069153,False,2025,0.04,MS_hard_burgers_n4_gaaf_s2025
2016,0.5086916368329514,0.5029937376110967,True,0.5111797960405426,gaaf,4,0.01/pi,burgers,2.367279058804143e-06,3.3106031559698576e-06,1.3984845359305655,False,2025,0.08,MS_hard_burgers_n4_gaaf_s2025
2016,0.5195534572740266,0.5029960835617601,True,0.5111797960405426,gaaf,4,0.01/pi,burgers,1.9580371177122484e-06,3.288878697894779e-06,1.6796814872117813,False,2025,0.12,MS_hard_burgers_n4_gaaf_s2025
2016,0.5359988327111411,0.5029984701126212,True,0.5111797960405426,gaaf,4,0.01/pi,burgers,1.6445752252270005e-06,3.2674331809325845e-06,1.9867946025281884,False,2025,0.16,MS_hard_burgers_n4_gaaf_s2025
2016,0.5598952651542854,0.503000914308881,True,0.5111797960405426,gaaf,4,0.01/pi,burgers,1.3980284947447014e-06,3.245975203191121e-06,2.321823350091215,False,2025,0.2,MS_hard_burgers_n4_gaaf_s2025
2016,0.5947227450212248,0.5030034020665316,True,0.5111797960405426,gaaf,4,0.01/pi,burgers,4.715218951839874e-06,3.224807376002836e-06,0.6839146620634698,False,2025,0.24,MS_hard_burgers_n4_gaaf_s2025
2016,0.6473771265198471,0.5030059337265794,True,0.5111797960405426,gaaf,4,0.01/pi,burgers,0.00010613525437437981,3.203510478459398e-06,0.030183283559667987,False,2025,0.28,MS_hard_burgers_n4_gaaf_s2025
2016,0.7315459931206041,0.5030085257852254,True,0.5111797960405426,gaaf,4,0.01/pi,burgers,0.0011217209488575835,3.182751741067549e-06,0.002837382812819019,False,2025,0.32,MS_hard_burgers_n4_gaaf_s2025
2016,0.8615805549292378,0.5030111541588665,True,0.5111797960405426,gaaf,4,0.01/pi,burgers,0.004912396807581136,3.1618150379487732e-06,0.0006436399911890772,False,2025,0.36,MS_hard_burgers_n4_gaaf_s2025
2016,1.0046814644983904,0.5030138295658675,True,0.5111797960405426,gaaf,4,0.01/pi,burgers,0.010169265071761309,3.1408368705320656e-06,0.0003088558365199615,False,2025,0.4,MS_hard_burgers_n4_gaaf_s2025
2016,1.1074893227186535,0.5030165622694158,True,0.5111797960405426,gaaf,4,0.01/pi,burgers,0.013869006723315215,3.1204353334951615e-06,0.00022499342568270528,False,2025,0.44,MS_hard_burgers_n4_gaaf_s2025
2016,1.1718577303722955,0.5030193430548402,True,0.5111797960405426,gaaf,4,0.01/pi,burgers,0.01605401329537946,3.1002501663194187e-06,0.00019311371613300635,False,2025,0.48,MS_hard_burgers_n4_gaaf_s2025
2016,1.212377579712704,0.503022163353306,True,0.5111797960405426,gaaf,4,0.01/pi,burgers,0.017352095779541634,3.079685953702439e-06,0.0001774820743747526,False,2025,0.52,MS_hard_burgers_n4_gaaf_s2025
2016,1.2379432584409522,0.5030250405815737,True,0.5111797960405426,gaaf,4,0.01/pi,burgers,0.01811331876292011,3.059392265968916e-06,0.00016890291094704397,False,2025,0.56,MS_hard_burgers_n4_gaaf_s2025
2016,1.2537616513164085,0.5030279649697732,True,0.5111797960405426,gaaf,4,0.01/pi,burgers,0.018530805873560714,3.0396141932761753e-06,0.00016403032949651803,False,2025,0.6,MS_hard_burgers_n4_gaaf_s2025
2016,1.263049413251328,0.50303093068506,True,0.5111797960405426,gaaf,4,0.01/pi,burgers,0.018719770145173256,3.0195319751587544e-06,0.00016130176555278466,False,2025,0.64,MS_hard_burgers_n4_gaaf_s2025
2016,1.2678678757222086,0.5030339492211494,True,0.5111797960405426,gaaf,4,0.01/pi,burgers,0.018752534424949636,2.9995784025533453e-06,0.0001599558936717644,False,2025,0.68,MS_hard_burgers_n4_gaaf_s2025
2016,1.2695752376845033,0.5030370114173236,True,0.5111797960405426,gaaf,4,0.01/pi,burgers,0.018676208644799103,2.9799303604983265e-06,0.00015955756423443948,False,2025,0.72,MS_hard_burgers_n4_gaaf_s2025
2016,1.2690874646987593,0.5030401275707216,True,0.5111797960405426,gaaf,4,0.01/pi,burgers,0.018522414477381174,2.960204066332312e-06,0.00015981739691373357,False,2025,0.76,MS_hard_burgers_n4_gaaf_s2025
2016,1.2670348234859754,0.5030432847701013,True,0.5111797960405426,gaaf,4,0.01/pi,burgers,0.018312926614131676,2.940783812341235e-06,0.0001605851360793363,False,2025,0.8,MS_hard_burgers_n4_gaaf_s2025
2016,1.2638587087570161,0.5030464959414171,True,0.5111797960405426,gaaf,4,0.01/pi,burgers,0.018063077332299865,2.9212668916780594e-06,0.0001617258697361792,False,2025,0.84,MS_hard_burgers_n4_gaaf_s2025
2016,1.259873109394413,0.5030497550151127,True,0.5111797960405426,gaaf,4,0.01/pi,burgers,0.017783878635257412,2.902398062188029e-06,0.00016320388379359959,False,2025,0.88,MS_hard_burgers_n4_gaaf_s2025
2016,1.2553045177222741,0.5030530642111143,True,0.5111797960405426,gaaf,4,0.01/pi,burgers,0.017483381737177846,2.883291069242363e-06,0.00016491609647298027,False,2025,0.92,MS_hard_burgers_n4_gaaf_s2025
2016,1.250318361712412,0.5030564157413704,True,0.5111797960405426,gaaf,4,0.01/pi,burgers,0.0171675688500158,2.8642982801879455e-06,0.00016684355864315112,False,2025,0.96,MS_hard_burgers_n4_gaaf_s2025
2016,1.245036822841573,0.5030598172196938,True,0.5111797960405426,gaaf,4,0.01/pi,burgers,0.016840950487340463,2.84550078117105e-06,0.0001689631938120147,False,2025,1.0,MS_hard_burgers_n4_gaaf_s2025
2016,0.500144145295721,0.5014851019795564,True,0.04636132322408341,gaaf,4,0.01/pi,burgers,3.70425406377563e-06,7.223723647240647e-05,19.501156029988213,True,2025,0.0,MS_hard_burgers_n4_gaaf_s2025_r1
2016,0.5023917063806028,0.5035158702947191,True,0.04636132322408341,gaaf,4,0.01/pi,burgers,2.9227509926194613e-06,4.747265164923154e-05,16.24245506001353,True,2025,0.04,MS_hard_burgers_n4_gaaf_s2025_r1
2016,0.5086916368329514,0.5099126689336182,True,0.04636132322408341,gaaf,4,0.01/pi,burgers,2.367279058804143e-06,2.780857067325875e-05,11.747060647470331,True,2025,0.08,MS_hard_burgers_n4_gaaf_s2025_r1
2016,0.5195534572740266,0.5213740801241021,True,0.04636132322408341,gaaf,4,0.01/pi,burgers,1.9580371177122484e-06,2.496829853553818e-05,12.751698274602118,True,2025,0.12,MS_hard_burgers_n4_gaaf_s2025_r1
2016,0.5359988327111411,0.5391085094539091,True,0.04636132322408341,gaaf,4,0.01/pi,burgers,1.6445752252270005e-06,2.2599851058260196e-05,13.742059780294174,True,2025,0.16,MS_hard_burgers_n4_gaaf_s2025_r1
2016,0.5598952651542854,0.565338357479579,True,0.04636132322408341,gaaf,4,0.01/pi,burgers,1.3980284947447014e-06,1.6188772701603462e-05,11.579715837308271,True,2025,0.2,MS_hard_burgers_n4_gaaf_s2025_r1
2016,0.5947227450212248,0.6041458443589659,True,0.04636132322408341,gaaf,4,0.01/pi,burgers,4.715218951839874e-06,0.00013767315353786135,29.197616260034206,True,2025,0.24,MS_hard_burgers_n4_gaaf_s2025_r1
2016,0.6473771265198471,0.6619520935971996,True,0.04636132322408341,gaaf,4,0.01/pi,burgers,0.00010613525437437981,0.0007729302436858379,7.282502390387798,True,2025,0.28,MS_hard_burgers_n4_gaaf_s2025_r1
2016,0.7315459931206041,0.744876765277662,True,0.04636132322408341,gaaf,4,0.01/pi,burgers,0.0011217209488575835,0.0024484809569428226,2.182789720951969,True,2025,0.32,MS_hard_burgers_n4_gaaf_s2025_r1
2016,0.8615805549292378,0.850674279699204,True,0.04636132322408341,gaaf,4,0.01/pi,burgers,0.004912396807581136,0.005335000934515202,1.0860280924948642,True,2025,0.36,MS_hard_burgers_n4_gaaf_s2025_r1
2016,1.0046814644983904,0.9641062669113873,True,0.04636132322408341,gaaf,4,0.01/pi,burgers,0.010169265071761309,0.008878811951775745,0.8731026174576785,True,2025,0.4,MS_hard_burgers_n4_gaaf_s2025_r1
2016,1.1074893227186535,1.0670924541796367,True,0.04636132322408341,gaaf,4,0.01/pi,burgers,0.013869006723315215,0.012274956371707738,0.8850638417437843,True,2025,0.44,MS_hard_burgers_n4_gaaf_s2025_r1
2016,1.1718577303722955,1.1484258581953617,True,0.04636132322408341,gaaf,4,0.01/pi,burgers,0.01605401329537946,0.01501614527153898,0.9353514909484228,True,2025,0.48,MS_hard_burgers_n4_gaaf_s2025_r1
2016,1.212377579712704,1.2047283549450374,True,0.04636132322408341,gaaf,4,0.01/pi,burgers,0.017352095779541634,0.01693293836643656,0.9758439891970129,True,2025,0.52,MS_hard_burgers_n4_gaaf_s2025_r1
2016,1.2379432584409522,1.2385448022980987,True,0.04636132322408341,gaaf,4,0.01/pi,burgers,0.01811331876292011,0.018079122555036697,0.9981120959482359,True,2025,0.56,MS_hard_burgers_n4_gaaf_s2025_r1
2016,1.2537616513164085,1.2555064637164455,True,0.04636132322408341,gaaf,4,0.01/pi,burgers,0.018530805873560714,0.01862639994264971,1.0051586568733843,True,2025,0.6,MS_hard_burgers_n4_gaaf_s2025_r1
2016,1.263049413251328,1.261696915387584,True,0.04636132322408341,gaaf,4,0.01/pi,burgers,0.018719770145173256,0.018776385765445852,1.0030243758247852,True,2025,0.64,MS_hard_burgers_n4_gaaf_s2025_r1
2016,1.2678678757222086,1.2620812285809604,True,0.04636132322408341,gaaf,4,0.01/pi,burgers,0.018752534424949636,0.01870165262053137,0.9972866705232882,True,2025,0.68,MS_hard_burgers_n4_gaaf_s2025_r1
2016,1.2695752376845033,1.260000446250575,True,0.04636132322408341,gaaf,4,0.01/pi,burgers,0.018676208644799103,0.01852141274090444,0.9917115991345615,True,2025,0.72,MS_hard_burgers_n4_gaaf_s2025_r1
2016,1.2690874646987593,1.2572903735729115,True,0.04636132322408341,gaaf,4,0.01/pi,burgers,0.018522414477381174,0.018301733532132745,0.9880857355007407,True,2025,0.76,MS_hard_burgers_n4_gaaf_s2025_r1
2016,1.2670348234859754,1.2546451849646703,True,0.04636132322408341,gaaf,4,0.01/pi,burgers,0.018312926614131676,0.018067374233598502,0.9865913086582411,True,2025,0.8,MS_hard_burgers_n4_gaaf_s2025_r1
2016,1.2638587087570161,1.252068950161606,True,0.04636132322408341,gaaf,4,0.01/pi,burgers,0.018063077332299865,0.017818405501815876,0.9864545876661629,True,2025,0.84,MS_hard_burgers_n4_gaaf_s2025_r1
2016,1.259873109394413,1.2493046877772247,True,0.04636132322408341,gaaf,4,0.01/pi,burgers,0.017783878635257412,0.01754656280353406,0.986655563918837,True,2025,0.88,MS_hard_burgers_n4_gaaf_s2025_r1
2016,1.2553045177222741,1.246155843127809,True,0.04636132322408341,gaaf,4,0.01/pi,burgers,0.017483381737177846,0.017248045110710115,0.9865394103952272,True,2025,0.92,MS_hard_burgers_n4_gaaf_s2025_r1
2016,1.250318361712412,1.242633548082384,True,0.04636132322408341,gaaf,4,0.01/pi,burgers,0.0171675688500158,0.016929875077184037,0.9861544884480518,True,2025,0.96,MS_hard_burgers_n4_gaaf_s2025_r1
2016,1.245036822841573,1.2389595834075713,True,0.04636132322408341,gaaf,4,0.01/pi,burgers,0.016840950487340463,0.016609840097937215,0.9862768797059894,True,2025,1.0,MS_hard_burgers_n4_gaaf_s2025_r1
2016,0.500144145295721,0.5007971559236143,True,0.5219021471039058,gaaf,4,0.01/pi,burgers,3.70425406377563e-06,2.530141063569633e-06,0.6830365898257906,False,777,0.0,MS_hard_burgers_n4_gaaf_s777
2016,0.5023917063806028,0.5007935700869458,True,0.5219021471039058,gaaf,4,0.01/pi,burgers,2.9227509926194613e-06,2.447974745959143e-06,0.8375584345504545,False,777,0.04,MS_hard_burgers_n4_gaaf_s777
2016,0.5086916368329514,0.5007898733028477,True,0.5219021471039058,gaaf,4,0.01/pi,burgers,2.367279058804143e-06,2.362307278281727e-06,0.997899791110843,False,777,0.08,MS_hard_burgers_n4_gaaf_s777
2016,0.5195534572740266,0.5007860943126483,True,0.5219021471039058,gaaf,4,0.01/pi,burgers,1.9580371177122484e-06,2.2740177388260358e-06,1.1613762161378105,False,777,0.12,MS_hard_burgers_n4_gaaf_s777
2016,0.5359988327111411,0.5007822360851661,True,0.5219021471039058,gaaf,4,0.01/pi,burgers,1.6445752252270005e-06,2.1830747400967597e-06,1.327439880286066,False,777,0.16,MS_hard_burgers_n4_gaaf_s777
2016,0.5598952651542854,0.5007783083104469,True,0.5219021471039058,gaaf,4,0.01/pi,burgers,1.3980284947447014e-06,2.089854254506715e-06,1.4948581251116417,False,777,0.2,MS_hard_burgers_n4_gaaf_s777
2016,0.5947227450212248,0.5007743227312538,True,0.5219021471039058,gaaf,4,0.01/pi,burgers,4.715218951839874e-06,1.9947710921148616e-06,0.4230495153011938,False,777,0.24,MS_hard_burgers_n4_gaaf_s777
2016,0.6473771265198471,0.5007702991997839,True,0.5219021471039058,gaaf,4,0.01/pi,burgers,0.00010613525437437981,1.8979830961257088e-06,0.01788268287774384,False,777,0.28,MS_hard_burgers_n4_gaaf_s777
2016,0.7315459931206041,0.500766242324697,True,0.5219021471039058,gaaf,4,0.01/pi,burgers,0.0011217209488575835,1.800074923793436e-06,0.0016047439656241794,False,777,0.32,MS_hard_burgers_n4_gaaf_s777
2016,0.8615805549292378,0.5007621704594646,True,0.5219021471039058,gaaf,4,0.01/pi,burgers,0.004912396807581136,1.7011449895639532e-06,0.00034629633073179954,False,777,0.36,MS_hard_burgers_n4_gaaf_s777
2016,1.0046814644983904,0.5007580979805027,True,0.5219021471039058,gaaf,4,0.01/pi,burgers,0.010169265071761309,1.6018133627414681e-06,0.000157515154874809,False,777,0.4,MS_hard_burgers_n4_gaaf_s777
2016,1.1074893227186535,0.5007540423615143,True,0.5219021471039058,gaaf,4,0.01/pi,burgers,0.013869006723315215,1.502779499538933e-06,0.00010835523621259823,False,777,0.44,MS_hard_burgers_n4_gaaf_s777
2016,1.1718577303722955,0.5007500121905639,True,0.5219021471039058,gaaf,4,0.01/pi,burgers,0.01605401329537946,1.403627691159795e-06,8.743157647463617e-05,False,777,0.48,MS_hard_burgers_n4_gaaf_s777
2016,1.212377579712704,0.5007460244631683,True,0.5219021471039058,gaaf,4,0.01/pi,burgers,0.017352095779541634,1.30504642251378e-06,7.520972907793929e-05,False,777,0.52,MS_hard_burgers_n4_gaaf_s777
2016,1.2379432584409522,0.5007420981377199,True,0.5219021471039058,gaaf,4,0.01/pi,burgers,0.01811331876292011,1.2080193566195724e-06,6.669232582007648e-05,False,777,0.56,MS_hard_burgers_n4_gaaf_s777
2016,1.2537616513164085,0.5007382554919065,True,0.5219021471039058,gaaf,4,0.01/pi,burgers,0.018530805873560714,1.1125805742334164e-06,6.0039513760209335e-05,False,777,0.6,MS_hard_burgers_n4_gaaf_s777
2016,1.263049413251328,0.5007345043957613,True,0.5219021471039058,gaaf,4,0.01/pi,burgers,0.018719770145173256,1.0191077314100966e-06,5.4440184014378266e-05,False,777,0.64,MS_hard_burgers_n4_gaaf_s777
2016,1.2678678757222086,0.5007308670683829,True,0.5219021471039058,gaaf,4,0.01/pi,burgers,0.018752534424949636,9.282436218079179e-07,4.949963566380233e-05,False,777,0.68,MS_hard_burgers_n4_gaaf_s777
2016,1.2695752376845033,0.5007273586351154,True,0.5219021471039058,gaaf,4,0.01/pi,burgers,0.018676208644799103,8.405606004614988e-07,4.500702559325796e-05,False,777,0.72,MS_hard_burgers_n4_gaaf_s777
2016,1.2690874646987593,0.5007239991123036,True,0.5219021471039058,gaaf,4,0.01/pi,burgers,0.018522414477381174,7.562494391981986e-07,4.0828880064297224e-05,False,777,0.76,MS_hard_burgers_n4_gaaf_s777
2016,1.2670348234859754,0.5007208111378464,True,0.5219021471039058,gaaf,4,0.01/pi,burgers,0.018312926614131676,6.76206540692138e-07,3.69250942211675e-05,False,777,0.8,MS_hard_burgers_n4_gaaf_s777
2016,1.2638587087570161,0.5007178123720615,True,0.5219021471039058,gaaf,4,0.01/pi,burgers,0.018063077332299865,6.008071823397069e-07,3.326161823297745e-05,False,777,0.84,MS_hard_burgers_n4_gaaf_s777
2016,1.259873109394413,0.5007150160844476,True,0.5219021471039058,gaaf,4,0.01/pi,burgers,0.017783878635257412,5.304191559683181e-07,2.98258420925532e-05,False,777,0.88,MS_hard_burgers_n4_gaaf_s777
2016,1.2553045177222741,0.5007124504457389,True,0.5219021471039058,gaaf,4,0.01/pi,burgers,0.017483381737177846,4.658267762213681e-07,2.66439744452186e-05,False,777,0.92,MS_hard_burgers_n4_gaaf_s777
2016,1.250318361712412,0.5007101310324615,True,0.5219021471039058,gaaf,4,0.01/pi,burgers,0.0171675688500158,4.07445260542408e-07,2.3733428076045434e-05,False,777,0.96,MS_hard_burgers_n4_gaaf_s777
2016,1.245036822841573,0.5007080817187638,True,0.5219021471039058,gaaf,4,0.01/pi,burgers,0.016840950487340463,3.5590414667903874e-07,2.1133257706955198e-05,False,777,1.0,MS_hard_burgers_n4_gaaf_s777
2016,0.500144145295721,0.5001576133958299,True,0.009199207821251923,gaaf,4,0.01/pi,burgers,3.70425406377563e-06,3.702260752764191e-06,0.9994618859891572,True,777,0.0,MS_hard_burgers_n4_gaaf_s777_r1
2016,0.5023917063806028,0.5024188824787015,True,0.009199207821251923,gaaf,4,0.01/pi,burgers,2.9227509926194613e-06,3.7236591906940736e-06,1.2740254643988036,True,777,0.04,MS_hard_burgers_n4_gaaf_s777_r1
2016,0.5086916368329514,0.5087212301830311,True,0.009199207821251923,gaaf,4,0.01/pi,burgers,2.367279058804143e-06,3.207777149855224e-06,1.3550481671880579,True,777,0.08,MS_hard_burgers_n4_gaaf_s777_r1
2016,0.5195534572740266,0.5195873315350927,True,0.009199207821251923,gaaf,4,0.01/pi,burgers,1.9580371177122484e-06,2.8961257069636685e-06,1.4790964281348629,True,777,0.12,MS_hard_burgers_n4_gaaf_s777_r1
2016,0.5359988327111411,0.536041929707827,True,0.009199207821251923,gaaf,4,0.01/pi,burgers,1.6445752252270005e-06,3.0949926194939507e-06,1.8819404378822193,True,777,0.16,MS_hard_burgers_n4_gaaf_s777_r1
2016,0.5598952651542854,0.5599799512143602,True,0.009199207821251923,gaaf,4,0.01/pi,burgers,1.3980284947447014e-06,3.2273061323956785e-06,2.308469494382536,True,777,0.2,MS_hard_burgers_n4_gaaf_s777_r1
2016,0.5947227450212248,0.5949595234801275,True,0.009199207821251923,gaaf,4,0.01/pi,burgers,4.715218951839874e-06,6.76489410677018e-06,1.4346935266135468,True,777,0.24,MS_hard_burgers_n4_gaaf_s777_r1
2016,0.6473771265198471,0.6479222258941062,True,0.009199207821251923,gaaf,4,0.01/pi,burgers,0.00010613525437437981,0.00012530170797768632,1.180585176115931,True,777,0.28,MS_hard_burgers_n4_gaaf_s777_r1
2016,0.7315459931206041,0.7322810735281273,True,0.009199207821251923,gaaf,4,0.01/pi,burgers,0.0011217209488575835,0.001196858652311154,1.0669843097163287,True,777,0.32,MS_hard_burgers_n4_gaaf_s777_r1
2016,0.8615805549292378,0.8612680690803206,True,0.009199207821251923,gaaf,4,0.01/pi,burgers,0.004912396807581136,0.00497366469238122,1.0124720960459732,True,777,0.36,MS_hard_burgers_n4_gaaf_s777_r1
2016,1.0046814644983904,1.0019248464731296,True,0.009199207821251923,gaaf,4,0.01/pi,burgers,0.010169265071761309,0.010109529876070177,0.9941259082864298,True,777,0.4,MS_hard_burgers_n4_gaaf_s777_r1
2016,1.1074893227186535,1.1040709144521226,True,0.009199207821251923,gaaf,4,0.01/pi,burgers,0.013869006723315215,0.013760910009004408,0.9922058791615491,True,777,0.44,MS_hard_burgers_n4_gaaf_s777_r1
2016,1.1718577303722955,1.1687247916899688,True,0.009199207821251923,gaaf,4,0.01/pi,burgers,0.01605401329537946,0.015942774570051096,0.9930709708979512,True,777,0.48,MS_hard_burgers_n4_gaaf_s777_r1
2016,1.212377579712704,1.2097477485962973,True,0.009199207821251923,gaaf,4,0.01/pi,burgers,0.017352095779541634,0.017252354806967227,0.9942519351067666,True,777,0.52,MS_hard_burgers_n4_gaaf_s777_r1
2016,1.2379432584409522,1.2358855947640064,True,0.009199207821251923,gaaf,4,0.01/pi,burgers,0.01811331876292011,0.01803812632982719,0.995848776578324,True,777,0.56,MS_hard_burgers_n4_gaaf_s777_r1
2016,1.2537616513164085,1.252130876415782,True,0.009199207821251923,gaaf,4,0.01/pi,burgers,0.018530805873560714,0.018481023956480585,0.9973135589774238,True,777,0.6,MS_hard_burgers_n4_gaaf_s777_r1
2016,1.263049413251328,1.2616119353151192,True,0.009199207821251923,gaaf,4,0.01/pi,burgers,0.018719770145173256,0.01868421451156975,0.9981006372766456,True,777,0.64,MS_hard_burgers_n4_gaaf_s777_r1
2016,1.2678678757222086,1.2664949443812552,True,0.009199207821251923,gaaf,4,0.01/pi,burgers,0.018752534424949636,0.01871869336000863,0.9981953871314598,True,777,0.68,MS_hard_burgers_n4_gaaf_s777_r1
2016,1.2695752376845033,1.2683055068753615,True,0.009199207821251923,gaaf,4,0.01/pi,burgers,0.018676208644799103,0.018637937611553794,0.9979508135739334,True,777,0.72,MS_hard_burgers_n4_gaaf_s777_r1
2016,1.2690874646987593,1.2680802808427942,True,0.009199207821251923,gaaf,4,0.01/pi,burgers,0.018522414477381174,0.018481493426268432,0.9977907280304783,True,777,0.76,MS_hard_burgers_n4_gaaf_s777_r1
2016,1.2670348234859754,1.2664785960550151,True,0.009199207821251923,gaaf,4,0.01/pi,burgers,0.018312926614131676,0.018276585494293444,0.9980155482188091,True,777,0.8,MS_hard_burgers_n4_gaaf_s777_r1
2016,1.2638587087570161,1.2638676853311976,True,0.009199207821251923,gaaf,4,0.01/pi,burgers,0.018063077332299865,0.018039352233616107,0.9986865417089626,True,777,0.84,MS_hard_burgers_n4_gaaf_s777_r1
2016,1.259873109394413,1.2603828230752943,True,0.009199207821251923,gaaf,4,0.01/pi,burgers,0.017783878635257412,0.017776376807576287,0.9995781669547468,True,777,0.88,MS_hard_burgers_n4_gaaf_s777_r1
2016,1.2553045177222741,1.2559914734145374,True,0.009199207821251923,gaaf,4,0.01/pi,burgers,0.017483381737177846,0.01748736009427106,1.0002275507766758,True,777,0.92,MS_hard_burgers_n4_gaaf_s777_r1
2016,1.250318361712412,1.250577193586599,True,0.009199207821251923,gaaf,4,0.01/pi,burgers,0.0171675688500158,0.017169396666574483,1.0001064691555719,True,777,0.96,MS_hard_burgers_n4_gaaf_s777_r1
2016,1.245036822841573,1.2440351472281201,True,0.009199207821251923,gaaf,4,0.01/pi,burgers,0.016840950487340463,0.016822225962448135,0.9988881551010791,True,777,1.0,MS_hard_burgers_n4_gaaf_s777_r1
2016,0.500144145295721,0.5001271620999534,True,0.02678843465834912,gaaf,5,0.01/pi,burgers,3.70425406377563e-06,2.5900658337923324e-06,0.6992138738864903,False,1234,0.0,MS_hard_burgers_n5_gaaf_s1234
2016,0.5023917063806028,0.5024179441170443,True,0.02678843465834912,gaaf,5,0.01/pi,burgers,2.9227509926194613e-06,4.05361778002412e-06,1.38691862230492,False,1234,0.04,MS_hard_burgers_n5_gaaf_s1234
2016,0.5086916368329514,0.5087426528866994,True,0.02678843465834912,gaaf,5,0.01/pi,burgers,2.367279058804143e-06,4.428616412190059e-06,1.8707622980567502,False,1234,0.08,MS_hard_burgers_n5_gaaf_s1234
2016,0.5195534572740266,0.5196474247659184,True,0.02678843465834912,gaaf,5,0.01/pi,burgers,1.9580371177122484e-06,5.179632945102068e-06,2.645319079116284,False,1234,0.12,MS_hard_burgers_n5_gaaf_s1234
2016,0.5359988327111411,0.5361149563288993,True,0.02678843465834912,gaaf,5,0.01/pi,burgers,1.6445752252270005e-06,6.099624904942187e-06,3.7089363936515927,False,1234,0.16,MS_hard_burgers_n5_gaaf_s1234
2016,0.5598952651542854,0.5599267822082702,True,0.02678843465834912,gaaf,5,0.01/pi,burgers,1.3980284947447014e-06,5.581704945896408e-06,3.9925544914702913,False,1234,0.2,MS_hard_burgers_n5_gaaf_s1234
2016,0.5947227450212248,0.5945222632469455,True,0.02678843465834912,gaaf,5,0.01/pi,burgers,4.715218951839874e-06,4.944685964209494e-06,1.0486651870704926,False,1234,0.24,MS_hard_burgers_n5_gaaf_s1234
2016,0.6473771265198471,0.6468109186320333,True,0.02678843465834912,gaaf,5,0.01/pi,burgers,0.00010613525437437981,0.00013642845644619236,1.2854207327280414,False,1234,0.28,MS_hard_burgers_n5_gaaf_s1234
2016,0.7315459931206041,0.7302139406850402,True,0.02678843465834912,gaaf,5,0.01/pi,burgers,0.0011217209488575835,0.0012244689761929297,1.0915985632968608,False,1234,0.32,MS_hard_burgers_n5_gaaf_s1234
2016,0.8615805549292378,0.8573134928343283,True,0.02678843465834912,gaaf,5,0.01/pi,burgers,0.004912396807581136,0.004812432112159643,0.9796505251230477,False,1234,0.36,MS_hard_burgers_n5_gaaf_s1234
2016,1.0046814644983904,0.9977592091383739,True,0.02678843465834912,gaaf,5,0.01/pi,burgers,0.010169265071761309,0.009819317075789749,0.9655876807712173,False,1234,0.4,MS_hard_burgers_n5_gaaf_s1234
2016,1.1074893227186535,1.103124852667121,True,0.02678843465834912,gaaf,5,0.01/pi,burgers,0.013869006723315215,0.013675412218427312,0.9860412134228438,False,1234,0.44,MS_hard_burgers_n5_gaaf_s1234
2016,1.1718577303722955,1.1684821755579435,True,0.02678843465834912,gaaf,5,0.01/pi,burgers,0.01605401329537946,0.015981697565764695,0.9954954734193737,False,1234,0.48,MS_hard_burgers_n5_gaaf_s1234
2016,1.212377579712704,1.2076053835090277,True,0.02678843465834912,gaaf,5,0.01/pi,burgers,0.017352095779541634,0.017255504475927445,0.9944334502966453,False,1234,0.52,MS_hard_burgers_n5_gaaf_s1234
2016,1.2379432584409522,1.2316898658368762,True,0.02678843465834912,gaaf,5,0.01/pi,burgers,0.01811331876292011,0.017951805183429072,0.9910831592153243,False,1234,0.56,MS_hard_burgers_n5_gaaf_s1234
2016,1.2537616513164085,1.2470755859888836,True,0.02678843465834912,gaaf,5,0.01/pi,burgers,0.018530805873560714,0.01832992648287575,0.9891597056244826,False,1234,0.6,MS_hard_burgers_n5_gaaf_s1234
2016,1.263049413251328,1.2569770022486346,True,0.02678843465834912,gaaf,5,0.01/pi,burgers,0.018719770145173256,0.018517248240678533,0.9891813893587288,False,1234,0.64,MS_hard_burgers_n5_gaaf_s1234
2016,1.2678678757222086,1.2630363395379862,True,0.02678843465834912,gaaf,5,0.01/pi,burgers,0.018752534424949636,0.01857579201484033,0.99057501209681,False,1234,0.68,MS_hard_burgers_n5_gaaf_s1234
2016,1.2695752376845033,1.2661951978793844,True,0.02678843465834912,gaaf,5,0.01/pi,burgers,0.018676208644799103,0.018539257449559466,0.992667077250833,False,1234,0.72,MS_hard_burgers_n5_gaaf_s1234
2016,1.2690874646987593,1.2670924734647824,True,0.02678843465834912,gaaf,5,0.01/pi,burgers,0.018522414477381174,0.018429309723926042,0.994973400818299,False,1234,0.76,MS_hard_burgers_n5_gaaf_s1234
2016,1.2670348234859754,1.266215792295475,True,0.02678843465834912,gaaf,5,0.01/pi,burgers,0.018312926614131676,0.01826146518091448,0.9971898848118855,False,1234,0.8,MS_hard_burgers_n5_gaaf_s1234
2016,1.2638587087570161,1.263947223562458,True,0.02678843465834912,gaaf,5,0.01/pi,burgers,0.018063077332299865,0.01804702268427482,0.9991111897640865,False,1234,0.84,MS_hard_burgers_n5_gaaf_s1234
2016,1.259873109394413,1.260577045487138,True,0.02678843465834912,gaaf,5,0.01/pi,burgers,0.017783878635257412,0.017793868999507086,1.000561765206262,False,1234,0.88,MS_hard_burgers_n5_gaaf_s1234
2016,1.2553045177222741,1.2563099064342196,True,0.02678843465834912,gaaf,5,0.01/pi,burgers,0.017483381737177846,0.017507135993975614,1.0013586763221702,False,1234,0.92,MS_hard_burgers_n5_gaaf_s1234
2016,1.250318361712412,1.251285428234663,True,0.02678843465834912,gaaf,5,0.01/pi,burgers,0.0171675688500158,0.0171904101282371,1.0013304899733244,False,1234,0.96,MS_hard_burgers_n5_gaaf_s1234
2016,1.245036822841573,1.245597508931855,True,0.02678843465834912,gaaf,5,0.01/pi,burgers,0.016840950487340463,0.016846691915125927,1.000340920649923,False,1234,1.0,MS_hard_burgers_n5_gaaf_s1234
2016,0.500144145295721,0.5082197550872533,True,0.28547830788612,gaaf,5,0.01/pi,burgers,3.70425406377563e-06,0.00013901466208479646,37.52838214965827,False,2025,0.0,MS_hard_burgers_n5_gaaf_s2025
2016,0.5023917063806028,0.509978513195669,True,0.28547830788612,gaaf,5,0.01/pi,burgers,2.9227509926194613e-06,0.00012252312146109978,41.92047894962503,False,2025,0.04,MS_hard_burgers_n5_gaaf_s2025
2016,0.5086916368329514,0.516917537255701,True,0.28547830788612,gaaf,5,0.01/pi,burgers,2.367279058804143e-06,0.00010972435293045521,46.35040914267356,False,2025,0.08,MS_hard_burgers_n5_gaaf_s2025
2016,0.5195534572740266,0.5300018543209681,True,0.28547830788612,gaaf,5,0.01/pi,burgers,1.9580371177122484e-06,0.0001139678354718089,58.20514557199396,False,2025,0.12,MS_hard_burgers_n5_gaaf_s2025
2016,0.5359988327111411,0.5506257447261578,True,0.28547830788612,gaaf,5,0.01/pi,burgers,1.6445752252270005e-06,0.00016756002870997334,101.88650913602632,False,2025,0.16,MS_hard_burgers_n5_gaaf_s2025
2016,0.5598952651542854,0.5807154319474801,True,0.28547830788612,gaaf,5,0.01/pi,burgers,1.3980284947447014e-06,0.000341420456235729,244.21566335675934,False,2025,0.2,MS_hard_burgers_n5_gaaf_s2025
2016,0.5947227450212248,0.6226151123386933,True,0.28547830788612,gaaf,5,0.01/pi,burgers,4.715218951839874e-06,0.000776519164372822,164.68358570492788,False,2025,0.24,MS_hard_burgers_n5_gaaf_s2025
2016,0.6473771265198471,0.6783753529504024,True,0.28547830788612,gaaf,5,0.01/pi,burgers,0.00010613525437437981,0.0016949340052102035,15.969566523405318,False,2025,0.28,MS_hard_burgers_n5_gaaf_s2025
2016,0.7315459931206041,0.7477720064106218,True,0.28547830788612,gaaf,5,0.01/pi,burgers,0.0011217209488575835,0.003286398312445633,2.9297824167344513,False,2025,0.32,MS_hard_burgers_n5_gaaf_s2025
2016,0.8615805549292378,0.8262857415675885,True,0.28547830788612,gaaf,5,0.01/pi,burgers,0.004912396807581136,0.005497085513572728,1.1190231019386019,False,2025,0.36,MS_hard_burgers_n5_gaaf_s2025
2016,1.0046814644983904,0.9057135861540379,True,0.28547830788612,gaaf,5,0.01/pi,burgers,0.010169265071761309,0.007984518372402634,0.7851617905579603,False,2025,0.4,MS_hard_burgers_n5_gaaf_s2025
2016,1.1074893227186535,0.9776751991600323,True,0.28547830788612,gaaf,5,0.01/pi,burgers,0.013869006723315215,0.010325758748812548,0.7445204227534113,False,2025,0.44,MS_hard_burgers_n5_gaaf_s2025
2016,1.1718577303722955,1.0371250657011102,True,0.28547830788612,gaaf,5,0.01/pi,burgers,0.01605401329537946,0.012243103757529005,0.7626195102910945,False,2025,0.48,MS_hard_burgers_n5_gaaf_s2025
2016,1.212377579712704,1.083197218394237,True,0.28547830788612,gaaf,5,0.01/pi,burgers,0.017352095779541634,0.013661596915546886,0.7873168226545927,False,2025,0.52,MS_hard_burgers_n5_gaaf_s2025
2016,1.2379432584409522,1.1177662023735357,True,0.28547830788612,gaaf,5,0.01/pi,burgers,0.01811331876292011,0.014640866322742092,0.8082928652872551,False,2025,0.56,MS_hard_burgers_n5_gaaf_s2025
2016,1.2537616513164085,1.1436222576712962,True,0.28547830788612,gaaf,5,0.01/pi,burgers,0.018530805873560714,0.015289348919857695,0.8250773886564832,False,2025,0.6,MS_hard_burgers_n5_gaaf_s2025
2016,1.263049413251328,1.1633577754383944,True,0.28547830788612,gaaf,5,0.01/pi,burgers,0.018719770145173256,0.01571213122642144,0.8393335550902953,False,2025,0.64,MS_hard_burgers_n5_gaaf_s2025
2016,1.2678678757222086,1.1789801820627515,True,0.28547830788612,gaaf,5,0.01/pi,burgers,0.018752534424949636,0.015991839243758042,0.8527828229170678,False,2025,0.68,MS_hard_burgers_n5_gaaf_s2025
2016,1.2695752376845033,1.1919044280295816,True,0.28547830788612,gaaf,5,0.01/pi,burgers,0.018676208644799103,0.01618693744068656,0.8667143181222839,False,2025,0.72,MS_hard_burgers_n5_gaaf_s2025
2016,1.2690874646987593,1.2030568966339747,True,0.28547830788612,gaaf,5,0.01/pi,burgers,0.018522414477381174,0.016335642819269563,0.8819391683097251,False,2025,0.76,MS_hard_burgers_n5_gaaf_s2025
2016,1.2670348234859754,1.2130106112211057,True,0.28547830788612,gaaf,5,0.01/pi,burgers,0.018312926614131676,0.01646182134268711,0.8989181079327806,False,2025,0.8,MS_hard_burgers_n5_gaaf_s2025
2016,1.2638587087570161,1.2220880865499755,True,0.28547830788612,gaaf,5,0.01/pi,burgers,0.018063077332299865,0.01657919796632383,0.9178501349090388,False,2025,0.84,MS_hard_burgers_n5_gaaf_s2025
2016,1.259873109394413,1.2304407442438108,True,0.28547830788612,gaaf,5,0.01/pi,burgers,0.017783878635257412,0.016694860117357768,0.9387637230193074,False,2025,0.88,MS_hard_burgers_n5_gaaf_s2025
2016,1.2553045177222741,1.2381126853871058,True,0.28547830788612,gaaf,5,0.01/pi,burgers,0.017483381737177846,0.016811517424226954,0.9615712610380065,False,2025,0.92,MS_hard_burgers_n5_gaaf_s2025
2016,1.250318361712412,1.245081815557384,True,0.28547830788612,gaaf,5,0.01/pi,burgers,0.0171675688500158,0.016929179649703946,0.9861139802382891,False,2025,0.96,MS_hard_burgers_n5_gaaf_s2025
2016,1.245036822841573,1.2512976824448854,True,0.28547830788612,gaaf,5,0.01/pi,burgers,0.016840950487340463,0.01704627805545627,1.0121921603100819,False,2025,1.0,MS_hard_burgers_n5_gaaf_s2025
2016,0.500144145295721,0.5051395878123174,True,0.07778476697949467,gaaf,5,0.01/pi,burgers,3.70425406377563e-06,3.699376703426168e-05,9.986833083623614,False,777,0.0,MS_hard_burgers_n5_gaaf_s777
2016,0.5023917063806028,0.5078679956450272,True,0.07778476697949467,gaaf,5,0.01/pi,burgers,2.9227509926194613e-06,6.172316204527265e-05,21.118173324082736,False,777,0.04,MS_hard_burgers_n5_gaaf_s777
2016,0.5086916368329514,0.5150063895349627,True,0.07778476697949467,gaaf,5,0.01/pi,burgers,2.367279058804143e-06,8.557481326296136e-05,36.14901798108687,False,777,0.08,MS_hard_burgers_n5_gaaf_s777
2016,0.5195534572740266,0.5273149304936253,True,0.07778476697949467,gaaf,5,0.01/pi,burgers,1.9580371177122484e-06,8.084779425780242e-05,41.290225566440846,False,777,0.12,MS_hard_burgers_n5_gaaf_s777
2016,0.5359988327111411,0.5457796348891932,True,0.07778476697949467,gaaf,5,0.01/pi,burgers,1.6445752252270005e-06,6.39491746468682e-05,38.88491913651521,False,777,0.16,MS_hard_burgers_n5_gaaf_s777
2016,0.5598952651542854,0.5733410528780604,True,0.07778476697949467,gaaf,5,0.01/pi,burgers,1.3980284947447014e-06,0.00010683363215336516,76.41734954256022,False,777,0.2,MS_hard_burgers_n5_gaaf_s777
2016,0.5947227450212248,0.614518991316784,True,0.07778476697949467,gaaf,5,0.01/pi,burgers,4.715218951839874e-06,0.00038551831597767377,81.760427228357,False,777,0.24,MS_hard_burgers_n5_gaaf_s777
2016,0.6473771265198471,0.6740576230478716,True,0.07778476697949467,gaaf,5,0.01/pi,burgers,0.00010613525437437981,0.0012831301464010319,12.089575268505401,False,777,0.28,MS_hard_burgers_n5_gaaf_s777
2016,0.7315459931206041,0.7513210714405154,True,0.07778476697949467,gaaf,5,0.01/pi,burgers,0.0011217209488575835,0.003154978219665139,2.8126230707185473,False,777,0.32,MS_hard_burgers_n5_gaaf_s777
2016,0.8615805549292378,0.8390377401910494,True,0.07778476697949467,gaaf,5,0.01/pi,burgers,0.004912396807581136,0.00575706548025556,1.1719463442714715,False,777,0.36,MS_hard_burgers_n5_gaaf_s777
2016,1.0046814644983904,0.9262915903438343,True,0.07778476697949467,gaaf,5,0.01/pi,burgers,0.010169265071761309,0.008534268590755432,0.8392217658337923,False,777,0.4,MS_hard_burgers_n5_gaaf_s777
2016,1.1074893227186535,1.0028812597485581,True,0.07778476697949467,gaaf,5,0.01/pi,burgers,0.013869006723315215,0.01097841168218648,0.7915787987708341,False,777,0.44,MS_hard_burgers_n5_gaaf_s777
2016,1.1718577303722955,1.0648290779349314,True,0.07778476697949467,gaaf,5,0.01/pi,burgers,0.01605401329537946,0.01288973919751372,0.8028982510699393,False,777,0.48,MS_hard_burgers_n5_gaaf_s777
2016,1.212377579712704,1.1182517656145328,True,0.07778476697949467,gaaf,5,0.01/pi,burgers,0.017352095779541634,0.01445369341403854,0.8329652854429059,False,777,0.52,MS_hard_burgers_n5_gaaf_s777
2016,1.2379432584409522,1.1632838083251975,True,0.07778476697949467,gaaf,5,0.01/pi,burgers,0.01811331876292011,0.01570567759996993,0.8670789602687897,False,777,0.56,MS_hard_burgers_n5_gaaf_s777
2016,1.2537616513164085,1.1995773874288809,True,0.07778476697949467,gaaf,5,0.01/pi,burgers,0.018530805873560714,0.016655440566670617,0.898797423075603,False,777,0.6,MS_hard_burgers_n5_gaaf_s777
2016,1.263049413251328,1.2285205272750173,True,0.07778476697949467,gaaf,5,0.01/pi,burgers,0.018719770145173256,0.017362071991016106,0.9274724986670191,False,777,0.64,MS_hard_burgers_n5_gaaf_s777
2016,1.2678678757222086,1.2514175864193662,True,0.07778476697949467,gaaf,5,0.01/pi,burgers,0.018752534424949636,0.017887049124434458,0.9538470224396081,False,777,0.68,MS_hard_burgers_n5_gaaf_s777
2016,1.2695752376845033,1.268879395691941,True,0.07778476697949467,gaaf,5,0.01/pi,burgers,0.018676208644799103,0.018265570027923898,0.9780127420567473,False,777,0.72,MS_hard_burgers_n5_gaaf_s777
2016,1.2690874646987593,1.2812684482100265,True,0.07778476697949467,gaaf,5,0.01/pi,burgers,0.018522414477381174,0.01851336519991724,0.9995114418006904,False,777,0.76,MS_hard_burgers_n5_gaaf_s777
2016,1.2670348234859754,1.2892594694692414,True,0.07778476697949467,gaaf,5,0.01/pi,burgers,0.018312926614131676,0.018645886759576846,1.0181817004163731,False,777,0.8,MS_hard_burgers_n5_gaaf_s777
2016,1.2638587087570161,1.2940361312444404,True,0.07778476697949467,gaaf,5,0.01/pi,burgers,0.018063077332299865,0.018692390423022093,1.0348397495700752,False,777,0.84,MS_hard_burgers_n5_gaaf_s777
2016,1.259873109394413,1.296518235012041,True,0.07778476697949467,gaaf,5,0.01/pi,burgers,0.017783878635257412,0.0186804506812811,1.0504148765526429,False,777,0.88,MS_hard_burgers_n5_gaaf_s777
2016,1.2553045177222741,1.295974109335818,True,0.07778476697949467,gaaf,5,0.01/pi,burgers,0.017483381737177846,0.018596023072057426,1.0636399382914339,False,777,0.92,MS_hard_burgers_n5_gaaf_s777
2016,1.250318361712412,1.2903259410899426,True,0.07778476697949467,gaaf,5,0.01/pi,burgers,0.0171675688500158,0.018383221750746734,1.0708110106533701,False,777,0.96,MS_hard_burgers_n5_gaaf_s777
2016,1.245036822841573,1.2795640140270315,True,0.07778476697949467,gaaf,5,0.01/pi,burgers,0.016840950487340463,0.018037343361830733,1.0710406978151032,False,777,1.0,MS_hard_burgers_n5_gaaf_s777
2016,0.500144145295721,0.5014983047829726,True,0.07755169706957159,gaaf,6,0.01/pi,burgers,3.70425406377563e-06,3.7059291450800484e-05,10.004522047558236,False,1234,0.0,MS_hard_burgers_n6_gaaf_s1234
2016,0.5023917063806028,0.5037678756191312,True,0.07755169706957159,gaaf,6,0.01/pi,burgers,2.9227509926194613e-06,3.3221518940191646e-05,11.366523875650959,False,1234,0.04,MS_hard_burgers_n6_gaaf_s1234
2016,0.5086916368329514,0.5100655643325125,True,0.07755169706957159,gaaf,6,0.01/pi,burgers,2.367279058804143e-06,2.8541858278881638e-05,12.05682032827168,False,1234,0.08,MS_hard_burgers_n6_gaaf_s1234
2016,0.5195534572740266,0.5210215273644233,True,0.07755169706957159,gaaf,6,0.01/pi,burgers,1.9580371177122484e-06,2.1807911840153497e-05,11.137639650893671,False,1234,0.12,MS_hard_burgers_n6_gaaf_s1234
2016,0.5359988327111411,0.537948627283152,True,0.07755169706957159,gaaf,6,0.01/pi,burgers,1.6445752252270005e-06,1.8511738894119155e-05,11.256243320559557,False,1234,0.16,MS_hard_burgers_n6_gaaf_s1234
2016,0.5598952651542854,0.5631489161279059,True,0.07755169706957159,gaaf,6,0.01/pi,burgers,1.3980284947447014e-06,3.6168506950150055e-05,25.871079943012823,False,1234,0.2,MS_hard_burgers_n6_gaaf_s1234
2016,0.5947227450212248,0.6005428490940097,True,0.07755169706957159,gaaf,6,0.01/pi,burgers,4.715218951839874e-06,0.0001711288759676598,36.29288007948931,False,1234,0.24,MS_hard_burgers_n6_gaaf_s1234
2016,0.6473771265198471,0.655982095165477,True,0.07755169706957159,gaaf,6,0.01/pi,burgers,0.00010613525437437981,0.0007798818990352456,7.348000470082284,False,1234,0.28,MS_hard_burgers_n6_gaaf_s1234
2016,0.7315459931206041,0.7340981756537553,True,0.07755169706957159,gaaf,6,0.01/pi,burgers,0.0011217209488575835,0.002432233855214351,2.168305635810278,False,1234,0.32,MS_hard_burgers_n6_gaaf_s1234
2016,0.8615805549292378,0.8298468885541703,True,0.07755169706957159,gaaf,6,0.01/pi,burgers,0.004912396807581136,0.005208687466274604,1.0603148870702408,False,1234,0.36,MS_hard_burgers_n6_gaaf_s1234
2016,1.0046814644983904,0.9262363501038821,True,0.07755169706957159,gaaf,6,0.01/pi,burgers,0.010169265071761309,0.00832937008137041,0.8190729637385457,False,1234,0.4,MS_hard_burgers_n6_gaaf_s1234
2016,1.1074893227186535,1.0078269211092106,True,0.07755169706957159,gaaf,6,0.01/pi,burgers,0.013869006723315215,0.010969234828539766,0.7909171181018583,False,1234,0.44,MS_hard_burgers_n6_gaaf_s1234
2016,1.1718577303722955,1.0712143784885084,True,0.07755169706957159,gaaf,6,0.01/pi,burgers,0.01605401329537946,0.012907002194726451,0.8039735583401593,False,1234,0.48,MS_hard_burgers_n6_gaaf_s1234
2016,1.212377579712704,1.1202527724689644,True,0.07755169706957159,gaaf,6,0.01/pi,burgers,0.017352095779541634,0.014302903408901042,0.8242752685680981,False,1234,0.52,MS_hard_burgers_n6_gaaf_s1234
2016,1.2379432584409522,1.1597905106561655,True,0.07755169706957159,gaaf,6,0.01/pi,burgers,0.01811331876292011,0.01537271902075347,0.8486969849072088,False,1234,0.56,MS_hard_burgers_n6_gaaf_s1234
2016,1.2537616513164085,1.1933124043172398,True,0.07755169706957159,gaaf,6,0.01/pi,burgers,0.018530805873560714,0.016265534910907372,0.877756478692307,False,1234,0.6,MS_hard_burgers_n6_gaaf_s1234
2016,1.263049413251328,1.2226766524835329,True,0.07755169706957159,gaaf,6,0.01/pi,burgers,0.018719770145173256,0.017053730979548903,0.9110010885441386,False,1234,0.64,MS_hard_burgers_n6_gaaf_s1234
2016,1.2678678757222086,1.2485184659250408,True,0.07755169706957159,gaaf,6,0.01/pi,burgers,0.018752534424949636,0.017754374480707675,0.9467719977671956,False,1234,0.68,MS_hard_burgers_n6_gaaf_s1234
2016,1.2695752376845033,1.2707280942318793,True,0.07755169706957159,gaaf,6,0.01/pi,burgers,0.018676208644799103,0.018352227344711522,0.982652726458065,False,1234,0.72,MS_hard_burgers_n6_gaaf_s1234
2016,1.2690874646987593,1.2888205508115378,True,0.07755169706957159,gaaf,6,0.01/pi,burgers,0.018522414477381174,0.01881681610464633,1.0158943439919599,False,1234,0.76,MS_hard_burgers_n6_gaaf_s1234
2016,1.2670348234859754,1.302153553404678,True,0.07755169706957159,gaaf,6,0.01/pi,burgers,0.018312926614131676,0.019112869948346725,1.0436818948205553,False,1234,0.8,MS_hard_burgers_n6_gaaf_s1234
2016,1.2638587087570161,1.3101157323797203,True,0.07755169706957159,gaaf,6,0.01/pi,burgers,0.018063077332299865,0.01920875668230848,1.063426587227191,False,1234,0.84,MS_hard_burgers_n6_gaaf_s1234
2016,1.259873109394413,1.3122582691981586,True,0.07755169706957159,gaaf,6,0.01/pi,burgers,0.017783878635257412,0.019081575258679127,1.072970393581576,False,1234,0.88,MS_hard_burgers_n6_gaaf_s1234
2016,1.2553045177222741,1.3085019564916167,True,0.07755169706957159,gaaf,6,0.01/pi,burgers,0.017483381737177846,0.018723795387622384,1.0709481534574536,False,1234,0.92,MS_hard_burgers_n6_gaaf_s1234
2016,1.250318361712412,1.2992627416920517,True,0.07755169706957159,gaaf,6,0.01/pi,burgers,0.0171675688500158,0.01814646484642999,1.0570200710983775,False,1234,0.96,MS_hard_burgers_n6_gaaf_s1234
2016,1.245036822841573,1.2853666654384481,True,0.07755169706957159,gaaf,6,0.01/pi,burgers,0.016840950487340463,0.01737702492093228,1.0318316020223912,False,1234,1.0,MS_hard_burgers_n6_gaaf_s1234
2016,0.500144145295721,0.500605763082224,True,0.09077188405147331,gaaf,6,0.01/pi,burgers,3.70425406377563e-06,1.6139202010665183e-05,4.35693711413925,False,2025,0.0,MS_hard_burgers_n6_gaaf_s2025
2016,0.5023917063806028,0.5028179308901882,True,0.09077188405147331,gaaf,6,0.01/pi,burgers,2.9227509926194613e-06,1.850808361881239e-05,6.332418897658081,False,2025,0.04,MS_hard_burgers_n6_gaaf_s2025
2016,0.5086916368329514,0.5090604694402338,True,0.09077188405147331,gaaf,6,0.01/pi,burgers,2.367279058804143e-06,1.7611614982705085e-05,7.439602406486791,False,2025,0.08,MS_hard_burgers_n6_gaaf_s2025
2016,0.5195534572740266,0.5199025589801758,True,0.09077188405147331,gaaf,6,0.01/pi,burgers,1.9580371177122484e-06,1.4442398681443036e-05,7.375957560149521,False,2025,0.12,MS_hard_burgers_n6_gaaf_s2025
2016,0.5359988327111411,0.5363749254694861,True,0.09077188405147331,gaaf,6,0.01/pi,burgers,1.6445752252270005e-06,1.102756792708133e-05,6.705420194785676,False,2025,0.16,MS_hard_burgers_n6_gaaf_s2025
2016,0.5598952651542854,0.56029643644037,True,0.09077188405147331,gaaf,6,0.01/pi,burgers,1.3980284947447014e-06,1.1382348157313243e-05,8.141713992311589,False,2025,0.2,MS_hard_burgers_n6_gaaf_s2025
2016,0.5947227450212248,0.5949489628830616,True,0.09077188405147331,gaaf,6,0.01/pi,burgers,4.715218951839874e-06,2.4516489456595954e-05,5.199438182405006,False,2025,0.24,MS_hard_burgers_n6_gaaf_s2025
2016,0.6473771265198471,0.646591558772481,True,0.09077188405147331,gaaf,6,0.01/pi,burgers,0.00010613525437437981,0.00014618387426135892,1.3773356941861397,False,2025,0.28,MS_hard_burgers_n6_gaaf_s2025
2016,0.7315459931206041,0.7276114934497827,True,0.09077188405147331,gaaf,6,0.01/pi,burgers,0.0011217209488575835,0.00110436389343824,0.9845264052195684,False,2025,0.32,MS_hard_burgers_n6_gaaf_s2025
2016,0.8615805549292378,0.852931904055195,True,0.09077188405147331,gaaf,6,0.01/pi,burgers,0.004912396807581136,0.004611523341904862,0.9387522064154211,False,2025,0.36,MS_hard_burgers_n6_gaaf_s2025
2016,1.0046814644983904,0.997699099807672,True,0.09077188405147331,gaaf,6,0.01/pi,burgers,0.010169265071761309,0.00983101071376731,0.9667375807782526,False,2025,0.4,MS_hard_burgers_n6_gaaf_s2025
2016,1.1074893227186535,1.1063840765675634,True,0.09077188405147331,gaaf,6,0.01/pi,burgers,0.013869006723315215,0.013767449999941412,0.9926774335466234,False,2025,0.44,MS_hard_burgers_n6_gaaf_s2025
2016,1.1718577303722955,1.1724300450562894,True,0.09077188405147331,gaaf,6,0.01/pi,burgers,0.01605401329537946,0.01604924717336626,0.9997031195922474,False,2025,0.48,MS_hard_burgers_n6_gaaf_s2025
2016,1.212377579712704,1.2127838132619897,True,0.09077188405147331,gaaf,6,0.01/pi,burgers,0.017352095779541634,0.01737206860384997,1.001151032391827,False,2025,0.52,MS_hard_burgers_n6_gaaf_s2025
2016,1.2379432584409522,1.2378724504919758,True,0.09077188405147331,gaaf,6,0.01/pi,burgers,0.01811331876292011,0.01813488861835117,1.00119082845686,False,2025,0.56,MS_hard_burgers_n6_gaaf_s2025
2016,1.2537616513164085,1.253063607714112,True,0.09077188405147331,gaaf,6,0.01/pi,burgers,0.018530805873560714,0.018533824188609757,1.0001628809383487,False,2025,0.6,MS_hard_burgers_n6_gaaf_s2025
2016,1.263049413251328,1.2616657844619892,True,0.09077188405147331,gaaf,6,0.01/pi,burgers,0.018719770145173256,0.018690993259240604,0.9984627543121799,False,2025,0.64,MS_hard_burgers_n6_gaaf_s2025
2016,1.2678678757222086,1.2659121742222665,True,0.09077188405147331,gaaf,6,0.01/pi,burgers,0.018752534424949636,0.018690738179148944,0.9967046456548042,False,2025,0.68,MS_hard_burgers_n6_gaaf_s2025
2016,1.2695752376845033,1.2673025076413034,True,0.09077188405147331,gaaf,6,0.01/pi,burgers,0.018676208644799103,0.01859026144340745,0.9953980380586728,False,2025,0.72,MS_hard_burgers_n6_gaaf_s2025
2016,1.2690874646987593,1.2668234917771735,True,0.09077188405147331,gaaf,6,0.01/pi,burgers,0.018522414477381174,0.018426936659143307,0.9948452822738385,False,2025,0.76,MS_hard_burgers_n6_gaaf_s2025
2016,1.2670348234859754,1.2651040232214388,True,0.09077188405147331,gaaf,6,0.01/pi,burgers,0.018312926614131676,0.018223911384307755,0.9951392133163888,False,2025,0.8,MS_hard_burgers_n6_gaaf_s2025
2016,1.2638587087570161,1.2625352222574406,True,0.09077188405147331,gaaf,6,0.01/pi,burgers,0.018063077332299865,0.01799478578247171,0.9962192737941704,False,2025,0.84,MS_hard_burgers_n6_gaaf_s2025
2016,1.259873109394413,1.259345498929957,True,0.09077188405147331,gaaf,6,0.01/pi,burgers,0.017783878635257412,0.01774672439128144,0.9979107907370492,False,2025,0.88,MS_hard_burgers_n6_gaaf_s2025
2016,1.2553045177222741,1.255653352276417,True,0.09077188405147331,gaaf,6,0.01/pi,burgers,0.017483381737177846,0.01748273325448823,0.9999629086237797,False,2025,0.92,MS_hard_burgers_n6_gaaf_s2025
2016,1.250318361712412,1.251499019192666,True,0.09077188405147331,gaaf,6,0.01/pi,burgers,0.0171675688500158,0.01720301928186684,1.002064965177117,False,2025,0.96,MS_hard_burgers_n6_gaaf_s2025
2016,1.245036822841573,1.2468747561023432,True,0.09077188405147331,gaaf,6,0.01/pi,burgers,0.016840950487340463,0.016906225541862455,1.0038759721175512,False,2025,1.0,MS_hard_burgers_n6_gaaf_s2025
2016,0.500144145295721,0.500853451631112,True,0.06538257434803374,gaaf,6,0.01/pi,burgers,3.70425406377563e-06,2.108394899274963e-05,5.691820439351674,False,777,0.0,MS_hard_burgers_n6_gaaf_s777
2016,0.5023917063806028,0.5031692200993819,True,0.06538257434803374,gaaf,6,0.01/pi,burgers,2.9227509926194613e-06,1.8421609841525594e-05,6.302832464361108,False,777,0.04,MS_hard_burgers_n6_gaaf_s777
2016,0.5086916368329514,0.5095446911329312,True,0.06538257434803374,gaaf,6,0.01/pi,burgers,2.367279058804143e-06,1.5945212691423654e-05,6.735670909655473,False,777,0.08,MS_hard_burgers_n6_gaaf_s777
2016,0.5195534572740266,0.5206078829325146,True,0.06538257434803374,gaaf,6,0.01/pi,burgers,1.9580371177122484e-06,1.3981583254242801e-05,7.140611956620489,False,777,0.12,MS_hard_burgers_n6_gaaf_s777
2016,0.5359988327111411,0.5375482883800557,True,0.06538257434803374,gaaf,6,0.01/pi,burgers,1.6445752252270005e-06,1.3332628879933601e-05,8.10703498108048,False,777,0.16,MS_hard_burgers_n6_gaaf_s777
2016,0.5598952651542854,0.5624228662200419,True,0.06538257434803374,gaaf,6,0.01/pi,burgers,1.3980284947447014e-06,1.7953494761796832e-05,12.84200917884394,False,777,0.2,MS_hard_burgers_n6_gaaf_s777
2016,0.5947227450212248,0.5989395745256212,True,0.06538257434803374,gaaf,6,0.01/pi,burgers,4.715218951839874e-06,5.0041122587398787e-05,10.612682697984319,False,777,0.24,MS_hard_burgers_n6_gaaf_s777
2016,0.6473771265198471,0.6544599055393527,True,0.06538257434803374,gaaf,6,0.01/pi,burgers,0.00010613525437437981,0.0002962683829956097,2.7914229323892448,False,777,0.28,MS_hard_burgers_n6_gaaf_s777
2016,0.7315459931206041,0.7416169991589672,True,0.06538257434803374,gaaf,6,0.01/pi,burgers,0.0011217209488575835,0.0016866759936274445,1.5036502575308408,False,777,0.32,MS_hard_burgers_n6_gaaf_s777
2016,0.8615805549292378,0.8647314716781984,True,0.06538257434803374,gaaf,6,0.01/pi,burgers,0.004912396807581136,0.005380426457846159,1.0952752126096021,False,777,0.36,MS_hard_burgers_n6_gaaf_s777
2016,1.0046814644983904,0.9924723578397654,True,0.06538257434803374,gaaf,6,0.01/pi,burgers,0.010169265071761309,0.009994295056205403,0.9827942319999334,False,777,0.4,MS_hard_burgers_n6_gaaf_s777
2016,1.1074893227186535,1.0875535467332944,True,0.06538257434803374,gaaf,6,0.01/pi,burgers,0.013869006723315215,0.013380279870367153,0.9647612217155781,False,777,0.44,MS_hard_burgers_n6_gaaf_s777
2016,1.1718577303722955,1.147455778453326,True,0.06538257434803374,gaaf,6,0.01/pi,burgers,0.01605401329537946,0.015344170800616565,0.9557841094496169,False,777,0.48,MS_hard_burgers_n6_gaaf_s777
2016,1.212377579712704,1.1863243831887524,True,0.06538257434803374,gaaf,6,0.01/pi,burgers,0.017352095779541634,0.016494456041288498,0.9505742851382653,False,777,0.52,MS_hard_burgers_n6_gaaf_s777
2016,1.2379432584409522,1.2142927902838632,True,0.06538257434803374,gaaf,6,0.01/pi,burgers,0.01811331876292011,0.0172537698258685,0.9525460271360544,False,777,0.56,MS_hard_burgers_n6_gaaf_s777
2016,1.2537616513164085,1.2357060814590517,True,0.06538257434803374,gaaf,6,0.01/pi,burgers,0.018530805873560714,0.017803465029101528,0.9607496376886157,False,777,0.6,MS_hard_burgers_n6_gaaf_s777
2016,1.263049413251328,1.252162374220434,True,0.06538257434803374,gaaf,6,0.01/pi,burgers,0.018719770145173256,0.018208447121698938,0.9726854005413011,False,777,0.64,MS_hard_burgers_n6_gaaf_s777
2016,1.2678678757222086,1.2642887513909409,True,0.06538257434803374,gaaf,6,0.01/pi,burgers,0.018752534424949636,0.018488902463267398,0.9859415289843978,False,777,0.68,MS_hard_burgers_n6_gaaf_s777
2016,1.2695752376845033,1.2724185234910224,True,0.06538257434803374,gaaf,6,0.01/pi,burgers,0.018676208644799103,0.018649611155446527,0.9985758624858808,False,777,0.72,MS_hard_burgers_n6_gaaf_s777
2016,1.2690874646987593,1.2768290067178294,True,0.06538257434803374,gaaf,6,0.01/pi,burgers,0.018522414477381174,0.01869150934024887,1.0091292019771065,False,777,0.76,MS_hard_burgers_n6_gaaf_s777
2016,1.2670348234859754,1.2778253967286308,True,0.06538257434803374,gaaf,6,0.01/pi,burgers,0.018312926614131676,0.018616741660483962,1.0165901962451942,False,777,0.8,MS_hard_burgers_n6_gaaf_s777
2016,1.2638587087570161,1.2757701946729965,True,0.06538257434803374,gaaf,6,0.01/pi,burgers,0.018063077332299865,0.018430890364032042,1.020362700384085,False,777,0.84,MS_hard_burgers_n6_gaaf_s777
2016,1.259873109394413,1.2710809402980103,True,0.06538257434803374,gaaf,6,0.01/pi,burgers,0.017783878635257412,0.01814347696913653,1.0202204671576085,False,777,0.88,MS_hard_burgers_n6_gaaf_s777
2016,1.2553045177222741,1.2642157486333152,True,0.06538257434803374,gaaf,6,0.01/pi,burgers,0.017483381737177846,0.01776753740743807,1.0162529008707724,False,777,0.92,MS_hard_burgers_n6_gaaf_s777
2016,1.250318361712412,1.2556503968051254,True,0.06538257434803374,gaaf,6,0.01/pi,burgers,0.0171675688500158,0.017318662745595667,1.008801123612778,False,777,0.96,MS_hard_burgers_n6_gaaf_s777
2016,1.245036822841573,1.2458485330714988,True,0.06538257434803374,gaaf,6,0.01/pi,burgers,0.016840950487340463,0.016813582169750287,0.9983748947180416,False,777,1.0,MS_hard_burgers_n6_gaaf_s777
2016,0.500144145295721,0.5006248447458016,True,0.07454112588457666,gaaf,7,0.01/pi,burgers,3.70425406377563e-06,1.3071861534753927e-05,3.528878232890481,False,1234,0.0,MS_hard_burgers_n7_gaaf_s1234
2016,0.5023917063806028,0.5030573308239644,True,0.07454112588457666,gaaf,7,0.01/pi,burgers,2.9227509926194613e-06,1.1636806170687322e-05,3.9814565798019115,False,1234,0.04,MS_hard_burgers_n7_gaaf_s1234
2016,0.5086916368329514,0.5098037338273727,True,0.07454112588457666,gaaf,7,0.01/pi,burgers,2.367279058804143e-06,1.0756734586183369e-05,4.543923347852894,False,1234,0.08,MS_hard_burgers_n7_gaaf_s1234
2016,0.5195534572740266,0.5214180636845057,True,0.07454112588457666,gaaf,7,0.01/pi,burgers,1.9580371177122484e-06,8.472788016264632e-06,4.327184576645899,False,1234,0.12,MS_hard_burgers_n7_gaaf_s1234
2016,0.5359988327111411,0.5389673630826624,True,0.07454112588457666,gaaf,7,0.01/pi,burgers,1.6445752252270005e-06,6.28174212568423e-06,3.8196745453326177,False,1234,0.16,MS_hard_burgers_n7_gaaf_s1234
2016,0.5598952651542854,0.5646602435689566,True,0.07454112588457666,gaaf,7,0.01/pi,burgers,1.3980284947447014e-06,3.057180262400058e-05,21.867796499801244,False,1234,0.2,MS_hard_burgers_n7_gaaf_s1234
2016,0.5947227450212248,0.6026296939658579,True,0.07454112588457666,gaaf,7,0.01/pi,burgers,4.715218951839874e-06,0.00020555382322587414,43.59369635330874,False,1234,0.24,MS_hard_burgers_n7_gaaf_s1234
2016,0.6473771265198471,0.6590093341192587,True,0.07454112588457666,gaaf,7,0.01/pi,burgers,0.00010613525437437981,0.0008585513004637535,8.089218851215199,False,1234,0.28,MS_hard_burgers_n7_gaaf_s1234
2016,0.7315459931206041,0.739261564407406,True,0.07454112588457666,gaaf,7,0.01/pi,burgers,0.0011217209488575835,0.0024380210482306992,2.1734648449899248,False,1234,0.32,MS_hard_burgers_n7_gaaf_s1234
2016,0.8615805549292378,0.8421541860204487,True,0.07454112588457666,gaaf,7,0.01/pi,burgers,0.004912396807581136,0.005119818132107487,1.0422240573494073,False,1234,0.36,MS_hard_burgers_n7_gaaf_s1234
2016,1.0046814644983904,0.9556261362324997,True,0.07454112588457666,gaaf,7,0.01/pi,burgers,0.010169265071761309,0.008535257025106562,0.8393189640427242,False,1234,0.4,MS_hard_burgers_n7_gaaf_s1234
2016,1.1074893227186535,1.0613939665580463,True,0.07454112588457666,gaaf,7,0.01/pi,burgers,0.013869006723315215,0.011966902148197896,0.862852141248177,False,1234,0.44,MS_hard_burgers_n7_gaaf_s1234
2016,1.1718577303722955,1.146455648216858,True,0.07454112588457666,gaaf,7,0.01/pi,burgers,0.01605401329537946,0.01482824484376066,0.9236472258328333,False,1234,0.48,MS_hard_burgers_n7_gaaf_s1234
2016,1.212377579712704,1.2082251991241875,True,0.07454112588457666,gaaf,7,0.01/pi,burgers,0.017352095779541634,0.016918901567700224,0.9750350495210987,False,1234,0.52,MS_hard_burgers_n7_gaaf_s1234
2016,1.2379432584409522,1.2497336449637966,True,0.07454112588457666,gaaf,7,0.01/pi,burgers,0.01811331876292011,0.018294574021156588,1.0100067392733973,False,1234,0.56,MS_hard_burgers_n7_gaaf_s1234
2016,1.2537616513164085,1.2749538423878608,True,0.07454112588457666,gaaf,7,0.01/pi,burgers,0.018530805873560714,0.019088048353885414,1.030071141218945,False,1234,0.6,MS_hard_burgers_n7_gaaf_s1234
2016,1.263049413251328,1.2876024469547376,True,0.07454112588457666,gaaf,7,0.01/pi,burgers,0.018719770145173256,0.01943706597857711,1.0383175556025086,False,1234,0.64,MS_hard_burgers_n7_gaaf_s1234
2016,1.2678678757222086,1.2910680091094242,True,0.07454112588457666,gaaf,7,0.01/pi,burgers,0.018752534424949636,0.01946551620209211,1.038020555567885,False,1234,0.68,MS_hard_burgers_n7_gaaf_s1234
2016,1.2695752376845033,1.2882808290813688,True,0.07454112588457666,gaaf,7,0.01/pi,burgers,0.018676208644799103,0.019276334213960335,1.0321331583178877,False,1234,0.72,MS_hard_burgers_n7_gaaf_s1234
2016,1.2690874646987593,1.2815634930534683,True,0.07454112588457666,gaaf,7,0.01/pi,burgers,0.018522414477381174,0.018948732063551896,1.023016307441523,False,1234,0.76,MS_hard_burgers_n7_gaaf_s1234
2016,1.2670348234859754,1.2726127931532951,True,0.07454112588457666,gaaf,7,0.01/pi,burgers,0.018312926614131676,0.018540055068595535,1.0124026300792681,False,1234,0.8,MS_hard_burgers_n7_gaaf_s1234
2016,1.2638587087570161,1.2625910570219283,True,0.07454112588457666,gaaf,7,0.01/pi,burgers,0.018063077332299865,0.018090081656365258,1.001495001298428,False,1234,0.84,MS_hard_burgers_n7_gaaf_s1234
2016,1.259873109394413,1.2522572405128856,True,0.07454112588457666,gaaf,7,0.01/pi,burgers,0.017783878635257412,0.017625828715015696,0.9911127418555155,False,1234,0.88,MS_hard_burgers_n7_gaaf_s1234
2016,1.2553045177222741,1.2421019172095953,True,0.07454112588457666,gaaf,7,0.01/pi,burgers,0.017483381737177846,0.017165898989825186,0.9818408845539566,False,1234,0.92,MS_hard_burgers_n7_gaaf_s1234
2016,1.250318361712412,1.2324394910219842,True,0.07454112588457666,gaaf,7,0.01/pi,burgers,0.0171675688500158,0.016723216081382553,0.974116732979764,False,1234,0.96,MS_hard_burgers_n7_gaaf_s1234
2016,1.245036822841573,1.223479085346317,True,0.07454112588457666,gaaf,7,0.01/pi,burgers,0.016840950487340463,0.016307130234934953,0.9683022491630274,False,1234,1.0,MS_hard_burgers_n7_gaaf_s1234
2016,0.500144145295721,0.5031070717342135,True,0.09645187110582225,gaaf,7,0.01/pi,burgers,3.70425406377563e-06,4.251582380719266e-05,11.477566893415949,False,2025,0.0,MS_hard_burgers_n7_gaaf_s2025
2016,0.5023917063806028,0.5064340946446191,True,0.09645187110582225,gaaf,7,0.01/pi,burgers,2.9227509926194613e-06,6.231253800770217e-05,21.319824427415803,False,2025,0.04,MS_hard_burgers_n7_gaaf_s2025
2016,0.5086916368329514,0.5144170979116375,True,0.09645187110582225,gaaf,7,0.01/pi,burgers,2.367279058804143e-06,7.299418739501707e-05,30.83463570699218,False,2025,0.08,MS_hard_burgers_n7_gaaf_s2025
2016,0.5195534572740266,0.5276237141436447,True,0.09645187110582225,gaaf,7,0.01/pi,burgers,1.9580371177122484e-06,6.114228906304033e-05,31.22631767802154,False,2025,0.12,MS_hard_burgers_n7_gaaf_s2025
2016,0.5359988327111411,0.5474408112629514,True,0.09645187110582225,gaaf,7,0.01/pi,burgers,1.6445752252270005e-06,5.241126026315864e-05,31.869177802994276,False,2025,0.16,MS_hard_burgers_n7_gaaf_s2025
2016,0.5598952651542854,0.5766682712901088,True,0.09645187110582225,gaaf,7,0.01/pi,burgers,1.3980284947447014e-06,0.00014451389982645646,103.3697813525944,False,2025,0.2,MS_hard_burgers_n7_gaaf_s2025
2016,0.5947227450212248,0.6197760850280218,True,0.09645187110582225,gaaf,7,0.01/pi,burgers,4.715218951839874e-06,0.0005378296402075111,114.06249544311204,False,2025,0.24,MS_hard_burgers_n7_gaaf_s2025
2016,0.6473771265198471,0.6809342749355928,True,0.09645187110582225,gaaf,7,0.01/pi,burgers,0.00010613525437437981,0.0015974304648540695,15.050894015096235,False,2025,0.28,MS_hard_burgers_n7_gaaf_s2025
2016,0.7315459931206041,0.7582823925066263,True,0.09645187110582225,gaaf,7,0.01/pi,burgers,0.0011217209488575835,0.0035753318566177817,3.187363007046519,False,2025,0.32,MS_hard_burgers_n7_gaaf_s2025
2016,0.8615805549292378,0.8412361632766124,True,0.09645187110582225,gaaf,7,0.01/pi,burgers,0.004912396807581136,0.0061078170350228585,1.2433476517200057,False,2025,0.36,MS_hard_burgers_n7_gaaf_s2025
2016,1.0046814644983904,0.9182782147144318,True,0.09645187110582225,gaaf,7,0.01/pi,burgers,0.010169265071761309,0.008558856563212525,0.8416396369664242,False,2025,0.4,MS_hard_burgers_n7_gaaf_s2025
2016,1.1074893227186535,0.9851485569078122,True,0.09645187110582225,gaaf,7,0.01/pi,burgers,0.013869006723315215,0.0106219471178031,0.7658765569668752,False,2025,0.44,MS_hard_burgers_n7_gaaf_s2025
2016,1.1718577303722955,1.0404002482587047,True,0.09645187110582225,gaaf,7,0.01/pi,burgers,0.01605401329537946,0.01223166581418,0.7619070439975544,False,2025,0.48,MS_hard_burgers_n7_gaaf_s2025
2016,1.212377579712704,1.0850460635786532,True,0.09645187110582225,gaaf,7,0.01/pi,burgers,0.017352095779541634,0.01345428039200942,0.7753691866934141,False,2025,0.52,MS_hard_burgers_n7_gaaf_s2025
2016,1.2379432584409522,1.1219317818577277,True,0.09645187110582225,gaaf,7,0.01/pi,burgers,0.01811331876292011,0.014411965234722952,0.7956556953122129,False,2025,0.56,MS_hard_burgers_n7_gaaf_s2025
2016,1.2537616513164085,1.1536321571519332,True,0.09645187110582225,gaaf,7,0.01/pi,burgers,0.018530805873560714,0.015207535928667715,0.8206624165420373,False,2025,0.6,MS_hard_burgers_n7_gaaf_s2025
2016,1.263049413251328,1.1817970837385103,True,0.09645187110582225,gaaf,7,0.01/pi,burgers,0.018719770145173256,0.015905568363175502,0.8496668623506911,False,2025,0.64,MS_hard_burgers_n7_gaaf_s2025
2016,1.2678678757222086,1.2073688630206756,True,0.09645187110582225,gaaf,7,0.01/pi,burgers,0.018752534424949636,0.016541870277485847,0.882113846727695,False,2025,0.68,MS_hard_burgers_n7_gaaf_s2025
2016,1.2695752376845033,1.2308218526868238,True,0.09645187110582225,gaaf,7,0.01/pi,burgers,0.018676208644799103,0.017133123951229658,0.9173769835774908,False,2025,0.72,MS_hard_burgers_n7_gaaf_s2025
2016,1.2690874646987593,1.2522694296846837,True,0.09645187110582225,gaaf,7,0.01/pi,burgers,0.018522414477381174,0.017681355167192613,0.9545923501919457,False,2025,0.76,MS_hard_burgers_n7_gaaf_s2025
2016,1.2670348234859754,1.2714832594424692,True,0.09645187110582225,gaaf,7,0.01/pi,burgers,0.018312926614131676,0.01817507412975092,0.992472394648577,False,2025,0.8,MS_hard_burgers_n7_gaaf_s2025
2016,1.2638587087570161,1.2878321645189788,True,0.09645187110582225,gaaf,7,0.01/pi,burgers,0.018063077332299865,0.01858665212933281,1.0289859134964066,False,2025,0.84,MS_hard_burgers_n7_gaaf_s2025
2016,1.259873109394413,1.3002263793394395,True,0.09645187110582225,gaaf,7,0.01/pi,burgers,0.017783878635257412,0.01886979717601395,1.0610619630862557,False,2025,0.88,MS_hard_burgers_n7_gaaf_s2025
2016,1.2553045177222741,1.3070795670085205,True,0.09645187110582225,gaaf,7,0.01/pi,burgers,0.017483381737177846,0.01895706159408129,1.084290320891965,False,2025,0.92,MS_hard_burgers_n7_gaaf_s2025
2016,1.250318361712412,1.3064059713571807,True,0.09645187110582225,gaaf,7,0.01/pi,burgers,0.0171675688500158,0.018761868073517686,1.0928669188648934,False,2025,0.96,MS_hard_burgers_n7_gaaf_s2025
2016,1.245036822841573,1.2960455966765088,True,0.09645187110582225,gaaf,7,0.01/pi,burgers,0.016840950487340463,0.018185365168121623,1.0798300952070237,False,2025,1.0,MS_hard_burgers_n7_gaaf_s2025
2016,0.500144145295721,0.5048598675982346,True,0.19650192027326333,gaaf,7,0.01/pi,burgers,3.70425406377563e-06,8.205499584786412e-05,22.151557219114725,False,777,0.0,MS_hard_burgers_n7_gaaf_s777
2016,0.5023917063806028,0.5081633455044684,True,0.19650192027326333,gaaf,7,0.01/pi,burgers,2.9227509926194613e-06,7.833682691795978e-05,26.80242932626698,False,777,0.04,MS_hard_burgers_n7_gaaf_s777
2016,0.5086916368329514,0.5165262025867,True,0.19650192027326333,gaaf,7,0.01/pi,burgers,2.367279058804143e-06,9.418760498954731e-05,39.78728432512186,False,777,0.08,MS_hard_burgers_n7_gaaf_s777
2016,0.5195534572740266,0.5307909638210176,True,0.19650192027326333,gaaf,7,0.01/pi,burgers,1.9580371177122484e-06,0.00014786182912118043,75.51533511986777,False,777,0.12,MS_hard_burgers_n7_gaaf_s777
2016,0.5359988327111411,0.5523344035406428,True,0.19650192027326333,gaaf,7,0.01/pi,burgers,1.6445752252270005e-06,0.0002736687886258119,166.4069751434067,False,777,0.16,MS_hard_burgers_n7_gaaf_s777
2016,0.5598952651542854,0.5830731542612985,True,0.19650192027326333,gaaf,7,0.01/pi,burgers,1.3980284947447014e-06,0.0005357667099453051,383.2301787547923,False,777,0.2,MS_hard_burgers_n7_gaaf_s777
2016,0.5947227450212248,0.6252267189937277,True,0.19650192027326333,gaaf,7,0.01/pi,burgers,4.715218951839874e-06,0.0010440489902190132,221.42110491213273,False,777,0.24,MS_hard_burgers_n7_gaaf_s777
2016,0.6473771265198471,0.6806565342275709,True,0.19650192027326333,gaaf,7,0.01/pi,burgers,0.00010613525437437981,0.001952241505289557,18.3939023540967,False,777,0.28,MS_hard_burgers_n7_gaaf_s777
2016,0.7315459931206041,0.749775362472316,True,0.19650192027326333,gaaf,7,0.01/pi,burgers,0.0011217209488575835,0.003407886470276991,3.038087568702138,False,777,0.32,MS_hard_burgers_n7_gaaf_s777
2016,0.8615805549292378,0.8303442368976156,True,0.19650192027326333,gaaf,7,0.01/pi,burgers,0.004912396807581136,0.0054533740579991346,1.1101249087987206,False,777,0.36,MS_hard_burgers_n7_gaaf_s777
2016,1.0046814644983904,0.9168938952514871,True,0.19650192027326333,gaaf,7,0.01/pi,burgers,0.010169265071761309,0.007943796774566584,0.781157410934783,False,777,0.4,MS_hard_burgers_n7_gaaf_s777
2016,1.1074893227186535,1.0015831321980788,True,0.19650192027326333,gaaf,7,0.01/pi,burgers,0.013869006723315215,0.010566323399998516,0.7618659079770614,False,777,0.44,MS_hard_burgers_n7_gaaf_s777
2016,1.1718577303722955,1.0765909788743764,True,0.19650192027326333,gaaf,7,0.01/pi,burgers,0.01605401329537946,0.012968132455999445,0.8077813452248623,False,777,0.48,MS_hard_burgers_n7_gaaf_s777
2016,1.212377579712704,1.1366559757308226,True,0.19650192027326333,gaaf,7,0.01/pi,burgers,0.017352095779541634,0.014895971995255063,0.8584537674588925,False,777,0.52,MS_hard_burgers_n7_gaaf_s777
2016,1.2379432584409522,1.1801857403521951,True,0.19650192027326333,gaaf,7,0.01/pi,burgers,0.01811331876292011,0.01625686611262327,0.8975089725634822,False,777,0.56,MS_hard_burgers_n7_gaaf_s777
2016,1.2537616513164085,1.2085959647532676,True,0.19650192027326333,gaaf,7,0.01/pi,burgers,0.018530805873560714,0.017089823959171958,0.9222385726653846,False,777,0.6,MS_hard_burgers_n7_gaaf_s777
2016,1.263049413251328,1.224905694672252,True,0.19650192027326333,gaaf,7,0.01/pi,burgers,0.018719770145173256,0.017502666631338704,0.934982988338221,False,777,0.64,MS_hard_burgers_n7_gaaf_s777
2016,1.2678678757222086,1.2324982274680811,True,0.19650192027326333,gaaf,7,0.01/pi,burgers,0.018752534424949636,0.017618378141722593,0.9395198399573081,False,777,0.68,MS_hard_burgers_n7_gaaf_s777
2016,1.2695752376845033,1.2344045463900277,True,0.19650192027326333,gaaf,7,0.01/pi,burgers,0.018676208644799103,0.017545387895255716,0.9394512681320738,False,777,0.72,MS_hard_burgers_n7_gaaf_s777
2016,1.2690874646987593,1.2330339920492934,True,0.19650192027326333,gaaf,7,0.01/pi,burgers,0.018522414477381174,0.01736727443401906,0.937635558000674,False,777,0.76,MS_hard_burgers_n7_gaaf_s777
2016,1.2670348234859754,1.2301613277898384,True,0.19650192027326333,gaaf,7,0.01/pi,burgers,0.018312926614131676,0.01714274086997348,0.936100560614097,False,777,0.8,MS_hard_burgers_n7_gaaf_s777
2016,1.2638587087570161,1.2270679234686215,True,0.19650192027326333,gaaf,7,0.01/pi,burgers,0.018063077332299865,0.016911427747967972,0.93624289133322,False,777,0.84,MS_hard_burgers_n7_gaaf_s777
2016,1.259873109394413,1.2246476190117712,True,0.19650192027326333,gaaf,7,0.01/pi,burgers,0.017783878635257412,0.01669775705610591,0.9389266199220335,False,777,0.88,MS_hard_burgers_n7_gaaf_s777
2016,1.2553045177222741,1.2235579955499596,True,0.19650192027326333,gaaf,7,0.01/pi,burgers,0.017483381737177846,0.01651646550942569,0.9446951257893066,False,777,0.92,MS_hard_burgers_n7_gaaf_s777
2016,1.250318361712412,1.2243006195081167,True,0.19650192027326333,gaaf,7,0.01/pi,burgers,0.0171675688500158,0.01637562947415096,0.9538700335042426,False,777,0.96,MS_hard_burgers_n7_gaaf_s777
2016,1.245036822841573,1.2273018271321083,True,0.19650192027326333,gaaf,7,0.01/pi,burgers,0.016840950487340463,0.016279408979982157,0.9666561867882443,False,777,1.0,MS_hard_burgers_n7_gaaf_s777
2016,0.500144145295721,0.5002572201196377,False,0.009287413710235441,gaaf,8,0.01/pi,burgers,3.70425406377563e-06,7.502415225379697e-06,2.0253511493033822,False,1234,0.0,MS_hard_burgers_n8_gaaf_s1234
2016,0.5023917063806028,0.5024885921648451,False,0.009287413710235441,gaaf,8,0.01/pi,burgers,2.9227509926194613e-06,6.910536930222319e-06,2.3643946910540192,False,1234,0.04,MS_hard_burgers_n8_gaaf_s1234
2016,0.5086916368329514,0.508765588141329,False,0.009287413710235441,gaaf,8,0.01/pi,burgers,2.367279058804143e-06,6.05777573683717e-06,2.558961400983846,False,1234,0.08,MS_hard_burgers_n8_gaaf_s1234
2016,0.5195534572740266,0.5195863782340088,False,0.009287413710235441,gaaf,8,0.01/pi,burgers,1.9580371177122484e-06,5.584723434126526e-06,2.8522050902955622,False,1234,0.12,MS_hard_burgers_n8_gaaf_s1234
2016,0.5359988327111411,0.5360094490196524,False,0.009287413710235441,gaaf,8,0.01/pi,burgers,1.6445752252270005e-06,5.016914117556714e-06,3.050583543154269,False,1234,0.16,MS_hard_burgers_n8_gaaf_s1234
2016,0.5598952651542854,0.5599732391002249,False,0.009287413710235441,gaaf,8,0.01/pi,burgers,1.3980284947447014e-06,3.3780319104513746e-06,2.4162825887667245,False,1234,0.2,MS_hard_burgers_n8_gaaf_s1234
2016,0.5947227450212248,0.5949824120109275,False,0.009287413710235441,gaaf,8,0.01/pi,burgers,4.715218951839874e-06,6.8840338431912835e-06,1.459960590060222,False,1234,0.24,MS_hard_burgers_n8_gaaf_s1234
2016,0.6473771265198471,0.6477802576625128,False,0.009287413710235441,gaaf,8,0.01/pi,burgers,0.00010613525437437981,0.00016167648821507378,1.5233061735055415,False,1234,0.28,MS_hard_burgers_n8_gaaf_s1234
2016,0.7315459931206041,0.7312607805590947,False,0.009287413710235441,gaaf,8,0.01/pi,burgers,0.0011217209488575835,0.001287467803090017,1.1477612185109303,False,1234,0.32,MS_hard_burgers_n8_gaaf_s1234
2016,0.8615805549292378,0.8566141083765381,False,0.009287413710235441,gaaf,8,0.01/pi,burgers,0.004912396807581136,0.004798127953893592,0.9767386760142835,False,1234,0.36,MS_hard_burgers_n8_gaaf_s1234
2016,1.0046814644983904,0.997073000735337,False,0.009287413710235441,gaaf,8,0.01/pi,burgers,0.010169265071761309,0.009780692960659016,0.9617895582069834,False,1234,0.4,MS_hard_burgers_n8_gaaf_s1234
2016,1.1074893227186535,1.1050372636004697,False,0.009287413710235441,gaaf,8,0.01/pi,burgers,0.013869006723315215,0.013746748544281718,0.9911847919989852,False,1234,0.44,MS_hard_burgers_n8_gaaf_s1234
2016,1.1718577303722955,1.1715159986513788,False,0.009287413710235441,gaaf,8,0.01/pi,burgers,0.01605401329537946,0.016100530105344485,1.0028975190881655,False,1234,0.48,MS_hard_burgers_n8_gaaf_s1234
2016,1.212377579712704,1.2104829464960012,False,0.009287413710235441,gaaf,8,0.01/pi,burgers,0.017352095779541634,0.017369072033527697,1.0009783402651615,False,1234,0.52,MS_hard_burgers_n8_gaaf_s1234
2016,1.2379432584409522,1.2340309311161322,False,0.009287413710235441,gaaf,8,0.01/pi,burgers,0.01811331876292011,0.018043611502411586,0.9961516019553953,False,1234,0.56,MS_hard_burgers_n8_gaaf_s1234
2016,1.2537616513164085,1.2489123517388272,False,0.009287413710235441,gaaf,8,0.01/pi,burgers,0.018530805873560714,0.01839936031688271,0.9929066465012433,False,1234,0.6,MS_hard_burgers_n8_gaaf_s1234
2016,1.263049413251328,1.2584970326451697,False,0.009287413710235441,gaaf,8,0.01/pi,burgers,0.018719770145173256,0.01856990497072616,0.991994283408136,False,1234,0.64,MS_hard_burgers_n8_gaaf_s1234
2016,1.2678678757222086,1.2644412817958086,False,0.009287413710235441,gaaf,8,0.01/pi,burgers,0.018752534424949636,0.018618593672647107,0.9928574586630634,False,1234,0.68,MS_hard_burgers_n8_gaaf_s1234
2016,1.2695752376845033,1.267622566918255,False,0.009287413710235441,gaaf,8,0.01/pi,burgers,0.018676208644799103,0.018577815053662922,0.9947316078435662,False,1234,0.72,MS_hard_burgers_n8_gaaf_s1234
2016,1.2690874646987593,1.2685941040745963,False,0.009287413710235441,gaaf,8,0.01/pi,burgers,0.018522414477381174,0.018466808654209035,0.9969979171322377,False,1234,0.76,MS_hard_burgers_n8_gaaf_s1234
2016,1.2670348234859754,1.2677778253747611,False,0.009287413710235441,gaaf,8,0.01/pi,burgers,0.018312926614131676,0.018299171892871554,0.9992489064391539,False,1234,0.8,MS_hard_burgers_n8_gaaf_s1234
2016,1.2638587087570161,1.2655395250188788,False,0.009287413710235441,gaaf,8,0.01/pi,burgers,0.018063077332299865,0.01808600199687074,1.0012691450160534,False,1234,0.84,MS_hard_burgers_n8_gaaf_s1234
2016,1.259873109394413,1.2622066039707325,False,0.009287413710235441,gaaf,8,0.01/pi,burgers,0.017783878635257412,0.017836395174435186,1.0029530419238049,False,1234,0.88,MS_hard_burgers_n8_gaaf_s1234
2016,1.2553045177222741,1.2580656741142866,False,0.009287413710235441,gaaf,8,0.01/pi,burgers,0.017483381737177846,0.017556924224595552,1.0042064223342628,False,1234,0.92,MS_hard_burgers_n8_gaaf_s1234
2016,1.250318361712412,1.2533588864784002,False,0.009287413710235441,gaaf,8,0.01/pi,burgers,0.0171675688500158,0.017251453854214213,1.004886248305236,False,1234,0.96,MS_hard_burgers_n8_gaaf_s1234
2016,1.245036822841573,1.248278220043404,False,0.009287413710235441,gaaf,8,0.01/pi,burgers,0.016840950487340463,0.016921278739977397,1.004769817041937,False,1234,1.0,MS_hard_burgers_n8_gaaf_s1234
2016,0.500144145295721,0.5063302892584786,False,0.14557256733642712,gaaf,8,0.01/pi,burgers,3.70425406377563e-06,0.00015471220282698382,41.76608843867759,False,2025,0.0,MS_hard_burgers_n8_gaaf_s2025
2016,0.5023917063806028,0.5082866019578414,False,0.14557256733642712,gaaf,8,0.01/pi,burgers,2.9227509926194613e-06,0.00016341277904821156,55.910605953384994,False,2025,0.04,MS_hard_burgers_n8_gaaf_s2025
2016,0.5086916368329514,0.5149567191143144,False,0.14557256733642712,gaaf,8,0.01/pi,burgers,2.367279058804143e-06,0.00015628021791367074,66.01681256480907,False,2025,0.08,MS_hard_burgers_n8_gaaf_s2025
2016,0.5195534572740266,0.5273537835676672,False,0.14557256733642712,gaaf,8,0.01/pi,burgers,1.9580371177122484e-06,0.00013368065319194713,68.27278808081958,False,2025,0.12,MS_hard_burgers_n8_gaaf_s2025
2016,0.5359988327111411,0.5472723753310185,False,0.14557256733642712,gaaf,8,0.01/pi,burgers,1.6445752252270005e-06,0.00012801264317612149,77.83933578255863,False,2025,0.16,MS_hard_burgers_n8_gaaf_s2025
2016,0.5598952651542854,0.5775720767286971,False,0.14557256733642712,gaaf,8,0.01/pi,burgers,1.3980284947447014e-06,0.00021159608790308632,151.35320109603816,False,2025,0.2,MS_hard_burgers_n8_gaaf_s2025
2016,0.5947227450212248,0.6221193162295782,False,0.14557256733642712,gaaf,8,0.01/pi,burgers,4.715218951839874e-06,0.0005630981320380987,119.42141770921971,False,2025,0.24,MS_hard_burgers_n8_gaaf_s2025
2016,0.6473771265198471,0.6846523155915742,False,0.14557256733642712,gaaf,8,0.01/pi,burgers,0.00010613525437437981,0.0015521385876751024,14.624156665231267,False,2025,0.28,MS_hard_burgers_n8_gaaf_s2025
2016,0.7315459931206041,0.7653196765222541,False,0.14557256733642712,gaaf,8,0.01/pi,burgers,0.0011217209488575835,0.0035099326160707095,3.1290604135060502,False,2025,0.32,MS_hard_burgers_n8_gaaf_s2025
2016,0.8615805549292378,0.8565894614784823,False,0.14557256733642712,gaaf,8,0.01/pi,burgers,0.004912396807581136,0.006260002444618692,1.274327520724271,False,2025,0.36,MS_hard_burgers_n8_gaaf_s2025
2016,1.0046814644983904,0.944659853201028,False,0.14557256733642712,gaaf,8,0.01/pi,burgers,0.010169265071761309,0.009132996414112282,0.8980979795160806,False,2025,0.4,MS_hard_burgers_n8_gaaf_s2025
2016,1.1074893227186535,1.0187322408166375,False,0.14557256733642712,gaaf,8,0.01/pi,burgers,0.013869006723315215,0.01154004893525498,0.8320746514496227,False,2025,0.44,MS_hard_burgers_n8_gaaf_s2025
2016,1.1718577303722955,1.0777915015184543,False,0.14557256733642712,gaaf,8,0.01/pi,burgers,0.01605401329537946,0.013348730746375255,0.8314887063297239,False,2025,0.48,MS_hard_burgers_n8_gaaf_s2025
2016,1.212377579712704,1.1241773736885643,False,0.14557256733642712,gaaf,8,0.01/pi,burgers,0.017352095779541634,0.014652749782862467,0.8444368892971572,False,2025,0.52,MS_hard_burgers_n8_gaaf_s2025
2016,1.2379432584409522,1.1593629054438583,False,0.14557256733642712,gaaf,8,0.01/pi,burgers,0.01811331876292011,0.015555083641284573,0.8587649698479046,False,2025,0.56,MS_hard_burgers_n8_gaaf_s2025
2016,1.2537616513164085,1.1863106347105277,False,0.14557256733642712,gaaf,8,0.01/pi,burgers,0.018530805873560714,0.01618916997374415,0.8736355064213613,False,2025,0.6,MS_hard_burgers_n8_gaaf_s2025
2016,1.263049413251328,1.2092059063832958,False,0.14557256733642712,gaaf,8,0.01/pi,burgers,0.018719770145173256,0.01670372391926812,0.8923039006210791,False,2025,0.64,MS_hard_burgers_n8_gaaf_s2025
2016,1.2678678757222086,1.2309529493444424,False,0.14557256733642712,gaaf,8,0.01/pi,burgers,0.018752534424949636,0.017196411997487854,0.9170180204873315,False,2025,0.68,MS_hard_burgers_n8_gaaf_s2025
2016,1.2695752376845033,1.2520841238700235,False,0.14557256733642712,gaaf,8,0.01/pi,burgers,0.018676208644799103,0.017688836637710696,0.9471320959265805,False,2025,0.72,MS_hard_burgers_n8_gaaf_s2025
2016,1.2690874646987593,1.2714398451489133,False,0.14557256733642712,gaaf,8,0.01/pi,burgers,0.018522414477381174,0.018150352305158022,0.9799128686663664,False,2025,0.76,MS_hard_burgers_n8_gaaf_s2025
2016,1.2670348234859754,1.2873370568497269,False,0.14557256733642712,gaaf,8,0.01/pi,burgers,0.018312926614131676,0.01853370230525237,1.012055729582312,False,2025,0.8,MS_hard_burgers_n8_gaaf_s2025
2016,1.2638587087570161,1.298305824835253,False,0.14557256733642712,gaaf,8,0.01/pi,burgers,0.018063077332299865,0.018795231816135075,1.0405332087310502,False,2025,0.84,MS_hard_burgers_n8_gaaf_s2025
2016,1.259873109394413,1.303333861692925,False,0.14557256733642712,gaaf,8,0.01/pi,burgers,0.017783878635257412,0.018897709890026967,1.0626315146214127,False,2025,0.88,MS_hard_burgers_n8_gaaf_s2025
2016,1.2553045177222741,1.3018651559458758,False,0.14557256733642712,gaaf,8,0.01/pi,burgers,0.017483381737177846,0.01880398884164757,1.075534992275636,False,2025,0.92,MS_hard_burgers_n8_gaaf_s2025
2016,1.250318361712412,1.2938112723961641,False,0.14557256733642712,gaaf,8,0.01/pi,burgers,0.0171675688500158,0.018472706597268174,1.0760234462232068,False,2025,0.96,MS_hard_burgers_n8_gaaf_s2025
2016,1.245036822841573,1.2797374270601116,False,0.14557256733642712,gaaf,8,0.01/pi,burgers,0.016840950487340463,0.01786969875987829,1.061086117040196,False,2025,1.0,MS_hard_burgers_n8_gaaf_s2025
2016,0.500144145295721,0.5122219645357362,False,0.1642100943189824,gaaf,8,0.01/pi,burgers,3.70425406377563e-06,0.0003035615597233678,81.94944366584754,False,777,0.0,MS_hard_burgers_n8_gaaf_s777
2016,0.5023917063806028,0.5146768816306514,False,0.1642100943189824,gaaf,8,0.01/pi,burgers,2.9227509926194613e-06,0.00010003299441492586,34.22563012296615,False,777,0.04,MS_hard_burgers_n8_gaaf_s777
2016,0.5086916368329514,0.5264223435036411,False,0.1642100943189824,gaaf,8,0.01/pi,burgers,2.367279058804143e-06,0.00018015525653465673,76.10224737326243,False,777,0.08,MS_hard_burgers_n8_gaaf_s777
2016,0.5195534572740266,0.5459984167485755,False,0.1642100943189824,gaaf,8,0.01/pi,burgers,1.9580371177122484e-06,0.0002976382461036266,152.0084800289099,False,777,0.12,MS_hard_burgers_n8_gaaf_s777
2016,0.5359988327111411,0.5743367726565191,False,0.1642100943189824,gaaf,8,0.01/pi,burgers,1.6445752252270005e-06,0.0005010454477699301,304.66556961586895,False,777,0.16,MS_hard_burgers_n8_gaaf_s777
2016,0.5598952651542854,0.6130865884420368,False,0.1642100943189824,gaaf,8,0.01/pi,burgers,1.3980284947447014e-06,0.0009563958125338014,684.1032326086114,False,777,0.2,MS_hard_burgers_n8_gaaf_s777
2016,0.5947227450212248,0.6621128501506879,False,0.1642100943189824,gaaf,8,0.01/pi,burgers,4.715218951839874e-06,0.001850866772738802,392.5303981942547,False,777,0.24,MS_hard_burgers_n8_gaaf_s777
2016,0.6473771265198471,0.7175774732946953,False,0.1642100943189824,gaaf,8,0.01/pi,burgers,0.00010613525437437981,0.0031708551608142887,29.875607115704124,False,777,0.28,MS_hard_burgers_n8_gaaf_s777
2016,0.7315459931206041,0.7751076902449389,False,0.1642100943189824,gaaf,8,0.01/pi,burgers,0.0011217209488575835,0.004759689929939912,4.243203209129166,False,777,0.32,MS_hard_burgers_n8_gaaf_s777
2016,0.8615805549292378,0.8312580887647659,False,0.1642100943189824,gaaf,8,0.01/pi,burgers,0.004912396807581136,0.006457059209403038,1.3144416997092085,False,777,0.36,MS_hard_burgers_n8_gaaf_s777
2016,1.0046814644983904,0.8833088297270107,False,0.1642100943189824,gaaf,8,0.01/pi,burgers,0.010169265071761309,0.008070694455918558,0.7936359608060368,False,777,0.4,MS_hard_burgers_n8_gaaf_s777
2016,1.1074893227186535,0.9296961706475425,False,0.1642100943189824,gaaf,8,0.01/pi,burgers,0.013869006723315215,0.009449421123328127,0.6813336608628711,False,777,0.44,MS_hard_burgers_n8_gaaf_s777
2016,1.1718577303722955,0.9705826304951609,False,0.1642100943189824,gaaf,8,0.01/pi,burgers,0.01605401329537946,0.010582799697949076,0.6591996345857603,False,777,0.48,MS_hard_burgers_n8_gaaf_s777
2016,1.212377579712704,1.0071120880517548,False,0.1642100943189824,gaaf,8,0.01/pi,burgers,0.017352095779541634,0.011526781937421102,0.6642875929149343,False,777,0.52,MS_hard_burgers_n8_gaaf_s777
2016,1.2379432584409522,1.039690829573806,False,0.1642100943189824,gaaf,8,0.01/pi,burgers,0.01811331876292011,0.012309028010562365,0.6795567489134159,False,777,0.56,MS_hard_burgers_n8_gaaf_s777
2016,1.2537616513164085,1.0679281028055416,False,0.1642100943189824,gaaf,8,0.01/pi,burgers,0.018530805873560714,0.012931502550202301,0.6978381101413751,False,777,0.6,MS_hard_burgers_n8_gaaf_s777
2016,1.263049413251328,1.0928043359509643,False,0.1642100943189824,gaaf,8,0.01/pi,burgers,0.018719770145173256,0.01343674725390002,0.7177837735023995,False,777,0.64,MS_hard_burgers_n8_gaaf_s777
2016,1.2678678757222086,1.117106811190482,False,0.1642100943189824,gaaf,8,0.01/pi,burgers,0.018752534424949636,0.013917368837471439,0.7421593541486762,False,777,0.68,MS_hard_burgers_n8_gaaf_s777
2016,1.2695752376845033,1.141953394763246,False,0.1642100943189824,gaaf,8,0.01/pi,burgers,0.018676208644799103,0.01442073450504085,0.7721446455920108,False,777,0.72,MS_hard_burgers_n8_gaaf_s777
2016,1.2690874646987593,1.1649012108208396,False,0.1642100943189824,gaaf,8,0.01/pi,burgers,0.018522414477381174,0.014898784182514212,0.8043651220907515,False,777,0.76,MS_hard_burgers_n8_gaaf_s777
2016,1.2670348234859754,1.184617042932998,False,0.1642100943189824,gaaf,8,0.01/pi,burgers,0.018312926614131676,0.015326394841302673,0.8369167399751188,False,777,0.8,MS_hard_burgers_n8_gaaf_s777
2016,1.2638587087570161,1.2044794351490131,False,0.1642100943189824,gaaf,8,0.01/pi,burgers,0.018063077332299865,0.015796662260144447,0.8745277435034461,False,777,0.84,MS_hard_burgers_n8_gaaf_s777
2016,1.259873109394413,1.2261042607236978,False,0.1642100943189824,gaaf,8,0.01/pi,burgers,0.017783878635257412,0.016360124172328402,0.9199412854681572,False,777,0.88,MS_hard_burgers_n8_gaaf_s777
2016,1.2553045177222741,1.2449659223281357,False,0.1642100943189824,gaaf,8,0.01/pi,burgers,0.017483381737177846,0.016896705052024976,0.9664437524746531,False,777,0.92,MS_hard_burgers_n8_gaaf_s777
2016,1.250318361712412,1.2609923144494513,False,0.1642100943189824,gaaf,8,0.01/pi,burgers,0.0171675688500158,0.017389289855351577,1.012915107973228,False,777,0.96,MS_hard_burgers_n8_gaaf_s777
2016,1.245036822841573,1.2800587205074523,False,0.1642100943189824,gaaf,8,0.01/pi,burgers,0.016840950487340463,0.017995591001266003,1.068561481419561,False,777,1.0,MS_hard_burgers_n8_gaaf_s777
2016,0.500144145295721,0.5006784882345674,True,0.1863680627035337,qapinn,3,0.01/pi,burgers,3.70425406377563e-06,4.504564115668388e-06,1.2160516093426452,False,1234,0.0,MS_hard_burgers_n3_qapinn_s1234
2016,0.5023917063806028,0.5027073673809839,True,0.1863680627035337,qapinn,3,0.01/pi,burgers,2.9227509926194613e-06,6.174916315109956e-06,2.112706943117245,False,1234,0.04,MS_hard_burgers_n3_qapinn_s1234
2016,0.5086916368329514,0.5090409541828365,True,0.1863680627035337,qapinn,3,0.01/pi,burgers,2.367279058804143e-06,7.606308116615285e-06,3.213101593716499,False,1234,0.08,MS_hard_burgers_n3_qapinn_s1234
2016,0.5195534572740266,0.5200158431993335,True,0.1863680627035337,qapinn,3,0.01/pi,burgers,1.9580371177122484e-06,5.794978697447333e-06,2.9595857223677813,False,1234,0.12,MS_hard_burgers_n3_qapinn_s1234
2016,0.5359988327111411,0.5368108692408515,True,0.1863680627035337,qapinn,3,0.01/pi,burgers,1.6445752252270005e-06,3.820069945098996e-06,2.3228307750846193,False,1234,0.16,MS_hard_burgers_n3_qapinn_s1234
2016,0.5598952651542854,0.5616793064162054,True,0.1863680627035337,qapinn,3,0.01/pi,burgers,1.3980284947447014e-06,6.717815668671129e-06,4.805206541872304,False,1234,0.2,MS_hard_burgers_n3_qapinn_s1234
2016,0.5947227450212248,0.5988434668973552,True,0.1863680627035337,qapinn,3,0.01/pi,burgers,4.715218951839874e-06,3.985694847771134e-05,8.452830904524422,False,1234,0.24,MS_hard_burgers_n3_qapinn_s1234
2016,0.6473771265198471,0.6559120209429371,True,0.1863680627035337,qapinn,3,0.01/pi,burgers,0.00010613525437437981,0.0004189201032775438,3.947040083400108,False,1234,0.28,MS_hard_burgers_n3_qapinn_s1234
2016,0.7315459931206041,0.7424959058155435,True,0.1863680627035337,qapinn,3,0.01/pi,burgers,0.0011217209488575835,0.0020696080886608626,1.8450293638258737,False,1234,0.32,MS_hard_burgers_n3_qapinn_s1234
2016,0.8615805549292378,0.8568255687104153,True,0.1863680627035337,qapinn,3,0.01/pi,burgers,0.004912396807581136,0.005465069154986474,1.112505640129156,False,1234,0.36,MS_hard_burgers_n3_qapinn_s1234
2016,1.0046814644983904,0.9751093503056175,True,0.1863680627035337,qapinn,3,0.01/pi,burgers,0.010169265071761309,0.009436332485182814,0.927926690728738,False,1234,0.4,MS_hard_burgers_n3_qapinn_s1234
2016,1.1074893227186535,1.0718536348660928,True,0.1863680627035337,qapinn,3,0.01/pi,burgers,0.013869006723315215,0.012677097703217483,0.9140595253952821,False,1234,0.44,MS_hard_burgers_n3_qapinn_s1234
2016,1.1718577303722955,1.1403995840039594,True,0.1863680627035337,qapinn,3,0.01/pi,burgers,0.01605401329537946,0.014902763288065711,0.9282889588957116,False,1234,0.48,MS_hard_burgers_n3_qapinn_s1234
2016,1.212377579712704,1.1955698005880182,True,0.1863680627035337,qapinn,3,0.01/pi,burgers,0.017352095779541634,0.01659662637860046,0.9564623541421502,False,1234,0.52,MS_hard_burgers_n3_qapinn_s1234
2016,1.2379432584409522,1.2371308587591532,True,0.1863680627035337,qapinn,3,0.01/pi,burgers,0.01811331876292011,0.017820384114499176,0.9838276655838133,False,1234,0.56,MS_hard_burgers_n3_qapinn_s1234
2016,1.2537616513164085,1.2584520505227257,True,0.1863680627035337,qapinn,3,0.01/pi,burgers,0.018530805873560714,0.01842716404067169,0.9944070520410072,False,1234,0.6,MS_hard_burgers_n3_qapinn_s1234
2016,1.263049413251328,1.2701734156436901,True,0.1863680627035337,qapinn,3,0.01/pi,burgers,0.018719770145173256,0.018721814643403556,1.0001092159900706,False,1234,0.64,MS_hard_burgers_n3_qapinn_s1234
2016,1.2678678757222086,1.2815203212595443,True,0.1863680627035337,qapinn,3,0.01/pi,burgers,0.018752534424949636,0.01896355444348989,1.0112528799445637,False,1234,0.68,MS_hard_burgers_n3_qapinn_s1234
2016,1.2695752376845033,1.290062925353705,True,0.1863680627035337,qapinn,3,0.01/pi,burgers,0.018676208644799103,0.019094352763231057,1.0223891329543695,False,1234,0.72,MS_hard_burgers_n3_qapinn_s1234
2016,1.2690874646987593,1.2924847170708773,True,0.1863680627035337,qapinn,3,0.01/pi,burgers,0.018522414477381174,0.019037893198343994,1.0278299960079342,False,1234,0.76,MS_hard_burgers_n3_qapinn_s1234
2016,1.2670348234859754,1.2899789184246346,True,0.1863680627035337,qapinn,3,0.01/pi,burgers,0.018312926614131676,0.018842127443390165,1.0288976655894049,False,1234,0.8,MS_hard_burgers_n3_qapinn_s1234
2016,1.2638587087570161,1.285424234225245,True,0.1863680627035337,qapinn,3,0.01/pi,burgers,0.018063077332299865,0.018593550159256043,1.0293677991406038,False,1234,0.84,MS_hard_burgers_n3_qapinn_s1234
2016,1.259873109394413,1.2806335794421992,True,0.1863680627035337,qapinn,3,0.01/pi,burgers,0.017783878635257412,0.018338580259345028,1.0311912623485797,False,1234,0.88,MS_hard_burgers_n3_qapinn_s1234
2016,1.2553045177222741,1.2758981732819088,True,0.1863680627035337,qapinn,3,0.01/pi,burgers,0.017483381737177846,0.0180746893091848,1.0338211211592754,False,1234,0.92,MS_hard_burgers_n3_qapinn_s1234
2016,1.250318361712412,1.2708091369190642,True,0.1863680627035337,qapinn,3,0.01/pi,burgers,0.0171675688500158,0.017788940823116117,1.0361945234371228,False,1234,0.96,MS_hard_burgers_n3_qapinn_s1234
2016,1.245036822841573,1.2651946362017272,True,0.1863680627035337,qapinn,3,0.01/pi,burgers,0.016840950487340463,0.017502907494261862,1.039306392321443,False,1234,1.0,MS_hard_burgers_n3_qapinn_s1234
2016,0.500144145295721,0.5012914288880405,True,0.1027555697993113,qapinn,3,0.01/pi,burgers,3.70425406377563e-06,3.649425658718558e-05,9.851985300918622,False,2025,0.0,MS_hard_burgers_n3_qapinn_s2025
2016,0.5023917063806028,0.5035809035312397,True,0.1027555697993113,qapinn,3,0.01/pi,burgers,2.9227509926194613e-06,2.1595780138682048e-05,7.388853923312581,False,2025,0.04,MS_hard_burgers_n3_qapinn_s2025
2016,0.5086916368329514,0.5104438460156907,True,0.1027555697993113,qapinn,3,0.01/pi,burgers,2.367279058804143e-06,1.9220129414726696e-05,8.119080571952491,False,2025,0.08,MS_hard_burgers_n3_qapinn_s2025
2016,0.5195534572740266,0.5220870674275369,True,0.1027555697993113,qapinn,3,0.01/pi,burgers,1.9580371177122484e-06,2.2968520552579785e-05,11.730380565724914,False,2025,0.12,MS_hard_burgers_n3_qapinn_s2025
2016,0.5359988327111411,0.5396029351912115,True,0.1027555697993113,qapinn,3,0.01/pi,burgers,1.6445752252270005e-06,2.85142416822999e-05,17.338362663443434,False,2025,0.16,MS_hard_burgers_n3_qapinn_s2025
2016,0.5598952651542854,0.5652983301405993,True,0.1027555697993113,qapinn,3,0.01/pi,burgers,1.3980284947447014e-06,5.3506620150860466e-05,38.27291099716211,False,2025,0.2,MS_hard_burgers_n3_qapinn_s2025
2016,0.5947227450212248,0.6029712854277947,True,0.1027555697993113,qapinn,3,0.01/pi,burgers,4.715218951839874e-06,0.00023531750630775792,49.90595531432051,False,2025,0.24,MS_hard_burgers_n3_qapinn_s2025
2016,0.6473771265198471,0.6573685001028592,True,0.1027555697993113,qapinn,3,0.01/pi,burgers,0.00010613525437437981,0.0009249030755109122,8.714381295478162,False,2025,0.28,MS_hard_burgers_n3_qapinn_s2025
2016,0.7315459931206041,0.7312177564217472,True,0.1027555697993113,qapinn,3,0.01/pi,burgers,0.0011217209488575835,0.002514105033717357,2.2412927531377984,False,2025,0.32,MS_hard_burgers_n3_qapinn_s2025
2016,0.8615805549292378,0.8205708409850244,True,0.1027555697993113,qapinn,3,0.01/pi,burgers,0.004912396807581136,0.005021076095491526,1.0221234749893717,False,2025,0.36,MS_hard_burgers_n3_qapinn_s2025
2016,1.0046814644983904,0.91408832512737,True,0.1027555697993113,qapinn,3,0.01/pi,burgers,0.010169265071761309,0.007965950587532205,0.7833359177206016,False,2025,0.4,MS_hard_burgers_n3_qapinn_s2025
2016,1.1074893227186535,0.9991256260162267,True,0.1027555697993113,qapinn,3,0.01/pi,burgers,0.013869006723315215,0.010736313765184288,0.7741227601494669,False,2025,0.44,MS_hard_burgers_n3_qapinn_s2025
2016,1.1718577303722955,1.0685862250896905,True,0.1027555697993113,qapinn,3,0.01/pi,burgers,0.01605401329537946,0.012971146354966422,0.8079690801489292,False,2025,0.48,MS_hard_burgers_n3_qapinn_s2025
2016,1.212377579712704,1.1218866558519467,True,0.1027555697993113,qapinn,3,0.01/pi,burgers,0.017352095779541634,0.014612079364350088,0.8420930560778679,False,2025,0.52,MS_hard_burgers_n3_qapinn_s2025
2016,1.2379432584409522,1.1618511710489787,True,0.1027555697993113,qapinn,3,0.01/pi,burgers,0.01811331876292011,0.01575984039745701,0.8700691796866667,False,2025,0.56,MS_hard_burgers_n3_qapinn_s2025
2016,1.2537616513164085,1.1919058847067086,True,0.1027555697993113,qapinn,3,0.01/pi,burgers,0.018530805873560714,0.016548719312869158,0.8930382966496051,False,2025,0.6,MS_hard_burgers_n3_qapinn_s2025
2016,1.263049413251328,1.21483595822228,True,0.1027555697993113,qapinn,3,0.01/pi,burgers,0.018719770145173256,0.017091330462545084,0.9130096325970086,False,2025,0.64,MS_hard_burgers_n3_qapinn_s2025
2016,1.2678678757222086,1.2325457581187662,True,0.1027555697993113,qapinn,3,0.01/pi,burgers,0.018752534424949636,0.01746671727766181,0.9314323537208342,False,2025,0.68,MS_hard_burgers_n3_qapinn_s2025
2016,1.2695752376845033,1.246203823171724,True,0.1027555697993113,qapinn,3,0.01/pi,burgers,0.018676208644799103,0.01772510916566984,0.9490742742695732,False,2025,0.72,MS_hard_burgers_n3_qapinn_s2025
2016,1.2690874646987593,1.2564781371817957,True,0.1027555697993113,qapinn,3,0.01/pi,burgers,0.018522414477381174,0.017896331333044385,0.9661986213999618,False,2025,0.76,MS_hard_burgers_n3_qapinn_s2025
2016,1.2670348234859754,1.2637277082758414,True,0.1027555697993113,qapinn,3,0.01/pi,burgers,0.018312926614131676,0.017996672289565835,0.9827305415879407,False,2025,0.8,MS_hard_burgers_n3_qapinn_s2025
2016,1.2638587087570161,1.2681398151508612,True,0.1027555697993113,qapinn,3,0.01/pi,burgers,0.018063077332299865,0.01803338891087661,0.9983564029053806,False,2025,0.84,MS_hard_burgers_n3_qapinn_s2025
2016,1.259873109394413,1.2698204235290382,True,0.1027555697993113,qapinn,3,0.01/pi,burgers,0.017783878635257412,0.01800744636618056,1.0125713707064956,False,2025,0.88,MS_hard_burgers_n3_qapinn_s2025
2016,1.2553045177222741,1.2688501091269009,True,0.1027555697993113,qapinn,3,0.01/pi,burgers,0.017483381737177846,0.017914902427492836,1.0246817633339993,False,2025,0.92,MS_hard_burgers_n3_qapinn_s2025
2016,1.250318361712412,1.265336483770665,True,0.1027555697993113,qapinn,3,0.01/pi,burgers,0.0171675688500158,0.0177485717089768,1.0338430481355236,False,2025,0.96,MS_hard_burgers_n3_qapinn_s2025
2016,1.245036822841573,1.2594699723833722,True,0.1027555697993113,qapinn,3,0.01/pi,burgers,0.016840950487340463,0.017500422924492613,1.0391588608759275,False,2025,1.0,MS_hard_burgers_n3_qapinn_s2025
2016,0.500144145295721,0.5029946876353334,True,0.06436150360618687,qapinn,3,0.01/pi,burgers,3.70425406377563e-06,0.00011813955011385001,31.892939328636135,False,777,0.0,MS_hard_burgers_n3_qapinn_s777
2016,0.5023917063806028,0.504699510279538,True,0.06436150360618687,qapinn,3,0.01/pi,burgers,2.9227509926194613e-06,9.022827374761365e-05,30.871009530219418,False,777,0.04,MS_hard_burgers_n3_qapinn_s777
2016,0.5086916368329514,0.5106546321060876,True,0.06436150360618687,qapinn,3,0.01/pi,burgers,2.367279058804143e-06,5.2238772044899836e-05,22.06701058357219,False,777,0.08,MS_hard_burgers_n3_qapinn_s777
2016,0.5195534572740266,0.5214626582888567,True,0.06436150360618687,qapinn,3,0.01/pi,burgers,1.9580371177122484e-06,2.049262639966197e-05,10.465902926092308,False,777,0.12,MS_hard_burgers_n3_qapinn_s777
2016,0.5359988327111411,0.5383385473525508,True,0.06436150360618687,qapinn,3,0.01/pi,burgers,1.6445752252270005e-06,8.646009330457534e-06,5.257290270357883,False,777,0.16,MS_hard_burgers_n3_qapinn_s777
2016,0.5598952651542854,0.5634995587880677,True,0.06436150360618687,qapinn,3,0.01/pi,burgers,1.3980284947447014e-06,8.293531890029633e-06,5.932305329401846,False,777,0.2,MS_hard_burgers_n3_qapinn_s777
2016,0.5947227450212248,0.6012971950178063,True,0.06436150360618687,qapinn,3,0.01/pi,burgers,4.715218951839874e-06,5.7434011019364145e-05,12.18056077691863,False,777,0.24,MS_hard_burgers_n3_qapinn_s777
2016,0.6473771265198471,0.6591873472214898,True,0.06436150360618687,qapinn,3,0.01/pi,burgers,0.00010613525437437981,0.0005058025435691904,4.765641224027509,False,777,0.28,MS_hard_burgers_n3_qapinn_s777
2016,0.7315459931206041,0.745615574245795,True,0.06436150360618687,qapinn,3,0.01/pi,burgers,0.0011217209488575835,0.0021789598974649633,1.942515114551551,False,777,0.32,MS_hard_burgers_n3_qapinn_s777
2016,0.8615805549292378,0.8595328523831061,True,0.06436150360618687,qapinn,3,0.01/pi,burgers,0.004912396807581136,0.00554729904584946,1.1292449008371028,False,777,0.36,MS_hard_burgers_n3_qapinn_s777
2016,1.0046814644983904,0.9771191067818324,True,0.06436150360618687,qapinn,3,0.01/pi,burgers,0.010169265071761309,0.009568325093620995,0.940906252919983,False,777,0.4,MS_hard_burgers_n3_qapinn_s777
2016,1.1074893227186535,1.0703662833544405,True,0.06436150360618687,qapinn,3,0.01/pi,burgers,0.013869006723315215,0.01280198819961473,0.9230645319461329,False,777,0.44,MS_hard_burgers_n3_qapinn_s777
2016,1.1718577303722955,1.1344904544696564,True,0.06436150360618687,qapinn,3,0.01/pi,burgers,0.01605401329537946,0.014927485179836733,0.9298288786227084,False,777,0.48,MS_hard_burgers_n3_qapinn_s777
2016,1.212377579712704,1.178037762966875,True,0.06436150360618687,qapinn,3,0.01/pi,burgers,0.017352095779541634,0.01627880050688469,0.9381460725958893,False,777,0.52,MS_hard_burgers_n3_qapinn_s777
2016,1.2379432584409522,1.2089548555789333,True,0.06436150360618687,qapinn,3,0.01/pi,burgers,0.01811331876292011,0.017173315145272264,0.9481042855839245,False,777,0.56,MS_hard_burgers_n3_qapinn_s777
2016,1.2537616513164085,1.2315993486293728,True,0.06436150360618687,qapinn,3,0.01/pi,burgers,0.018530805873560714,0.01777626228333922,0.9592816634435711,False,777,0.6,MS_hard_burgers_n3_qapinn_s777
2016,1.263049413251328,1.2481529356926016,True,0.06436150360618687,qapinn,3,0.01/pi,burgers,0.018719770145173256,0.018167546678348113,0.9705005209710051,False,777,0.64,MS_hard_burgers_n3_qapinn_s777
2016,1.2678678757222086,1.2598766931920007,True,0.06436150360618687,qapinn,3,0.01/pi,burgers,0.018752534424949636,0.018394814408398984,0.9809241775834462,False,777,0.68,MS_hard_burgers_n3_qapinn_s777
2016,1.2695752376845033,1.2676446974804636,True,0.06436150360618687,qapinn,3,0.01/pi,burgers,0.018676208644799103,0.018492378550616754,0.9901569907641002,False,777,0.72,MS_hard_burgers_n3_qapinn_s777
2016,1.2690874646987593,1.2721235841599843,True,0.06436150360618687,qapinn,3,0.01/pi,burgers,0.018522414477381174,0.018486038638926297,0.9980361178884483,False,777,0.76,MS_hard_burgers_n3_qapinn_s777
2016,1.2670348234859754,1.2738389317834462,True,0.06436150360618687,qapinn,3,0.01/pi,burgers,0.018312926614131676,0.01839496598205031,1.0044798611192667,False,777,0.8,MS_hard_burgers_n3_qapinn_s777
2016,1.2638587087570161,1.2732163111543457,True,0.06436150360618687,qapinn,3,0.01/pi,burgers,0.018063077332299865,0.018233520239663337,1.0094359839260993,False,777,0.84,MS_hard_burgers_n3_qapinn_s777
2016,1.259873109394413,1.2706237017460909,True,0.06436150360618687,qapinn,3,0.01/pi,burgers,0.017783878635257412,0.018013299248721342,1.0129004824070882,False,777,0.88,MS_hard_burgers_n3_qapinn_s777
2016,1.2553045177222741,1.266411871490442,True,0.06436150360618687,qapinn,3,0.01/pi,burgers,0.017483381737177846,0.017744856783919693,1.0149556333364174,False,777,0.92,MS_hard_burgers_n3_qapinn_s777
2016,1.250318361712412,1.2609466046509763,True,0.06436150360618687,qapinn,3,0.01/pi,burgers,0.0171675688500158,0.01743897964190888,1.0158095065331765,False,777,0.96,MS_hard_burgers_n3_qapinn_s777
2016,1.245036822841573,1.2546378755646541,True,0.06436150360618687,qapinn,3,0.01/pi,burgers,0.016840950487340463,0.017107352779731223,1.0158187207183476,False,777,1.0,MS_hard_burgers_n3_qapinn_s777
2016,0.500144145295721,0.5014652607844691,True,0.07186516092579012,qapinn,4,0.01/pi,burgers,3.70425406377563e-06,4.0418606966292695e-05,10.911402476830997,False,1234,0.0,MS_hard_burgers_n4_qapinn_s1234
2016,0.5023917063806028,0.5035754956863673,True,0.07186516092579012,qapinn,4,0.01/pi,burgers,2.9227509926194613e-06,4.810447247077419e-05,16.458628392308388,False,1234,0.04,MS_hard_burgers_n4_qapinn_s1234
2016,0.5086916368329514,0.5097617999226465,True,0.07186516092579012,qapinn,4,0.01/pi,burgers,2.367279058804143e-06,4.794134795219857e-05,20.251667319870887,False,1234,0.08,MS_hard_burgers_n4_qapinn_s1234
2016,0.5195534572740266,0.5205368284596854,True,0.07186516092579012,qapinn,4,0.01/pi,burgers,1.9580371177122484e-06,4.310333683086942e-05,22.01354429952326,False,1234,0.12,MS_hard_burgers_n4_qapinn_s1234
2016,0.5359988327111411,0.536986073380879,True,0.07186516092579012,qapinn,4,0.01/pi,burgers,1.6445752252270005e-06,4.200214046055228e-05,25.539811020049104,False,1234,0.16,MS_hard_burgers_n4_qapinn_s1234
2016,0.5598952651542854,0.5610038001897146,True,0.07186516092579012,qapinn,4,0.01/pi,burgers,1.3980284947447014e-06,5.526136735929306e-05,39.52806939702936,False,1234,0.2,MS_hard_burgers_n4_qapinn_s1234
2016,0.5947227450212248,0.5958913651838136,True,0.07186516092579012,qapinn,4,0.01/pi,burgers,4.715218951839874e-06,9.763532361820818e-05,20.706424158757457,False,1234,0.24,MS_hard_burgers_n4_qapinn_s1234
2016,0.6473771265198471,0.647696824166132,True,0.07186516092579012,qapinn,4,0.01/pi,burgers,0.00010613525437437981,0.0002293157286123946,2.1605990390667924,False,1234,0.28,MS_hard_burgers_n4_qapinn_s1234
2016,0.7315459931206041,0.7282336075089372,True,0.07186516092579012,qapinn,4,0.01/pi,burgers,0.0011217209488575835,0.0010985458035671475,0.9793396518857576,False,1234,0.32,MS_hard_burgers_n4_qapinn_s1234
2016,0.8615805549292378,0.8534012256672782,True,0.07186516092579012,qapinn,4,0.01/pi,burgers,0.004912396807581136,0.004612655815911057,0.9389827403178223,False,1234,0.36,MS_hard_burgers_n4_qapinn_s1234
2016,1.0046814644983904,0.9969290734115142,True,0.07186516092579012,qapinn,4,0.01/pi,burgers,0.010169265071761309,0.00987847899043842,0.9714053985936149,False,1234,0.4,MS_hard_burgers_n4_qapinn_s1234
2016,1.1074893227186535,1.103682003837798,True,0.07186516092579012,qapinn,4,0.01/pi,burgers,0.013869006723315215,0.013798493917948582,0.9949157999002125,False,1234,0.44,MS_hard_burgers_n4_qapinn_s1234
2016,1.1718577303722955,1.1665946525627053,True,0.07186516092579012,qapinn,4,0.01/pi,burgers,0.01605401329537946,0.01596527853393116,0.994472736516679,False,1234,0.48,MS_hard_burgers_n4_qapinn_s1234
2016,1.212377579712704,1.2034956904405938,True,0.07186516092579012,qapinn,4,0.01/pi,burgers,0.017352095779541634,0.01713781957038986,0.9876512778701688,False,1234,0.52,MS_hard_burgers_n4_qapinn_s1234
2016,1.2379432584409522,1.226943109508569,True,0.07186516092579012,qapinn,4,0.01/pi,burgers,0.01811331876292011,0.017818109418350613,0.9837020841716858,False,1234,0.56,MS_hard_burgers_n4_qapinn_s1234
2016,1.2537616513164085,1.2426573706516708,True,0.07186516092579012,qapinn,4,0.01/pi,burgers,0.018530805873560714,0.018223225486622037,0.983401672380718,False,1234,0.6,MS_hard_burgers_n4_qapinn_s1234
2016,1.263049413251328,1.253131478915983,True,0.07186516092579012,qapinn,4,0.01/pi,burgers,0.018719770145173256,0.018444114627463953,0.9852746312817106,False,1234,0.64,MS_hard_burgers_n4_qapinn_s1234
2016,1.2678678757222086,1.2596342611830031,True,0.07186516092579012,qapinn,4,0.01/pi,burgers,0.018752534424949636,0.018525510715730695,0.9878937052414156,False,1234,0.68,MS_hard_burgers_n4_qapinn_s1234
2016,1.2695752376845033,1.2630083737103324,True,0.07186516092579012,qapinn,4,0.01/pi,burgers,0.018676208644799103,0.018496333682209532,0.9903687645597351,False,1234,0.72,MS_hard_burgers_n4_qapinn_s1234
2016,1.2690874646987593,1.2639491408194503,True,0.07186516092579012,qapinn,4,0.01/pi,burgers,0.018522414477381174,0.018380525488040214,0.9923396061828641,False,1234,0.76,MS_hard_burgers_n4_qapinn_s1234
2016,1.2670348234859754,1.2630796791378052,True,0.07186516092579012,qapinn,4,0.01/pi,burgers,0.018312926614131676,0.018200362018078006,0.993853271056806,False,1234,0.8,MS_hard_burgers_n4_qapinn_s1234
2016,1.2638587087570161,1.2609508973035306,True,0.07186516092579012,qapinn,4,0.01/pi,burgers,0.018063077332299865,0.017976951856716175,0.9952319599811665,False,1234,0.84,MS_hard_burgers_n4_qapinn_s1234
2016,1.259873109394413,1.2580183925279182,True,0.07186516092579012,qapinn,4,0.01/pi,burgers,0.017783878635257412,0.017729434600446674,0.9969385736414778,False,1234,0.88,MS_hard_burgers_n4_qapinn_s1234
2016,1.2553045177222741,1.2546271847332706,True,0.07186516092579012,qapinn,4,0.01/pi,burgers,0.017483381737177846,0.017473966797612546,0.9994614920782013,False,1234,0.92,MS_hard_burgers_n4_qapinn_s1234
2016,1.250318361712412,1.2510021803746476,True,0.07186516092579012,qapinn,4,0.01/pi,burgers,0.0171675688500158,0.017222517030229836,1.0032006966562412,False,1234,0.96,MS_hard_burgers_n4_qapinn_s1234
2016,1.245036822841573,1.247259973809837,True,0.07186516092579012,qapinn,4,0.01/pi,burgers,0.016840950487340463,0.016982087316616445,1.00838057385075,False,1234,1.0,MS_hard_burgers_n4_qapinn_s1234
2016,0.500144145295721,0.500333702680302,True,0.04059243479641747,qapinn,4,0.01/pi,burgers,3.70425406377563e-06,9.267208168088112e-06,2.5017744486571036,False,2025,0.0,MS_hard_burgers_n4_qapinn_s2025
2016,0.5023917063806028,0.5026140967305789,True,0.04059243479641747,qapinn,4,0.01/pi,burgers,2.9227509926194613e-06,7.59301677386133e-06,2.597900674068792,False,2025,0.04,MS_hard_burgers_n4_qapinn_s2025
2016,0.5086916368329514,0.5089228426814323,True,0.04059243479641747,qapinn,4,0.01/pi,burgers,2.367279058804143e-06,5.902415345826105e-06,2.493333147131279,False,2025,0.08,MS_hard_burgers_n4_qapinn_s2025
2016,0.5195534572740266,0.5197981419588114,True,0.04059243479641747,qapinn,4,0.01/pi,burgers,1.9580371177122484e-06,6.759953417216018e-06,3.4524133153891805,False,2025,0.12,MS_hard_burgers_n4_qapinn_s2025
2016,0.5359988327111411,0.5362235736656606,True,0.04059243479641747,qapinn,4,0.01/pi,burgers,1.6445752252270005e-06,1.018407305630442e-05,6.192524914692616,False,2025,0.16,MS_hard_burgers_n4_qapinn_s2025
2016,0.5598952651542854,0.5599338830945298,True,0.04059243479641747,qapinn,4,0.01/pi,burgers,1.3980284947447014e-06,1.0872881774448153e-05,7.777296253488514,False,2025,0.2,MS_hard_burgers_n4_qapinn_s2025
2016,0.5947227450212248,0.5942558353555677,True,0.04059243479641747,qapinn,4,0.01/pi,burgers,4.715218951839874e-06,1.1642587738803296e-05,2.469151031525348,False,2025,0.24,MS_hard_burgers_n4_qapinn_s2025
2016,0.6473771265198471,0.6460770154777413,True,0.04059243479641747,qapinn,4,0.01/pi,burgers,0.00010613525437437981,0.0001459267803559945,1.3749133708320393,False,2025,0.28,MS_hard_burgers_n4_qapinn_s2025
2016,0.7315459931206041,0.728494349498957,True,0.04059243479641747,qapinn,4,0.01/pi,burgers,0.0011217209488575835,0.0012055837843996003,1.0747626543191753,False,2025,0.32,MS_hard_burgers_n4_qapinn_s2025
2016,0.8615805549292378,0.8528179420330607,True,0.04059243479641747,qapinn,4,0.01/pi,burgers,0.004912396807581136,0.0047200706181974835,0.9608488082463449,False,2025,0.36,MS_hard_burgers_n4_qapinn_s2025
2016,1.0046814644983904,0.9912739574439196,True,0.04059243479641747,qapinn,4,0.01/pi,burgers,0.010169265071761309,0.00972686719219694,0.9564965731109863,False,2025,0.4,MS_hard_burgers_n4_qapinn_s2025
2016,1.1074893227186535,1.0929041243650226,True,0.04059243479641747,qapinn,4,0.01/pi,burgers,0.013869006723315215,0.013401512350380123,0.9662921518273413,False,2025,0.44,MS_hard_burgers_n4_qapinn_s2025
2016,1.1718577303722955,1.1561017637851156,True,0.04059243479641747,qapinn,4,0.01/pi,burgers,0.01605401329537946,0.015535356745579421,0.9676930285121096,False,2025,0.48,MS_hard_burgers_n4_qapinn_s2025
2016,1.212377579712704,1.1975436187526067,True,0.04059243479641747,qapinn,4,0.01/pi,burgers,0.017352095779541634,0.016849776575083773,0.9710513812948115,False,2025,0.52,MS_hard_burgers_n4_qapinn_s2025
2016,1.2379432584409522,1.2259264396710403,True,0.04059243479641747,qapinn,4,0.01/pi,burgers,0.01811331876292011,0.01770211736438728,0.9772983955113405,False,2025,0.56,MS_hard_burgers_n4_qapinn_s2025
2016,1.2537616513164085,1.245088204242291,True,0.04059243479641747,qapinn,4,0.01/pi,burgers,0.018530805873560714,0.018234871020492757,0.9840301142277795,False,2025,0.6,MS_hard_burgers_n4_qapinn_s2025
2016,1.263049413251328,1.2573711619414654,True,0.04059243479641747,qapinn,4,0.01/pi,burgers,0.018719770145173256,0.018529757470920047,0.989849625674907,False,2025,0.64,MS_hard_burgers_n4_qapinn_s2025
2016,1.2678678757222086,1.2645246810102497,True,0.04059243479641747,qapinn,4,0.01/pi,burgers,0.018752534424949636,0.0186475454065824,0.9944013424538739,False,2025,0.68,MS_hard_burgers_n4_qapinn_s2025
2016,1.2695752376845033,1.2678691041931358,True,0.04059243479641747,qapinn,4,0.01/pi,burgers,0.018676208644799103,0.01863436048762664,0.9977592798426935,False,2025,0.72,MS_hard_burgers_n4_qapinn_s2025
2016,1.2690874646987593,1.2683486773750647,True,0.04059243479641747,qapinn,4,0.01/pi,burgers,0.018522414477381174,0.018523013196117776,1.0000323240113935,False,2025,0.76,MS_hard_burgers_n4_qapinn_s2025
2016,1.2670348234859754,1.2666260392693556,True,0.04059243479641747,qapinn,4,0.01/pi,burgers,0.018312926614131676,0.018335726425134022,1.0012450118696348,False,2025,0.8,MS_hard_burgers_n4_qapinn_s2025
2016,1.2638587087570161,1.2631682140713807,True,0.04059243479641747,qapinn,4,0.01/pi,burgers,0.018063077332299865,0.01808697705119306,1.0013231255368906,False,2025,0.84,MS_hard_burgers_n4_qapinn_s2025
2016,1.259873109394413,1.2583371791650884,True,0.04059243479641747,qapinn,4,0.01/pi,burgers,0.017783878635257412,0.017786674198149968,1.0001571964670863,False,2025,0.88,MS_hard_burgers_n4_qapinn_s2025
2016,1.2553045177222741,1.2524627177501506,True,0.04059243479641747,qapinn,4,0.01/pi,burgers,0.017483381737177846,0.017442820766893612,0.9976800271884483,False,2025,0.92,MS_hard_burgers_n4_qapinn_s2025
2016,1.250318361712412,1.2458994249413746,True,0.04059243479641747,qapinn,4,0.01/pi,burgers,0.0171675688500158,0.017063738303487463,0.9939519365010008,False,2025,0.96,MS_hard_burgers_n4_qapinn_s2025
2016,1.245036822841573,1.2390674102736274,True,0.04059243479641747,qapinn,4,0.01/pi,burgers,0.016840950487340463,0.016659398827081954,0.9892196310181551,False,2025,1.0,MS_hard_burgers_n4_qapinn_s2025
2016,0.500144145295721,0.5018863350315127,True,0.16071983243390056,qapinn,4,0.01/pi,burgers,3.70425406377563e-06,0.00011135804805551793,30.062205814796126,False,777,0.0,MS_hard_burgers_n4_qapinn_s777
2016,0.5023917063806028,0.5060291131650276,True,0.16071983243390056,qapinn,4,0.01/pi,burgers,2.9227509926194613e-06,0.00010841434497753225,37.09325401010912,False,777,0.04,MS_hard_burgers_n4_qapinn_s777
2016,0.5086916368329514,0.5146880563693079,True,0.16071983243390056,qapinn,4,0.01/pi,burgers,2.367279058804143e-06,0.00014927293333521458,63.05675403161867,False,777,0.08,MS_hard_burgers_n4_qapinn_s777
2016,0.5195534572740266,0.5265305028193993,True,0.16071983243390056,qapinn,4,0.01/pi,burgers,1.9580371177122484e-06,0.0001707637699395294,87.21171238012491,False,777,0.12,MS_hard_burgers_n4_qapinn_s777
2016,0.5359988327111411,0.5440837184157729,True,0.16071983243390056,qapinn,4,0.01/pi,burgers,1.6445752252270005e-06,0.00011870498836570344,72.17972552719114,False,777,0.16,MS_hard_burgers_n4_qapinn_s777
2016,0.5598952651542854,0.5703903688613826,True,0.16071983243390056,qapinn,4,0.01/pi,burgers,1.3980284947447014e-06,5.8211780435697704e-05,41.638479225938774,False,777,0.2,MS_hard_burgers_n4_qapinn_s777
2016,0.5947227450212248,0.6101787118958988,True,0.16071983243390056,qapinn,4,0.01/pi,burgers,4.715218951839874e-06,7.792508104899076e-05,16.526291110741415,False,777,0.24,MS_hard_burgers_n4_qapinn_s777
2016,0.6473771265198471,0.6728632570837417,True,0.16071983243390056,qapinn,4,0.01/pi,burgers,0.00010613525437437981,0.0006726729118718024,6.337883824153534,False,777,0.28,MS_hard_burgers_n4_qapinn_s777
2016,0.7315459931206041,0.7679807788085697,True,0.16071983243390056,qapinn,4,0.01/pi,burgers,0.0011217209488575835,0.002848071825894952,2.5390199129253763,False,777,0.32,MS_hard_burgers_n4_qapinn_s777
2016,0.8615805549292378,0.8861617650559389,True,0.16071983243390056,qapinn,4,0.01/pi,burgers,0.004912396807581136,0.0066077201609040246,1.3451112399361862,False,777,0.36,MS_hard_burgers_n4_qapinn_s777
2016,1.0046814644983904,0.9967703480184756,True,0.16071983243390056,qapinn,4,0.01/pi,burgers,0.010169265071761309,0.01039105043933013,1.0218093801276447,False,777,0.4,MS_hard_burgers_n4_qapinn_s777
2016,1.1074893227186535,1.0817656470474049,True,0.16071983243390056,qapinn,4,0.01/pi,burgers,0.013869006723315215,0.013212672945002788,0.9526762232215907,False,777,0.44,MS_hard_burgers_n4_qapinn_s777
2016,1.1718577303722955,1.1436294905455566,True,0.16071983243390056,qapinn,4,0.01/pi,burgers,0.01605401329537946,0.015167546799400607,0.9447822497920824,False,777,0.48,MS_hard_burgers_n4_qapinn_s777
2016,1.212377579712704,1.1891309310606022,True,0.16071983243390056,qapinn,4,0.01/pi,burgers,0.017352095779541634,0.016558506813935284,0.9542655264419413,False,777,0.52,MS_hard_burgers_n4_qapinn_s777
2016,1.2379432584409522,1.2224249433956496,True,0.16071983243390056,qapinn,4,0.01/pi,burgers,0.01811331876292011,0.017554752292703854,0.9691626654658284,False,777,0.56,MS_hard_burgers_n4_qapinn_s777
2016,1.2537616513164085,1.2456357381142917,True,0.16071983243390056,qapinn,4,0.01/pi,burgers,0.018530805873560714,0.01822564272311103,0.9835321165991446,False,777,0.6,MS_hard_burgers_n4_qapinn_s777
2016,1.263049413251328,1.2602604708965468,True,0.16071983243390056,qapinn,4,0.01/pi,burgers,0.018719770145173256,0.018610403852399246,0.994157711770718,False,777,0.64,MS_hard_burgers_n4_qapinn_s777
2016,1.2678678757222086,1.2678580719652879,True,0.16071983243390056,qapinn,4,0.01/pi,burgers,0.018752534424949636,0.01875327354978096,1.0000394146633504,False,777,0.68,MS_hard_burgers_n4_qapinn_s777
2016,1.2695752376845033,1.2701684626193475,True,0.16071983243390056,qapinn,4,0.01/pi,burgers,0.018676208644799103,0.018711086767974273,1.0018675162522819,False,777,0.72,MS_hard_burgers_n4_qapinn_s777
2016,1.2690874646987593,1.2689678155747823,True,0.16071983243390056,qapinn,4,0.01/pi,burgers,0.018522414477381174,0.018547123878417077,1.0013340270009656,False,777,0.76,MS_hard_burgers_n4_qapinn_s777
2016,1.2670348234859754,1.265796610616417,True,0.16071983243390056,qapinn,4,0.01/pi,burgers,0.018312926614131676,0.018318031551324228,1.0002787614071806,False,777,0.8,MS_hard_burgers_n4_qapinn_s777
2016,1.2638587087570161,1.261658198919962,True,0.16071983243390056,qapinn,4,0.01/pi,burgers,0.018063077332299865,0.018058586017237633,0.9997513538263937,False,777,0.84,MS_hard_burgers_n4_qapinn_s777
2016,1.259873109394413,1.256901554080342,True,0.16071983243390056,qapinn,4,0.01/pi,burgers,0.017783878635257412,0.01777350932833521,0.9994169265808166,False,777,0.88,MS_hard_burgers_n4_qapinn_s777
2016,1.2553045177222741,1.2515010262547737,True,0.16071983243390056,qapinn,4,0.01/pi,burgers,0.017483381737177846,0.017446144762544278,0.9978701503408586,False,777,0.92,MS_hard_burgers_n4_qapinn_s777
2016,1.250318361712412,1.245690678023435,True,0.16071983243390056,qapinn,4,0.01/pi,burgers,0.0171675688500158,0.01706662925762405,0.9941203327463775,False,777,0.96,MS_hard_burgers_n4_qapinn_s777
2016,1.245036822841573,1.2405576664619888,True,0.16071983243390056,qapinn,4,0.01/pi,burgers,0.016840950487340463,0.016665940569861443,0.9896080736291828,False,777,1.0,MS_hard_burgers_n4_qapinn_s777
2016,0.500144145295721,0.5001202438669008,True,0.005150851331942451,qapinn,5,0.01/pi,burgers,3.70425406377563e-06,2.3547640174737965e-06,0.6356918226806666,False,1234,0.0,MS_hard_burgers_n5_qapinn_s1234
2016,0.5023917063806028,0.5023649562983228,True,0.005150851331942451,qapinn,5,0.01/pi,burgers,2.9227509926194613e-06,2.45143952789064e-06,0.8387438868658403,False,1234,0.04,MS_hard_burgers_n5_qapinn_s1234
2016,0.5086916368329514,0.5086736449836167,True,0.005150851331942451,qapinn,5,0.01/pi,burgers,2.367279058804143e-06,2.442740354339288e-06,1.0318768060970662,False,1234,0.08,MS_hard_burgers_n5_qapinn_s1234
2016,0.5195534572740266,0.5195632672973213,True,0.005150851331942451,qapinn,5,0.01/pi,burgers,1.9580371177122484e-06,2.26340678808856e-06,1.155957038614826,False,1234,0.12,MS_hard_burgers_n5_qapinn_s1234
2016,0.5359988327111411,0.5360745201314976,True,0.005150851331942451,qapinn,5,0.01/pi,burgers,1.6445752252270005e-06,1.9271424886468694e-06,1.1718177795003972,False,1234,0.16,MS_hard_burgers_n5_qapinn_s1234
2016,0.5598952651542854,0.5600873809991912,True,0.005150851331942451,qapinn,5,0.01/pi,burgers,1.3980284947447014e-06,1.6887039583894702e-06,1.207918125229522,False,1234,0.2,MS_hard_burgers_n5_qapinn_s1234
2016,0.5947227450212248,0.5950734763652343,True,0.005150851331942451,qapinn,5,0.01/pi,burgers,4.715218951839874e-06,7.462444071221653e-06,1.5826293852822708,False,1234,0.24,MS_hard_burgers_n5_qapinn_s1234
2016,0.6473771265198471,0.6479717885373326,True,0.005150851331942451,qapinn,5,0.01/pi,burgers,0.00010613525437437981,0.00013224980972470935,1.246049773981918,False,1234,0.28,MS_hard_burgers_n5_qapinn_s1234
2016,0.7315459931206041,0.7323673415041378,True,0.005150851331942451,qapinn,5,0.01/pi,burgers,0.0011217209488575835,0.0011971703226529625,1.0672621598733807,False,1234,0.32,MS_hard_burgers_n5_qapinn_s1234
2016,0.8615805549292378,0.8607598847812962,True,0.005150851331942451,qapinn,5,0.01/pi,burgers,0.004912396807581136,0.004902696546722103,0.9980253507118841,False,1234,0.36,MS_hard_burgers_n5_qapinn_s1234
2016,1.0046814644983904,1.0023621100680573,True,0.005150851331942451,qapinn,5,0.01/pi,burgers,0.010169265071761309,0.010098806245184732,0.9930713944341728,False,1234,0.4,MS_hard_burgers_n5_qapinn_s1234
2016,1.1074893227186535,1.105446179483762,True,0.005150851331942451,qapinn,5,0.01/pi,burgers,0.013869006723315215,0.01383204807690815,0.9973351627016711,False,1234,0.44,MS_hard_burgers_n5_qapinn_s1234
2016,1.1718577303722955,1.1688711285506799,True,0.005150851331942451,qapinn,5,0.01/pi,burgers,0.01605401329537946,0.01595793924205682,0.9940155740776488,False,1234,0.48,MS_hard_burgers_n5_qapinn_s1234
2016,1.212377579712704,1.2094089482709234,True,0.005150851331942451,qapinn,5,0.01/pi,burgers,0.017352095779541634,0.017235015282429746,0.9932526595865193,False,1234,0.52,MS_hard_burgers_n5_qapinn_s1234
2016,1.2379432584409522,1.236013893168702,True,0.005150851331942451,qapinn,5,0.01/pi,burgers,0.01811331876292011,0.01803339257074346,0.9955874352335551,False,1234,0.56,MS_hard_burgers_n5_qapinn_s1234
2016,1.2537616513164085,1.2527749474306589,True,0.005150851331942451,qapinn,5,0.01/pi,burgers,0.018530805873560714,0.018492868280980266,0.9979527284005184,False,1234,0.6,MS_hard_burgers_n5_qapinn_s1234
2016,1.263049413251328,1.2624423800897202,True,0.005150851331942451,qapinn,5,0.01/pi,burgers,0.018719770145173256,0.018701263422084183,0.9990113808585495,False,1234,0.64,MS_hard_burgers_n5_qapinn_s1234
2016,1.2678678757222086,1.2672481679622196,True,0.005150851331942451,qapinn,5,0.01/pi,burgers,0.018752534424949636,0.018735078254993272,0.9990691300940561,False,1234,0.68,MS_hard_burgers_n5_qapinn_s1234
2016,1.2695752376845033,1.268879469186567,True,0.005150851331942451,qapinn,5,0.01/pi,burgers,0.018676208644799103,0.018654895151695047,0.9988587890877954,False,1234,0.72,MS_hard_burgers_n5_qapinn_s1234
2016,1.2690874646987593,1.2684590268757998,True,0.005150851331942451,qapinn,5,0.01/pi,burgers,0.018522414477381174,0.01850121718326191,0.9988555868812271,False,1234,0.76,MS_hard_burgers_n5_qapinn_s1234
2016,1.2670348234859754,1.2666479549217509,True,0.005150851331942451,qapinn,5,0.01/pi,burgers,0.018312926614131676,0.01829758079334665,0.9991620224823494,False,1234,0.8,MS_hard_burgers_n5_qapinn_s1234
2016,1.2638587087570161,1.2637901924521553,True,0.005150851331942451,qapinn,5,0.01/pi,burgers,0.018063077332299865,0.018056527713781995,0.9996374029520342,False,1234,0.84,MS_hard_burgers_n5_qapinn_s1234
2016,1.259873109394413,1.2600420028819437,True,0.005150851331942451,qapinn,5,0.01/pi,burgers,0.017783878635257412,0.017784941536340377,1.0000597676752505,False,1234,0.88,MS_hard_burgers_n5_qapinn_s1234
2016,1.2553045177222741,1.2554674147280114,True,0.005150851331942451,qapinn,5,0.01/pi,burgers,0.017483381737177846,0.01748749960150845,1.000235530196189,False,1234,0.92,MS_hard_burgers_n5_qapinn_s1234
2016,1.250318361712412,1.250093142706655,True,0.005150851331942451,qapinn,5,0.01/pi,burgers,0.0171675688500158,0.0171679199020042,1.0000204485557314,False,1234,0.96,MS_hard_burgers_n5_qapinn_s1234
2016,1.245036822841573,1.2439230135338193,True,0.005150851331942451,qapinn,5,0.01/pi,burgers,0.016840950487340463,0.01682827532389089,0.9992473605655986,False,1234,1.0,MS_hard_burgers_n5_qapinn_s1234
2016,0.500144145295721,0.5004684843544848,True,0.02136205467042819,qapinn,5,0.01/pi,burgers,3.70425406377563e-06,1.39863026649783e-05,3.7757406549815595,False,2025,0.0,MS_hard_burgers_n5_qapinn_s2025
2016,0.5023917063806028,0.5026756938832316,True,0.02136205467042819,qapinn,5,0.01/pi,burgers,2.9227509926194613e-06,1.1452020746549677e-05,3.9182334641125265,False,2025,0.04,MS_hard_burgers_n5_qapinn_s2025
2016,0.5086916368329514,0.5090235016563351,True,0.02136205467042819,qapinn,5,0.01/pi,burgers,2.367279058804143e-06,1.1287179421074232e-05,4.7679969875524835,False,2025,0.08,MS_hard_burgers_n5_qapinn_s2025
2016,0.5195534572740266,0.5199944538341703,True,0.02136205467042819,qapinn,5,0.01/pi,burgers,1.9580371177122484e-06,1.152422285898713e-05,5.885599795192811,False,2025,0.12,MS_hard_burgers_n5_qapinn_s2025
2016,0.5359988327111411,0.5365999458500805,True,0.02136205467042819,qapinn,5,0.01/pi,burgers,1.6445752252270005e-06,1.028126033217369e-05,6.25162058534268,False,2025,0.16,MS_hard_burgers_n5_qapinn_s2025
2016,0.5598952651542854,0.5607141061776003,True,0.02136205467042819,qapinn,5,0.01/pi,burgers,1.3980284947447014e-06,8.452468110864105e-06,6.045991296055549,False,2025,0.2,MS_hard_burgers_n5_qapinn_s2025
2016,0.5947227450212248,0.595840416611494,True,0.02136205467042819,qapinn,5,0.01/pi,burgers,4.715218951839874e-06,1.8249395583656273e-05,3.8703177455917244,False,2025,0.24,MS_hard_burgers_n5_qapinn_s2025
2016,0.6473771265198471,0.6490670708508699,True,0.02136205467042819,qapinn,5,0.01/pi,burgers,0.00010613525437437981,0.0001851359617605934,1.74433992599243,False,2025,0.28,MS_hard_burgers_n5_qapinn_s2025
2016,0.7315459931206041,0.7335931660982665,True,0.02136205467042819,qapinn,5,0.01/pi,burgers,0.0011217209488575835,0.0013541823956469438,1.2072364316866067,False,2025,0.32,MS_hard_burgers_n5_qapinn_s2025
2016,0.8615805549292378,0.8590413686430832,True,0.02136205467042819,qapinn,5,0.01/pi,burgers,0.004912396807581136,0.00492953237358721,1.0034882292040475,False,2025,0.36,MS_hard_burgers_n5_qapinn_s2025
2016,1.0046814644983904,0.9966821736728271,True,0.02136205467042819,qapinn,5,0.01/pi,burgers,0.010169265071761309,0.009868481237860282,0.9704222643643872,False,2025,0.4,MS_hard_burgers_n5_qapinn_s2025
2016,1.1074893227186535,1.1007510696046836,True,0.02136205467042819,qapinn,5,0.01/pi,burgers,0.013869006723315215,0.013626194166348055,0.9824924335382311,False,2025,0.44,MS_hard_burgers_n5_qapinn_s2025
2016,1.1718577303722955,1.166577494270825,True,0.02136205467042819,qapinn,5,0.01/pi,burgers,0.01605401329537946,0.015856280436606106,0.9876832755065511,False,2025,0.48,MS_hard_burgers_n5_qapinn_s2025
2016,1.212377579712704,1.2082389569150747,True,0.02136205467042819,qapinn,5,0.01/pi,burgers,0.017352095779541634,0.017181963529722684,0.9901952909907552,False,2025,0.52,MS_hard_burgers_n5_qapinn_s2025
2016,1.2379432584409522,1.235140622420625,True,0.02136205467042819,qapinn,5,0.01/pi,burgers,0.01811331876292011,0.017990864843197493,0.9932395646912983,False,2025,0.56,MS_hard_burgers_n5_qapinn_s2025
2016,1.2537616513164085,1.2520817478723105,True,0.02136205467042819,qapinn,5,0.01/pi,burgers,0.018530805873560714,0.018459180494458407,0.9961347941589254,False,2025,0.6,MS_hard_burgers_n5_qapinn_s2025
2016,1.263049413251328,1.2619269572406029,True,0.02136205467042819,qapinn,5,0.01/pi,burgers,0.018719770145173256,0.01868342268288502,0.9980583382164226,False,2025,0.64,MS_hard_burgers_n5_qapinn_s2025
2016,1.2678678757222086,1.2667114594493538,True,0.02136205467042819,qapinn,5,0.01/pi,burgers,0.018752534424949636,0.018729240152562367,0.9987578067124475,False,2025,0.68,MS_hard_burgers_n5_qapinn_s2025
2016,1.2695752376845033,1.2679981983963315,True,0.02136205467042819,qapinn,5,0.01/pi,burgers,0.018676208644799103,0.018647163777359865,0.9984448199315161,False,2025,0.72,MS_hard_burgers_n5_qapinn_s2025
2016,1.2690874646987593,1.2669949129465812,True,0.02136205467042819,qapinn,5,0.01/pi,burgers,0.018522414477381174,0.0184781502577988,0.9976102349055826,False,2025,0.76,MS_hard_burgers_n5_qapinn_s2025
2016,1.2670348234859754,1.2645824684535112,True,0.02136205467042819,qapinn,5,0.01/pi,burgers,0.018312926614131676,0.018253851657767484,0.9967741389670286,False,2025,0.8,MS_hard_burgers_n5_qapinn_s2025
2016,1.2638587087570161,1.261336174074619,True,0.02136205467042819,qapinn,5,0.01/pi,burgers,0.018063077332299865,0.017995850697669038,0.9962782291525368,False,2025,0.84,MS_hard_burgers_n5_qapinn_s2025
2016,1.259873109394413,1.2575633019910735,True,0.02136205467042819,qapinn,5,0.01/pi,burgers,0.017783878635257412,0.01771701262476055,0.9962400772144105,False,2025,0.88,MS_hard_burgers_n5_qapinn_s2025
2016,1.2553045177222741,1.2533525955848384,True,0.02136205467042819,qapinn,5,0.01/pi,burgers,0.017483381737177846,0.017424534871061614,0.9966341256513838,False,2025,0.92,MS_hard_burgers_n5_qapinn_s2025
2016,1.250318361712412,1.2486256213200577,True,0.02136205467042819,qapinn,5,0.01/pi,burgers,0.0171675688500158,0.0171220776004447,0.9973501635573137,False,2025,0.96,MS_hard_burgers_n5_qapinn_s2025
2016,1.245036822841573,1.2431923697925242,True,0.02136205467042819,qapinn,5,0.01/pi,burgers,0.016840950487340463,0.016810141519413364,0.9981705920963155,False,2025,1.0,MS_hard_burgers_n5_qapinn_s2025
2016,0.500144145295721,0.5002694625628545,True,0.05141225401819434,qapinn,5,0.01/pi,burgers,3.70425406377563e-06,8.044649676652244e-06,2.171732699255673,False,777,0.0,MS_hard_burgers_n5_qapinn_s777
2016,0.5023917063806028,0.5024829714620289,True,0.05141225401819434,qapinn,5,0.01/pi,burgers,2.9227509926194613e-06,7.396829091320839e-06,2.530776350773409,False,777,0.04,MS_hard_burgers_n5_qapinn_s777
2016,0.5086916368329514,0.5087797676752338,True,0.05141225401819434,qapinn,5,0.01/pi,burgers,2.367279058804143e-06,6.936477927814271e-06,2.930147969677183,False,777,0.08,MS_hard_burgers_n5_qapinn_s777
2016,0.5195534572740266,0.5197437177259218,True,0.05141225401819434,qapinn,5,0.01/pi,burgers,1.9580371177122484e-06,6.584542248045019e-06,3.362828103962776,False,777,0.12,MS_hard_burgers_n5_qapinn_s777
2016,0.5359988327111411,0.5364107905614612,True,0.05141225401819434,qapinn,5,0.01/pi,burgers,1.6445752252270005e-06,7.454807578697352e-06,4.532968431205916,False,777,0.16,MS_hard_burgers_n5_qapinn_s777
2016,0.5598952651542854,0.5607146159989356,True,0.05141225401819434,qapinn,5,0.01/pi,burgers,1.3980284947447014e-06,6.9183701110151486e-06,4.94866173116059,False,777,0.2,MS_hard_burgers_n5_qapinn_s777
2016,0.5947227450212248,0.5964602051769288,True,0.05141225401819434,qapinn,5,0.01/pi,burgers,4.715218951839874e-06,2.4549165062801143e-05,5.206367999776995,False,777,0.24,MS_hard_burgers_n5_qapinn_s777
2016,0.6473771265198471,0.6509541486674353,True,0.05141225401819434,qapinn,5,0.01/pi,burgers,0.00010613525437437981,0.00029664193967502095,2.794942561014184,False,777,0.28,MS_hard_burgers_n5_qapinn_s777
2016,0.7315459931206041,0.7353664510609039,True,0.05141225401819434,qapinn,5,0.01/pi,burgers,0.0011217209488575835,0.001661199419163156,1.480938214495329,False,777,0.32,MS_hard_burgers_n5_qapinn_s777
2016,0.8615805549292378,0.8542309096254147,True,0.05141225401819434,qapinn,5,0.01/pi,burgers,0.004912396807581136,0.005006089809062329,1.0190727673580033,False,777,0.36,MS_hard_burgers_n5_qapinn_s777
2016,1.0046814644983904,0.9839421649274934,True,0.05141225401819434,qapinn,5,0.01/pi,burgers,0.010169265071761309,0.00945959092878399,0.9302138219458956,False,777,0.4,MS_hard_burgers_n5_qapinn_s777
2016,1.1074893227186535,1.0873482280214493,True,0.05141225401819434,qapinn,5,0.01/pi,burgers,0.013869006723315215,0.013134370009215012,0.9470303296583451,False,777,0.44,MS_hard_burgers_n5_qapinn_s777
2016,1.1718577303722955,1.1552261445298582,True,0.05141225401819434,qapinn,5,0.01/pi,burgers,0.01605401329537946,0.015470739909876954,0.9636680638809251,False,777,0.48,MS_hard_burgers_n5_qapinn_s777
2016,1.212377579712704,1.1983016319288116,True,0.05141225401819434,qapinn,5,0.01/pi,burgers,0.017352095779541634,0.01687683031948841,0.9726104865895469,False,777,0.52,MS_hard_burgers_n5_qapinn_s777
2016,1.2379432584409522,1.2264559726586115,True,0.05141225401819434,qapinn,5,0.01/pi,burgers,0.01811331876292011,0.017744197497588376,0.9796215552675326,False,777,0.56,MS_hard_burgers_n5_qapinn_s777
2016,1.2537616513164085,1.245029909944819,True,0.05141225401819434,qapinn,5,0.01/pi,burgers,0.018530805873560714,0.01827226931224755,0.9860482828929725,False,777,0.6,MS_hard_burgers_n5_qapinn_s777
2016,1.263049413251328,1.2567581678845328,True,0.05141225401819434,qapinn,5,0.01/pi,burgers,0.018719770145173256,0.01855650311259562,0.99127836339274,False,777,0.64,MS_hard_burgers_n5_qapinn_s777
2016,1.2678678757222086,1.2632455501759625,True,0.05141225401819434,qapinn,5,0.01/pi,burgers,0.018752534424949636,0.01865224235311193,0.9946518124129254,False,777,0.68,MS_hard_burgers_n5_qapinn_s777
2016,1.2695752376845033,1.2656302632555574,True,0.05141225401819434,qapinn,5,0.01/pi,burgers,0.018676208644799103,0.01860046489202172,0.9959443721036778,False,777,0.72,MS_hard_burgers_n5_qapinn_s777
2016,1.2690874646987593,1.2648530582152393,True,0.05141225401819434,qapinn,5,0.01/pi,burgers,0.018522414477381174,0.018436612596124856,0.9953676729693586,False,777,0.76,MS_hard_burgers_n5_qapinn_s777
2016,1.2670348234859754,1.2617526867636115,True,0.05141225401819434,qapinn,5,0.01/pi,burgers,0.018312926614131676,0.01819283206840036,0.9934420888445739,False,777,0.8,MS_hard_burgers_n5_qapinn_s777
2016,1.2638587087570161,1.2570980947943557,True,0.05141225401819434,qapinn,5,0.01/pi,burgers,0.018063077332299865,0.01789825988014773,0.99087545000666,False,777,0.84,MS_hard_burgers_n5_qapinn_s777
2016,1.259873109394413,1.2516085039390028,True,0.05141225401819434,qapinn,5,0.01/pi,burgers,0.017783878635257412,0.01757908581151236,0.9884843555252878,False,777,0.88,MS_hard_burgers_n5_qapinn_s777
2016,1.2553045177222741,1.2459714006179474,True,0.05141225401819434,qapinn,5,0.01/pi,burgers,0.017483381737177846,0.01725707608237037,0.9870559564385508,False,777,0.92,MS_hard_burgers_n5_qapinn_s777
2016,1.250318361712412,1.2407952383239484,True,0.05141225401819434,qapinn,5,0.01/pi,burgers,0.0171675688500158,0.016943620367669526,0.9869551429032967,False,777,0.96,MS_hard_burgers_n5_qapinn_s777
2016,1.245036822841573,1.236576570567141,True,0.05141225401819434,qapinn,5,0.01/pi,burgers,0.016840950487340463,0.01664370327064633,0.9882876434532358,False,777,1.0,MS_hard_burgers_n5_qapinn_s777
2016,0.500144145295721,0.5002848385962131,True,0.013566755392969063,qapinn,6,0.01/pi,burgers,3.70425406377563e-06,7.238799775190791e-06,1.9541855527621423,False,1234,0.0,MS_hard_burgers_n6_qapinn_s1234
2016,0.5023917063806028,0.5024046523118038,True,0.013566755392969063,qapinn,6,0.01/pi,burgers,2.9227509926194613e-06,4.818191821420354e-06,1.6485125943288583,False,1234,0.04,MS_hard_burgers_n6_qapinn_s1234
2016,0.5086916368329514,0.5086250424254152,True,0.013566755392969063,qapinn,6,0.01/pi,burgers,2.367279058804143e-06,4.144732053926454e-06,1.7508421909583447,False,1234,0.08,MS_hard_burgers_n6_qapinn_s1234
2016,0.5195534572740266,0.5194791514746987,True,0.013566755392969063,qapinn,6,0.01/pi,burgers,1.9580371177122484e-06,3.05537558427329e-06,1.5604278165284022,False,1234,0.12,MS_hard_burgers_n6_qapinn_s1234
2016,0.5359988327111411,0.5359555699725683,True,0.013566755392969063,qapinn,6,0.01/pi,burgers,1.6445752252270005e-06,2.6018649063074556e-06,1.5820893239762386,False,1234,0.16,MS_hard_burgers_n6_qapinn_s1234
2016,0.5598952651542854,0.5599654927449881,True,0.013566755392969063,qapinn,6,0.01/pi,burgers,1.3980284947447014e-06,2.2361461243452075e-06,1.5994996759730262,False,1234,0.2,MS_hard_burgers_n6_qapinn_s1234
2016,0.5947227450212248,0.5952727373355395,True,0.013566755392969063,qapinn,6,0.01/pi,burgers,4.715218951839874e-06,1.5268440319983688e-05,3.2381190515078746,False,1234,0.24,MS_hard_burgers_n6_qapinn_s1234
2016,0.6473771265198471,0.6490414384609557,True,0.013566755392969063,qapinn,6,0.01/pi,burgers,0.00010613525437437981,0.00023671444240722157,2.230309276616409,False,1234,0.28,MS_hard_burgers_n6_qapinn_s1234
2016,0.7315459931206041,0.7328815442044662,True,0.013566755392969063,qapinn,6,0.01/pi,burgers,0.0011217209488575835,0.0015145606658299561,1.3502116256030166,False,1234,0.32,MS_hard_burgers_n6_qapinn_s1234
2016,0.8615805549292378,0.853691515512385,True,0.013566755392969063,qapinn,6,0.01/pi,burgers,0.004912396807581136,0.004953523145120538,1.008371949406842,False,1234,0.36,MS_hard_burgers_n6_qapinn_s1234
2016,1.0046814644983904,0.9871277183955418,True,0.013566755392969063,qapinn,6,0.01/pi,burgers,0.010169265071761309,0.00961348094721513,0.9453466774025276,False,1234,0.4,MS_hard_burgers_n6_qapinn_s1234
2016,1.1074893227186535,1.0918847049888711,True,0.013566755392969063,qapinn,6,0.01/pi,burgers,0.013869006723315215,0.013319240822972414,0.9603601100417243,False,1234,0.44,MS_hard_burgers_n6_qapinn_s1234
2016,1.1718577303722955,1.1592424221634159,True,0.013566755392969063,qapinn,6,0.01/pi,burgers,0.01605401329537946,0.015603272897550117,0.9719235066312627,False,1234,0.48,MS_hard_burgers_n6_qapinn_s1234
2016,1.212377579712704,1.2015912642709181,True,0.013566755392969063,qapinn,6,0.01/pi,burgers,0.017352095779541634,0.016974443361756183,0.9782359190161508,False,1234,0.52,MS_hard_burgers_n6_qapinn_s1234
2016,1.2379432584409522,1.2289940496754317,True,0.013566755392969063,qapinn,6,0.01/pi,burgers,0.01811331876292011,0.01781307042162958,0.9834238912691599,False,1234,0.56,MS_hard_burgers_n6_qapinn_s1234
2016,1.2537616513164085,1.2467465197748724,True,0.013566755392969063,qapinn,6,0.01/pi,burgers,0.018530805873560714,0.018302357214673208,0.98767195229143,False,1234,0.6,MS_hard_burgers_n6_qapinn_s1234
2016,1.263049413251328,1.257742662269233,True,0.013566755392969063,qapinn,6,0.01/pi,burgers,0.018719770145173256,0.018544312147868006,0.9906271286482388,False,1234,0.64,MS_hard_burgers_n6_qapinn_s1234
2016,1.2678678757222086,1.2638328198312074,True,0.013566755392969063,qapinn,6,0.01/pi,burgers,0.018752534424949636,0.01861241071917318,0.9925277457115329,False,1234,0.68,MS_hard_burgers_n6_qapinn_s1234
2016,1.2695752376845033,1.2663231755991455,True,0.013566755392969063,qapinn,6,0.01/pi,burgers,0.018676208644799103,0.018563103355087318,0.9939438838008868,False,1234,0.72,MS_hard_burgers_n6_qapinn_s1234
2016,1.2690874646987593,1.2661645956046121,True,0.013566755392969063,qapinn,6,0.01/pi,burgers,0.018522414477381174,0.018436232882920928,0.9953471727692149,False,1234,0.76,MS_hard_burgers_n6_qapinn_s1234
2016,1.2670348234859754,1.2640425178100003,True,0.013566755392969063,qapinn,6,0.01/pi,burgers,0.018312926614131676,0.018255324584726233,0.9968545699647486,False,1234,0.8,MS_hard_burgers_n6_qapinn_s1234
2016,1.2638587087570161,1.260435175412857,True,0.013566755392969063,qapinn,6,0.01/pi,burgers,0.018063077332299865,0.0180295758054818,0.9981453034717312,False,1234,0.84,MS_hard_burgers_n6_qapinn_s1234
2016,1.259873109394413,1.2556963689616139,True,0.013566755392969063,qapinn,6,0.01/pi,burgers,0.017783878635257412,0.01775711362667655,0.9984949847482765,False,1234,0.88,MS_hard_burgers_n6_qapinn_s1234
2016,1.2553045177222741,1.2500954812139153,True,0.013566755392969063,qapinn,6,0.01/pi,burgers,0.017483381737177846,0.01742748341138049,0.9968027738204394,False,1234,0.92,MS_hard_burgers_n6_qapinn_s1234
2016,1.250318361712412,1.243908991401115,True,0.013566755392969063,qapinn,6,0.01/pi,burgers,0.0171675688500158,0.01702776139009756,0.9918563041080736,False,1234,0.96,MS_hard_burgers_n6_qapinn_s1234
2016,1.245036822841573,1.237477014401457,True,0.013566755392969063,qapinn,6,0.01/pi,burgers,0.016840950487340463,0.016552640509213273,0.9828804212479624,False,1234,1.0,MS_hard_burgers_n6_qapinn_s1234
2016,0.500144145295721,0.500286187268201,True,0.00786495198975272,qapinn,6,0.01/pi,burgers,3.70425406377563e-06,8.104437674797614e-06,2.187873060342145,False,2025,0.0,MS_hard_burgers_n6_qapinn_s2025
2016,0.5023917063806028,0.5024877126949725,True,0.00786495198975272,qapinn,6,0.01/pi,burgers,2.9227509926194613e-06,6.975211138915717e-06,2.38652254555025,False,2025,0.04,MS_hard_burgers_n6_qapinn_s2025
2016,0.5086916368329514,0.5087513258628901,True,0.00786495198975272,qapinn,6,0.01/pi,burgers,2.367279058804143e-06,6.427176615433516e-06,2.7150059016195054,False,2025,0.08,MS_hard_burgers_n6_qapinn_s2025
2016,0.5195534572740266,0.5195921669553075,True,0.00786495198975272,qapinn,6,0.01/pi,burgers,1.9580371177122484e-06,5.715929082321766e-06,2.919213854842651,False,2025,0.12,MS_hard_burgers_n6_qapinn_s2025
2016,0.5359988327111411,0.5360759070742429,True,0.00786495198975272,qapinn,6,0.01/pi,burgers,1.6445752252270005e-06,4.983365651451131e-06,3.0301840712475028,False,2025,0.16,MS_hard_burgers_n6_qapinn_s2025
2016,0.5598952651542854,0.560074755944615,True,0.00786495198975272,qapinn,6,0.01/pi,burgers,1.3980284947447014e-06,4.26934235166609e-06,3.053830710686429,False,2025,0.2,MS_hard_burgers_n6_qapinn_s2025
2016,0.5947227450212248,0.5949850898645703,True,0.00786495198975272,qapinn,6,0.01/pi,burgers,4.715218951839874e-06,6.104469474040526e-06,1.29463117967376,False,2025,0.24,MS_hard_burgers_n6_qapinn_s2025
2016,0.6473771265198471,0.6475764050506311,True,0.00786495198975272,qapinn,6,0.01/pi,burgers,0.00010613525437437981,0.00013615930225910653,1.28288477812302,False,2025,0.28,MS_hard_burgers_n6_qapinn_s2025
2016,0.7315459931206041,0.7311579838171415,True,0.00786495198975272,qapinn,6,0.01/pi,burgers,0.0011217209488575835,0.0012515945595303125,1.1157806768296505,False,2025,0.32,MS_hard_burgers_n6_qapinn_s2025
2016,0.8615805549292378,0.8567547397981982,True,0.00786495198975272,qapinn,6,0.01/pi,burgers,0.004912396807581136,0.004829235986234829,0.9830712329228031,False,2025,0.36,MS_hard_burgers_n6_qapinn_s2025
2016,1.0046814644983904,0.9964235121292452,True,0.00786495198975272,qapinn,6,0.01/pi,burgers,0.010169265071761309,0.009813760527349124,0.9650412746738825,False,2025,0.4,MS_hard_burgers_n6_qapinn_s2025
2016,1.1074893227186535,1.1034640679471843,True,0.00786495198975272,qapinn,6,0.01/pi,burgers,0.013869006723315215,0.013677782502789657,0.9862121185503435,False,2025,0.44,MS_hard_burgers_n6_qapinn_s2025
2016,1.1718577303722955,1.1701984927995044,True,0.00786495198975272,qapinn,6,0.01/pi,burgers,0.01605401329537946,0.015973732140846086,0.9949993093280619,False,2025,0.48,MS_hard_burgers_n6_qapinn_s2025
2016,1.212377579712704,1.210636068072691,True,0.00786495198975272,qapinn,6,0.01/pi,burgers,0.017352095779541634,0.017282912215514375,0.9960129563076279,False,2025,0.52,MS_hard_burgers_n6_qapinn_s2025
2016,1.2379432584409522,1.2357416793182934,True,0.00786495198975272,qapinn,6,0.01/pi,burgers,0.01811331876292011,0.018040488851532328,0.995979206663283,False,2025,0.56,MS_hard_burgers_n6_qapinn_s2025
2016,1.2537616513164085,1.2513118994571593,True,0.00786495198975272,qapinn,6,0.01/pi,burgers,0.018530805873560714,0.018461629658162507,0.9962669613037766,False,2025,0.6,MS_hard_burgers_n6_qapinn_s2025
2016,1.263049413251328,1.2605225854421853,True,0.00786495198975272,qapinn,6,0.01/pi,burgers,0.018719770145173256,0.01865593164738956,0.9965897819637408,False,2025,0.64,MS_hard_burgers_n6_qapinn_s2025
2016,1.2678678757222086,1.2653914207094041,True,0.00786495198975272,qapinn,6,0.01/pi,burgers,0.018752534424949636,0.01869074179697494,0.9967048385794466,False,2025,0.68,MS_hard_burgers_n6_qapinn_s2025
2016,1.2695752376845033,1.267345846843159,True,0.00786495198975272,qapinn,6,0.01/pi,burgers,0.018676208644799103,0.018615206783665374,0.9967337128057457,False,2025,0.72,MS_hard_burgers_n6_qapinn_s2025
2016,1.2690874646987593,1.2673999744727156,True,0.00786495198975272,qapinn,6,0.01/pi,burgers,0.018522414477381174,0.01846680641338171,0.996997796153014,False,2025,0.76,MS_hard_burgers_n6_qapinn_s2025
2016,1.2670348234859754,1.2662094926991891,True,0.00786495198975272,qapinn,6,0.01/pi,burgers,0.018312926614131676,0.018272212100735347,0.9977767336562736,False,2025,0.8,MS_hard_burgers_n6_qapinn_s2025
2016,1.2638587087570161,1.2641053396779152,True,0.00786495198975272,qapinn,6,0.01/pi,burgers,0.018063077332299865,0.01804719822572334,0.9991209080111654,False,2025,0.84,MS_hard_burgers_n6_qapinn_s2025
2016,1.259873109394413,1.2611279987163937,True,0.00786495198975272,qapinn,6,0.01/pi,burgers,0.017783878635257412,0.017796930818633403,1.000733933448585,False,2025,0.88,MS_hard_burgers_n6_qapinn_s2025
2016,1.2553045177222741,1.2570871816912679,True,0.00786495198975272,qapinn,6,0.01/pi,burgers,0.017483381737177846,0.01751750717747238,1.0019518786930086,False,2025,0.92,MS_hard_burgers_n6_qapinn_s2025
2016,1.250318361712412,1.2516170244359268,True,0.00786495198975272,qapinn,6,0.01/pi,burgers,0.0171675688500158,0.0171976198995379,1.0017504545800655,False,2025,0.96,MS_hard_burgers_n6_qapinn_s2025
2016,1.245036822841573,1.244255487871904,True,0.00786495198975272,qapinn,6,0.01/pi,burgers,0.016840950487340463,0.01682135771961206,0.998836599647797,False,2025,1.0,MS_hard_burgers_n6_qapinn_s2025
2016,0.500144145295721,0.5001341170597975,True,0.028174785476966512,qapinn,6,0.01/pi,burgers,3.70425406377563e-06,2.2395647324042995e-06,0.6045926369644261,False,777,0.0,MS_hard_burgers_n6_qapinn_s777
2016,0.5023917063806028,0.5024601503367762,True,0.028174785476966512,qapinn,6,0.01/pi,burgers,2.9227509926194613e-06,3.836987622143379e-06,1.312800040726203,False,777,0.04,MS_hard_burgers_n6_qapinn_s777
2016,0.5086916368329514,0.5088215507569134,True,0.028174785476966512,qapinn,6,0.01/pi,burgers,2.367279058804143e-06,5.060666734739974e-06,2.1377567278850624,False,777,0.08,MS_hard_burgers_n6_qapinn_s777
2016,0.5195534572740266,0.519717429907953,True,0.028174785476966512,qapinn,6,0.01/pi,burgers,1.9580371177122484e-06,5.498323914223313e-06,2.80807951212258,False,777,0.12,MS_hard_burgers_n6_qapinn_s777
2016,0.5359988327111411,0.5361783747177686,True,0.028174785476966512,qapinn,6,0.01/pi,burgers,1.6445752252270005e-06,4.8584720698454375e-06,2.9542413112631096,False,777,0.16,MS_hard_burgers_n6_qapinn_s777
2016,0.5598952651542854,0.5601818709406919,True,0.028174785476966512,qapinn,6,0.01/pi,burgers,1.3980284947447014e-06,3.6234112508868438e-06,2.591800714010859,False,777,0.2,MS_hard_burgers_n6_qapinn_s777
2016,0.5947227450212248,0.5953832962610435,True,0.028174785476966512,qapinn,6,0.01/pi,burgers,4.715218951839874e-06,1.1528843457474715e-05,2.4450282320349457,False,777,0.24,MS_hard_burgers_n6_qapinn_s777
2016,0.6473771265198471,0.6487336024557125,True,0.028174785476966512,qapinn,6,0.01/pi,burgers,0.00010613525437437981,0.00016476955962845007,1.5524489068188836,False,777,0.28,MS_hard_burgers_n6_qapinn_s777
2016,0.7315459931206041,0.7332957809750422,True,0.028174785476966512,qapinn,6,0.01/pi,burgers,0.0011217209488575835,0.0012938688171730973,1.153467641386958,False,777,0.32,MS_hard_burgers_n6_qapinn_s777
2016,0.8615805549292378,0.860259828720637,True,0.028174785476966512,qapinn,6,0.01/pi,burgers,0.004912396807581136,0.004920878275259757,1.001726543683428,False,777,0.36,MS_hard_burgers_n6_qapinn_s777
2016,1.0046814644983904,0.999467546592977,True,0.028174785476966512,qapinn,6,0.01/pi,burgers,0.010169265071761309,0.009964310041947618,0.9798456399388364,False,777,0.4,MS_hard_burgers_n6_qapinn_s777
2016,1.1074893227186535,1.10300586886549,True,0.028174785476966512,qapinn,6,0.01/pi,burgers,0.013869006723315215,0.013751949004685165,0.9915597619234502,False,777,0.44,MS_hard_burgers_n6_qapinn_s777
2016,1.1718577303722955,1.166718906877968,True,0.028174785476966512,qapinn,6,0.01/pi,burgers,0.01605401329537946,0.015936526846747415,0.9926818019600209,False,777,0.48,MS_hard_burgers_n6_qapinn_s777
2016,1.212377579712704,1.2054612031401102,True,0.028174785476966512,qapinn,6,0.01/pi,burgers,0.017352095779541634,0.017156243477579467,0.9887130462826813,False,777,0.52,MS_hard_burgers_n6_qapinn_s777
2016,1.2379432584409522,1.2301591597215416,True,0.028174785476966512,qapinn,6,0.01/pi,burgers,0.01811331876292011,0.01786620632592808,0.9863574179736794,False,777,0.56,MS_hard_burgers_n6_qapinn_s777
2016,1.2537616513164085,1.246483729039852,True,0.028174785476966512,qapinn,6,0.01/pi,burgers,0.018530805873560714,0.018288142880464632,0.986904887205024,False,777,0.6,MS_hard_burgers_n6_qapinn_s777
2016,1.263049413251328,1.257239945764224,True,0.028174785476966512,qapinn,6,0.01/pi,burgers,0.018719770145173256,0.018522941447966824,0.9894855174139421,False,777,0.64,MS_hard_burgers_n6_qapinn_s777
2016,1.2678678757222086,1.2639057866741645,True,0.028174785476966512,qapinn,6,0.01/pi,burgers,0.018752534424949636,0.018618973384137406,0.9928777072055641,False,777,0.68,MS_hard_burgers_n6_qapinn_s777
2016,1.2695752376845033,1.2673687154186009,True,0.028174785476966512,qapinn,6,0.01/pi,burgers,0.018676208644799103,0.018603792949496944,0.9961225698063549,False,777,0.72,MS_hard_burgers_n6_qapinn_s777
2016,1.2690874646987593,1.2682644302097563,True,0.028174785476966512,qapinn,6,0.01/pi,burgers,0.018522414477381174,0.018497801250684686,0.9986711653209929,False,777,0.76,MS_hard_burgers_n6_qapinn_s777
2016,1.2670348234859754,1.267116976115497,True,0.028174785476966512,qapinn,6,0.01/pi,burgers,0.018312926614131676,0.018319082173505363,1.0003361319303785,False,777,0.8,MS_hard_burgers_n6_qapinn_s777
2016,1.2638587087570161,1.26438758506734,True,0.028174785476966512,qapinn,6,0.01/pi,burgers,0.018063077332299865,0.01808423359279421,1.0011712434213254,False,777,0.84,MS_hard_burgers_n6_qapinn_s777
2016,1.259873109394413,1.2604702970539003,True,0.028174785476966512,qapinn,6,0.01/pi,burgers,0.017783878635257412,0.01780767279942481,1.0013379625814711,False,777,0.88,MS_hard_burgers_n6_qapinn_s777
2016,1.2553045177222741,1.2556858271974254,True,0.028174785476966512,qapinn,6,0.01/pi,burgers,0.017483381737177846,0.017501244050867226,1.0010216738362119,False,777,0.92,MS_hard_burgers_n6_qapinn_s777
2016,1.250318361712412,1.2502917180559217,True,0.028174785476966512,qapinn,6,0.01/pi,burgers,0.0171675688500158,0.017174651603952786,1.0004125659258376,False,777,0.96,MS_hard_burgers_n6_qapinn_s777
2016,1.245036822841573,1.2445282085273965,True,0.028174785476966512,qapinn,6,0.01/pi,burgers,0.016840950487340463,0.016837277696210236,0.9997819130735532,False,777,1.0,MS_hard_burgers_n6_qapinn_s777
2016,0.500144145295721,0.5003434356357862,True,0.04832702183947532,qapinn,7,0.01/pi,burgers,3.70425406377563e-06,6.093490891851697e-06,1.6449980986565464,False,1234,0.0,MS_hard_burgers_n7_qapinn_s1234
2016,0.5023917063806028,0.5025808439361542,True,0.04832702183947532,qapinn,7,0.01/pi,burgers,2.9227509926194613e-06,7.388000407278609e-06,2.5277556746827927,False,1234,0.04,MS_hard_burgers_n7_qapinn_s1234
2016,0.5086916368329514,0.5088980575315292,True,0.04832702183947532,qapinn,7,0.01/pi,burgers,2.367279058804143e-06,8.074331948901519e-06,3.410806984868255,False,1234,0.08,MS_hard_burgers_n7_qapinn_s1234
2016,0.5195534572740266,0.5197358493624977,True,0.04832702183947532,qapinn,7,0.01/pi,burgers,1.9580371177122484e-06,8.400774623613259e-06,4.290406217339047,False,1234,0.12,MS_hard_burgers_n7_qapinn_s1234
2016,0.5359988327111411,0.5361265214748883,True,0.04832702183947532,qapinn,7,0.01/pi,burgers,1.6445752252270005e-06,1.041345025391808e-05,6.331999956086358,False,1234,0.16,MS_hard_burgers_n7_qapinn_s1234
2016,0.5598952651542854,0.5599589406483044,True,0.04832702183947532,qapinn,7,0.01/pi,burgers,1.3980284947447014e-06,1.0819389088458075e-05,7.739033309499059,False,1234,0.2,MS_hard_burgers_n7_qapinn_s1234
2016,0.5947227450212248,0.5946147233290463,True,0.04832702183947532,qapinn,7,0.01/pi,burgers,4.715218951839874e-06,1.1029256877120394e-05,2.3390762952411337,False,1234,0.24,MS_hard_burgers_n7_qapinn_s1234
2016,0.6473771265198471,0.6467691458304967,True,0.04832702183947532,qapinn,7,0.01/pi,burgers,0.00010613525437437981,0.00014194998656916528,1.3374442583277104,False,1234,0.28,MS_hard_burgers_n7_qapinn_s1234
2016,0.7315459931206041,0.7295689162462855,True,0.04832702183947532,qapinn,7,0.01/pi,burgers,0.0011217209488575835,0.0011999130095357398,1.069707230446031,False,1234,0.32,MS_hard_burgers_n7_qapinn_s1234
2016,0.8615805549292378,0.855515290158017,True,0.04832702183947532,qapinn,7,0.01/pi,burgers,0.004912396807581136,0.004711232644698216,0.9590496918790293,False,1234,0.36,MS_hard_burgers_n7_qapinn_s1234
2016,1.0046814644983904,0.9962799448304673,True,0.04832702183947532,qapinn,7,0.01/pi,burgers,0.010169265071761309,0.009762680365781347,0.9600182802679622,False,1234,0.4,MS_hard_burgers_n7_qapinn_s1234
2016,1.1074893227186535,1.1019702327221021,True,0.04832702183947532,qapinn,7,0.01/pi,burgers,0.013869006723315215,0.013651373343670678,0.9843079332221627,False,1234,0.44,MS_hard_burgers_n7_qapinn_s1234
2016,1.1718577303722955,1.1660080904583252,True,0.04832702183947532,qapinn,7,0.01/pi,burgers,0.01605401329537946,0.015894536236493628,0.9900662185864931,False,1234,0.48,MS_hard_burgers_n7_qapinn_s1234
2016,1.212377579712704,1.20404699560099,True,0.04832702183947532,qapinn,7,0.01/pi,burgers,0.017352095779541634,0.017134061570868952,0.987434704634944,False,1234,0.52,MS_hard_burgers_n7_qapinn_s1234
2016,1.2379432584409522,1.2277686528226845,True,0.04832702183947532,qapinn,7,0.01/pi,burgers,0.01811331876292011,0.017842044882676534,0.9850235131510576,False,1234,0.56,MS_hard_burgers_n7_qapinn_s1234
2016,1.2537616513164085,1.2430898831471324,True,0.04832702183947532,qapinn,7,0.01/pi,burgers,0.018530805873560714,0.018243469919893802,0.9844941469017883,False,1234,0.6,MS_hard_burgers_n7_qapinn_s1234
2016,1.263049413251328,1.253025615025715,True,0.04832702183947532,qapinn,7,0.01/pi,burgers,0.018719770145173256,0.018446167569313932,0.9853842983253793,False,1234,0.64,MS_hard_burgers_n7_qapinn_s1234
2016,1.2678678757222086,1.2592594886492638,True,0.04832702183947532,qapinn,7,0.01/pi,burgers,0.018752534424949636,0.018508893340639727,0.9870075650155452,False,1234,0.68,MS_hard_burgers_n7_qapinn_s1234
2016,1.2695752376845033,1.2628089239424551,True,0.04832702183947532,qapinn,7,0.01/pi,burgers,0.018676208644799103,0.01846830240682211,0.9888678563229218,False,1234,0.72,MS_hard_burgers_n7_qapinn_s1234
2016,1.2690874646987593,1.2643302720843725,True,0.04832702183947532,qapinn,7,0.01/pi,burgers,0.018522414477381174,0.018350583389100925,0.9907230729292835,False,1234,0.76,MS_hard_burgers_n7_qapinn_s1234
2016,1.2670348234859754,1.264282223831484,True,0.04832702183947532,qapinn,7,0.01/pi,burgers,0.018312926614131676,0.0181771141835645,0.9925837943094048,False,1234,0.8,MS_hard_burgers_n7_qapinn_s1234
2016,1.2638587087570161,1.2630369939671262,True,0.04832702183947532,qapinn,7,0.01/pi,burgers,0.018063077332299865,0.017967859882341355,0.9947286141665217,False,1234,0.84,MS_hard_burgers_n7_qapinn_s1234
2016,1.259873109394413,1.2609506817023326,True,0.04832702183947532,qapinn,7,0.01/pi,burgers,0.017783878635257412,0.017742785051692776,0.9976892789021194,False,1234,0.88,MS_hard_burgers_n7_qapinn_s1234
2016,1.2553045177222741,1.2584065769207362,True,0.04832702183947532,qapinn,7,0.01/pi,burgers,0.017483381737177846,0.017522523469084804,1.0022387963893578,False,1234,0.92,MS_hard_burgers_n7_qapinn_s1234
2016,1.250318361712412,1.255836886940265,True,0.04832702183947532,qapinn,7,0.01/pi,burgers,0.0171675688500158,0.017328680569732732,1.0093846555167179,False,1234,0.96,MS_hard_burgers_n7_qapinn_s1234
2016,1.245036822841573,1.253733326220177,True,0.04832702183947532,qapinn,7,0.01/pi,burgers,0.016840950487340463,0.017183757383635197,1.0203555551423553,False,1234,1.0,MS_hard_burgers_n7_qapinn_s1234
2016,0.500144145295721,0.5042234671380162,True,0.10292063218734354,qapinn,7,0.01/pi,burgers,3.70425406377563e-06,0.00016594348963207902,44.79808532974599,False,2025,0.0,MS_hard_burgers_n7_qapinn_s2025
2016,0.5023917063806028,0.5054094724142618,True,0.10292063218734354,qapinn,7,0.01/pi,burgers,2.9227509926194613e-06,0.00010137814101039556,34.68586317014207,False,2025,0.04,MS_hard_burgers_n7_qapinn_s2025
2016,0.5086916368329514,0.5112582187288376,True,0.10292063218734354,qapinn,7,0.01/pi,burgers,2.367279058804143e-06,7.560644242785326e-05,31.93811990464981,False,2025,0.08,MS_hard_burgers_n7_qapinn_s2025
2016,0.5195534572740266,0.5220997421343717,True,0.10292063218734354,qapinn,7,0.01/pi,burgers,1.9580371177122484e-06,7.309819862450586e-05,37.33238658412824,False,2025,0.12,MS_hard_burgers_n7_qapinn_s2025
2016,0.5359988327111411,0.5387293497346369,True,0.10292063218734354,qapinn,7,0.01/pi,burgers,1.6445752252270005e-06,7.267406784157313e-05,44.190175509631636,False,2025,0.16,MS_hard_burgers_n7_qapinn_s2025
2016,0.5598952651542854,0.5629835971318182,True,0.10292063218734354,qapinn,7,0.01/pi,burgers,1.3980284947447014e-06,6.94420777185657e-05,49.6714322916907,False,2025,0.2,MS_hard_burgers_n7_qapinn_s2025
2016,0.5947227450212248,0.5985397300800396,True,0.10292063218734354,qapinn,7,0.01/pi,burgers,4.715218951839874e-06,9.61542534627272e-05,20.392319942048058,False,2025,0.24,MS_hard_burgers_n7_qapinn_s2025
2016,0.6473771265198471,0.6521701846694099,True,0.10292063218734354,qapinn,7,0.01/pi,burgers,0.00010613525437437981,0.0003398845170928657,3.202371531460814,False,2025,0.28,MS_hard_burgers_n7_qapinn_s2025
2016,0.7315459931206041,0.7352024432508346,True,0.10292063218734354,qapinn,7,0.01/pi,burgers,0.0011217209488575835,0.0015777736381354826,1.4065651887328714,False,2025,0.32,MS_hard_burgers_n7_qapinn_s2025
2016,0.8615805549292378,0.8557286599836512,True,0.10292063218734354,qapinn,7,0.01/pi,burgers,0.004912396807581136,0.00495866361584791,1.009418377643144,False,2025,0.36,MS_hard_burgers_n7_qapinn_s2025
2016,1.0046814644983904,0.9897989701484624,True,0.10292063218734354,qapinn,7,0.01/pi,burgers,0.010169265071761309,0.009646054465976746,0.9485498114079601,False,2025,0.4,MS_hard_burgers_n7_qapinn_s2025
2016,1.1074893227186535,1.0954493910632166,True,0.10292063218734354,qapinn,7,0.01/pi,burgers,0.013869006723315215,0.013395476667764467,0.9658569596945472,False,2025,0.44,MS_hard_burgers_n7_qapinn_s2025
2016,1.1718577303722955,1.1643184917944411,True,0.10292063218734354,qapinn,7,0.01/pi,burgers,0.01605401329537946,0.015703572986811087,0.9781711711507531,False,2025,0.48,MS_hard_burgers_n7_qapinn_s2025
2016,1.212377579712704,1.209306882464589,True,0.10292063218734354,qapinn,7,0.01/pi,burgers,0.017352095779541634,0.01712954862123416,0.987174623680336,False,2025,0.52,MS_hard_burgers_n7_qapinn_s2025
2016,1.2379432584409522,1.2391955316831986,True,0.10292063218734354,qapinn,7,0.01/pi,burgers,0.01811331876292011,0.018050770997053937,0.9965468632951895,False,2025,0.56,MS_hard_burgers_n7_qapinn_s2025
2016,1.2537616513164085,1.2578661391122068,True,0.10292063218734354,qapinn,7,0.01/pi,burgers,0.018530805873560714,0.018609657734373442,1.00425517710081,False,2025,0.6,MS_hard_burgers_n7_qapinn_s2025
2016,1.263049413251328,1.2677225830411338,True,0.10292063218734354,qapinn,7,0.01/pi,burgers,0.018719770145173256,0.01887229347416973,1.0081477137707164,False,2025,0.64,MS_hard_burgers_n7_qapinn_s2025
2016,1.2678678757222086,1.2710453236610901,True,0.10292063218734354,qapinn,7,0.01/pi,burgers,0.018752534424949636,0.01890139724022531,1.007938277136429,False,2025,0.68,MS_hard_burgers_n7_qapinn_s2025
2016,1.2695752376845033,1.2700488138690713,True,0.10292063218734354,qapinn,7,0.01/pi,burgers,0.018676208644799103,0.01876648800634324,1.004833923376053,False,2025,0.72,MS_hard_burgers_n7_qapinn_s2025
2016,1.2690874646987593,1.2665912672880824,True,0.10292063218734354,qapinn,7,0.01/pi,burgers,0.018522414477381174,0.018532323444709065,1.000534971687411,False,2025,0.76,MS_hard_burgers_n7_qapinn_s2025
2016,1.2670348234859754,1.2619639052936158,True,0.10292063218734354,qapinn,7,0.01/pi,burgers,0.018312926614131676,0.01824819369857127,0.9964651791095775,False,2025,0.8,MS_hard_burgers_n7_qapinn_s2025
2016,1.2638587087570161,1.2568523410400618,True,0.10292063218734354,qapinn,7,0.01/pi,burgers,0.018063077332299865,0.017942974042084635,0.9933508954202136,False,2025,0.84,MS_hard_burgers_n7_qapinn_s2025
2016,1.259873109394413,1.2514181507451632,True,0.10292063218734354,qapinn,7,0.01/pi,burgers,0.017783878635257412,0.017621920749396863,0.9908929942009692,False,2025,0.88,MS_hard_burgers_n7_qapinn_s2025
2016,1.2553045177222741,1.2455034619048078,True,0.10292063218734354,qapinn,7,0.01/pi,burgers,0.017483381737177846,0.017268801941751715,0.9877266424395554,False,2025,0.92,MS_hard_burgers_n7_qapinn_s2025
2016,1.250318361712412,1.238871225382042,True,0.10292063218734354,qapinn,7,0.01/pi,burgers,0.0171675688500158,0.016859476088166528,0.9820537919759683,False,2025,0.96,MS_hard_burgers_n7_qapinn_s2025
2016,1.245036822841573,1.231331804400053,True,0.10292063218734354,qapinn,7,0.01/pi,burgers,0.016840950487340463,0.016384777357760803,0.9729128632067073,False,2025,1.0,MS_hard_burgers_n7_qapinn_s2025
2016,0.500144145295721,0.500217792699518,True,0.00861978858342898,qapinn,7,0.01/pi,burgers,3.70425406377563e-06,5.5054849398183835e-06,1.4862600796357945,False,777,0.0,MS_hard_burgers_n7_qapinn_s777
2016,0.5023917063806028,0.5024989127285391,True,0.00861978858342898,qapinn,7,0.01/pi,burgers,2.9227509926194613e-06,4.900962342023627e-06,1.6768319827448697,False,777,0.04,MS_hard_burgers_n7_qapinn_s777
2016,0.5086916368329514,0.5088112976149998,True,0.00861978858342898,qapinn,7,0.01/pi,burgers,2.367279058804143e-06,3.731263259111016e-06,1.5761822609100866,False,777,0.08,MS_hard_burgers_n7_qapinn_s777
2016,0.5195534572740266,0.5196295015127663,True,0.00861978858342898,qapinn,7,0.01/pi,burgers,1.9580371177122484e-06,2.9916895003190876e-06,1.5279023432479915,False,777,0.12,MS_hard_burgers_n7_qapinn_s777
2016,0.5359988327111411,0.536053319526815,True,0.00861978858342898,qapinn,7,0.01/pi,burgers,1.6445752252270005e-06,3.1620360918025494e-06,1.922706874880773,False,777,0.16,MS_hard_burgers_n7_qapinn_s777
2016,0.5598952651542854,0.5600798561660402,True,0.00861978858342898,qapinn,7,0.01/pi,burgers,1.3980284947447014e-06,3.329752630296647e-06,2.381748757492031,False,777,0.2,MS_hard_burgers_n7_qapinn_s777
2016,0.5947227450212248,0.5952829656372264,True,0.00861978858342898,qapinn,7,0.01/pi,burgers,4.715218951839874e-06,9.716374100455549e-06,2.0606411281631427,False,777,0.24,MS_hard_burgers_n7_qapinn_s777
2016,0.6473771265198471,0.6487110919699518,True,0.00861978858342898,qapinn,7,0.01/pi,burgers,0.00010613525437437981,0.00017466905506624463,1.6457213589946258,False,777,0.28,MS_hard_burgers_n7_qapinn_s777
2016,0.7315459931206041,0.7334343389084307,True,0.00861978858342898,qapinn,7,0.01/pi,burgers,0.0011217209488575835,0.0013634789903640926,1.2155242279755294,False,777,0.32,MS_hard_burgers_n7_qapinn_s777
2016,0.8615805549292378,0.8589586256660695,True,0.00861978858342898,qapinn,7,0.01/pi,burgers,0.004912396807581136,0.0049584494573132595,1.009374782114721,False,777,0.36,MS_hard_burgers_n7_qapinn_s777
2016,1.0046814644983904,0.9973292298378471,True,0.00861978858342898,qapinn,7,0.01/pi,burgers,0.010169265071761309,0.009904308233585495,0.9739453307288092,False,777,0.4,MS_hard_burgers_n7_qapinn_s777
2016,1.1074893227186535,1.1022848961812157,True,0.00861978858342898,qapinn,7,0.01/pi,burgers,0.013869006723315215,0.013685023699225276,0.986734232107578,False,777,0.44,MS_hard_burgers_n7_qapinn_s777
2016,1.1718577303722955,1.167494081025974,True,0.00861978858342898,qapinn,7,0.01/pi,burgers,0.01605401329537946,0.015894990643450804,0.9900945234688187,False,777,0.48,MS_hard_burgers_n7_qapinn_s777
2016,1.212377579712704,1.2081912086137605,True,0.00861978858342898,qapinn,7,0.01/pi,burgers,0.017352095779541634,0.01717250035833167,0.9896499291214316,False,777,0.52,MS_hard_burgers_n7_qapinn_s777
2016,1.2379432584409522,1.2354972901884211,True,0.00861978858342898,qapinn,7,0.01/pi,burgers,0.01811331876292011,0.017973985087876013,0.9923076672548089,False,777,0.56,MS_hard_burgers_n7_qapinn_s777
2016,1.2537616513164085,1.2543364381046553,True,0.00861978858342898,qapinn,7,0.01/pi,burgers,0.018530805873560714,0.018493661708021428,0.9979955450511582,False,777,0.6,MS_hard_burgers_n7_qapinn_s777
2016,1.263049413251328,1.2664775402934645,True,0.00861978858342898,qapinn,7,0.01/pi,burgers,0.018719770145173256,0.018794395056784954,1.003986422431097,False,777,0.64,MS_hard_burgers_n7_qapinn_s777
2016,1.2678678757222086,1.2727567482347009,True,0.00861978858342898,qapinn,7,0.01/pi,burgers,0.018752534424949636,0.018900062855809918,1.0078671195859266,False,777,0.68,MS_hard_burgers_n7_qapinn_s777
2016,1.2695752376845033,1.274129360254492,True,0.00861978858342898,qapinn,7,0.01/pi,burgers,0.018676208644799103,0.018838529320795192,1.0086913076997184,False,777,0.72,MS_hard_burgers_n7_qapinn_s777
2016,1.2690874646987593,1.2718904308159777,True,0.00861978858342898,qapinn,7,0.01/pi,burgers,0.018522414477381174,0.018650209221157444,1.006899464642276,False,777,0.76,MS_hard_burgers_n7_qapinn_s777
2016,1.2670348234859754,1.2674877306318546,True,0.00861978858342898,qapinn,7,0.01/pi,burgers,0.018312926614131676,0.018380726773928033,1.0037023115542896,False,777,0.8,MS_hard_burgers_n7_qapinn_s777
2016,1.2638587087570161,1.2622404450572018,True,0.00861978858342898,qapinn,7,0.01/pi,burgers,0.018063077332299865,0.018070678463659885,1.0004208104311454,False,777,0.84,MS_hard_burgers_n7_qapinn_s777
2016,1.259873109394413,1.2570644640168211,True,0.00861978858342898,qapinn,7,0.01/pi,burgers,0.017783878635257412,0.01774738589615004,0.9979479876209331,False,777,0.88,MS_hard_burgers_n7_qapinn_s777
2016,1.2553045177222741,1.252210479925808,True,0.00861978858342898,qapinn,7,0.01/pi,burgers,0.017483381737177846,0.01741826064043477,0.9962752574003119,False,777,0.92,MS_hard_burgers_n7_qapinn_s777
2016,1.250318361712412,1.2470980768084357,True,0.00861978858342898,qapinn,7,0.01/pi,burgers,0.0171675688500158,0.017066139794637003,0.9940918218377378,False,777,0.96,MS_hard_burgers_n7_qapinn_s777
2016,1.245036822841573,1.2404580291939276,True,0.00861978858342898,qapinn,7,0.01/pi,burgers,0.016840950487340463,0.016646281426331015,0.9884407319434978,False,777,1.0,MS_hard_burgers_n7_qapinn_s777
703,0.500144145295721,0.5030541605533231,False,0.24756569968793982,qapinn,8,0.01/pi,burgers,3.70425406377563e-06,9.497438350143765e-06,2.563927362062019,False,1234,0.0,MS_hard_burgers_n8_qapinn_s1234
703,0.5023917063806028,0.5071178601797298,False,0.24756569968793982,qapinn,8,0.01/pi,burgers,2.9227509926194613e-06,9.748914004312569e-06,3.3355267105992104,False,1234,0.04,MS_hard_burgers_n8_qapinn_s1234
703,0.5086916368329514,0.5164492169287254,False,0.24756569968793982,qapinn,8,0.01/pi,burgers,2.367279058804143e-06,1.9732934747826797e-05,8.33570282913545,False,1234,0.08,MS_hard_burgers_n8_qapinn_s1234
703,0.5195534572740266,0.532142024682961,False,0.24756569968793982,qapinn,8,0.01/pi,burgers,1.9580371177122484e-06,6.472622282238903e-05,33.056688372697714,False,1234,0.12,MS_hard_burgers_n8_qapinn_s1234
703,0.5359988327111411,0.5552804617357618,False,0.24756569968793982,qapinn,8,0.01/pi,burgers,1.6445752252270005e-06,0.0002043535346756858,124.25915916827637,False,1234,0.16,MS_hard_burgers_n8_qapinn_s1234
703,0.5598952651542854,0.5867767409044421,False,0.24756569968793982,qapinn,8,0.01/pi,burgers,1.3980284947447014e-06,0.0005368237034147476,383.9862387874854,False,1234,0.2,MS_hard_burgers_n8_qapinn_s1234
703,0.5947227450212248,0.6270468793135348,False,0.24756569968793982,qapinn,8,0.01/pi,burgers,4.715218951839874e-06,0.0011717800503701266,248.51020967179034,False,1234,0.24,MS_hard_burgers_n8_qapinn_s1234
703,0.6473771265198471,0.6755667017886328,False,0.24756569968793982,qapinn,8,0.01/pi,burgers,0.00010613525437437981,0.002176818260242767,20.509851067622574,False,1234,0.28,MS_hard_burgers_n8_qapinn_s1234
703,0.7315459931206041,0.7305652201378368,False,0.24756569968793982,qapinn,8,0.01/pi,burgers,0.0011217209488575835,0.0035329675746619137,3.1495957869558056,False,1234,0.32,MS_hard_burgers_n8_qapinn_s1234
703,0.8615805549292378,0.7891862566295205,False,0.24756569968793982,qapinn,8,0.01/pi,burgers,0.004912396807581136,0.005133660723714457,1.0450419468948136,False,1234,0.36,MS_hard_burgers_n8_qapinn_s1234
703,1.0046814644983904,0.8482052248296186,False,0.24756569968793982,qapinn,8,0.01/pi,burgers,0.010169265071761309,0.00682810112660339,0.671444895812984,False,1234,0.4,MS_hard_burgers_n8_qapinn_s1234
703,1.1074893227186535,0.9049348115106236,False,0.24756569968793982,qapinn,8,0.01/pi,burgers,0.013869006723315215,0.008477686830399029,0.6112684923677464,False,1234,0.44,MS_hard_burgers_n8_qapinn_s1234
703,1.1718577303722955,0.9577436661516741,False,0.24756569968793982,qapinn,8,0.01/pi,burgers,0.01605401329537946,0.009991279217622938,0.6223539892357351,False,1234,0.48,MS_hard_burgers_n8_qapinn_s1234
703,1.212377579712704,1.00595539644947,False,0.24756569968793982,qapinn,8,0.01/pi,burgers,0.017352095779541634,0.01132789599064988,0.6528258104710113,False,1234,0.52,MS_hard_burgers_n8_qapinn_s1234
703,1.2379432584409522,1.0494344157343207,False,0.24756569968793982,qapinn,8,0.01/pi,burgers,0.01811331876292011,0.012480296192665314,0.6890121217440179,False,1234,0.56,MS_hard_burgers_n8_qapinn_s1234
703,1.2537616513164085,1.0882816868956788,False,0.24756569968793982,qapinn,8,0.01/pi,burgers,0.018530805873560714,0.013458110108236072,0.7262560624758237,False,1234,0.6,MS_hard_burgers_n8_qapinn_s1234
703,1.263049413251328,1.122885854323343,False,0.24756569968793982,qapinn,8,0.01/pi,burgers,0.018719770145173256,0.014282337971232947,0.7629547724396357,False,1234,0.64,MS_hard_burgers_n8_qapinn_s1234
703,1.2678678757222086,1.1542780491108897,False,0.24756569968793982,qapinn,8,0.01/pi,burgers,0.018752534424949636,0.014993057289429707,0.799521651296474,False,1234,0.68,MS_hard_burgers_n8_qapinn_s1234
703,1.2695752376845033,1.1842574171107716,False,0.24756569968793982,qapinn,8,0.01/pi,burgers,0.018676208644799103,0.01565513995785084,0.838239722825673,False,1234,0.72,MS_hard_burgers_n8_qapinn_s1234
703,1.2690874646987593,1.214378685078584,False,0.24756569968793982,qapinn,8,0.01/pi,burgers,0.018522414477381174,0.016331359767868262,0.8817079321819227,False,1234,0.76,MS_hard_burgers_n8_qapinn_s1234
703,1.2670348234859754,1.2438132654988872,False,0.24756569968793982,qapinn,8,0.01/pi,burgers,0.018312926614131676,0.01701803269141811,0.9292907163339842,False,1234,0.8,MS_hard_burgers_n8_qapinn_s1234
703,1.2638587087570161,1.2690009768977546,False,0.24756569968793982,qapinn,8,0.01/pi,burgers,0.018063077332299865,0.017627083074152686,0.9758626810854899,False,1234,0.84,MS_hard_burgers_n8_qapinn_s1234
703,1.259873109394413,1.2881554686604857,False,0.24756569968793982,qapinn,8,0.01/pi,burgers,0.017783878635257412,0.018106366837397563,1.018133738356761,False,1234,0.88,MS_hard_burgers_n8_qapinn_s1234
703,1.2553045177222741,1.3045313797862466,False,0.24756569968793982,qapinn,8,0.01/pi,burgers,0.017483381737177846,0.01853099338574305,1.0599204241097986,False,1234,0.92,MS_hard_burgers_n8_qapinn_s1234
703,1.250318361712412,1.3183913663385016,False,0.24756569968793982,qapinn,8,0.01/pi,burgers,0.0171675688500158,0.01888927107655019,1.1002880630085725,False,1234,0.96,MS_hard_burgers_n8_qapinn_s1234
703,1.245036822841573,1.3224031296329848,False,0.24756569968793982,qapinn,8,0.01/pi,burgers,0.016840950487340463,0.018951743949370155,1.125336955513075,False,1234,1.0,MS_hard_burgers_n8_qapinn_s1234
703,0.500144145295721,0.5028246062077772,False,0.10127640594920727,qapinn,8,0.01/pi,burgers,3.70425406377563e-06,1.2114650165476e-05,3.2704695619954096,False,2025,0.0,MS_hard_burgers_n8_qapinn_s2025
703,0.5023917063806028,0.5053573811176955,False,0.10127640594920727,qapinn,8,0.01/pi,burgers,2.9227509926194613e-06,1.7979178664837284e-05,6.151457551545908,False,2025,0.04,MS_hard_burgers_n8_qapinn_s2025
703,0.5086916368329514,0.5119626209623028,False,0.10127640594920727,qapinn,8,0.01/pi,burgers,2.367279058804143e-06,3.585236692066774e-05,15.144968560985353,False,2025,0.08,MS_hard_burgers_n8_qapinn_s2025
703,0.5195534572740266,0.5232491823551813,False,0.10127640594920727,qapinn,8,0.01/pi,burgers,1.9580371177122484e-06,7.464298131231733e-05,38.1213311214087,False,2025,0.12,MS_hard_burgers_n8_qapinn_s2025
703,0.5359988327111411,0.5400539902521904,False,0.10127640594920727,qapinn,8,0.01/pi,burgers,1.6445752252270005e-06,0.00014898057243560426,90.58908960217401,False,2025,0.16,MS_hard_burgers_n8_qapinn_s2025
703,0.5598952651542854,0.5636188891254207,False,0.10127640594920727,qapinn,8,0.01/pi,burgers,1.3980284947447014e-06,0.00028795050432233593,205.96898089328252,False,2025,0.2,MS_hard_burgers_n8_qapinn_s2025
703,0.5947227450212248,0.5956662314120146,False,0.10127640594920727,qapinn,8,0.01/pi,burgers,4.715218951839874e-06,0.0005624857861864114,119.29155187309594,False,2025,0.24,MS_hard_burgers_n8_qapinn_s2025
703,0.6473771265198471,0.6381068916402273,False,0.10127640594920727,qapinn,8,0.01/pi,burgers,0.00010613525437437981,0.0011162933988291103,10.517649440887142,False,2025,0.28,MS_hard_burgers_n8_qapinn_s2025
703,0.7315459931206041,0.6921768990542518,False,0.10127640594920727,qapinn,8,0.01/pi,burgers,0.0011217209488575835,0.0021352783558312347,1.9035735741637958,False,2025,0.32,MS_hard_burgers_n8_qapinn_s2025
703,0.8615805549292378,0.7571193857870281,False,0.10127640594920727,qapinn,8,0.01/pi,burgers,0.004912396807581136,0.0037189503356243906,0.7570541390070648,False,2025,0.36,MS_hard_burgers_n8_qapinn_s2025
703,1.0046814644983904,0.8292693121562689,False,0.10127640594920727,qapinn,8,0.01/pi,burgers,0.010169265071761309,0.005757119872830551,0.5661293940323479,False,2025,0.4,MS_hard_burgers_n8_qapinn_s2025
703,1.1074893227186535,0.9023112598549857,False,0.10127640594920727,qapinn,8,0.01/pi,burgers,0.013869006723315215,0.007947803067538579,0.5730621684808553,False,2025,0.44,MS_hard_burgers_n8_qapinn_s2025
703,1.1718577303722955,0.9694298984226398,False,0.10127640594920727,qapinn,8,0.01/pi,burgers,0.01605401329537946,0.009958392963062359,0.6203055136330619,False,2025,0.48,MS_hard_burgers_n8_qapinn_s2025
703,1.212377579712704,1.0269205192022806,False,0.10127640594920727,qapinn,8,0.01/pi,burgers,0.017352095779541634,0.011607300386324418,0.668927865186728,False,2025,0.52,MS_hard_burgers_n8_qapinn_s2025
703,1.2379432584409522,1.075337913891268,False,0.10127640594920727,qapinn,8,0.01/pi,burgers,0.01811331876292011,0.01290540556831722,0.7124815577549465,False,2025,0.56,MS_hard_burgers_n8_qapinn_s2025
703,1.2537616513164085,1.1173932434031109,False,0.10127640594920727,qapinn,8,0.01/pi,burgers,0.018530805873560714,0.013963224509239959,0.753514153918278,False,2025,0.6,MS_hard_burgers_n8_qapinn_s2025
703,1.263049413251328,1.1557104189275644,False,0.10127640594920727,qapinn,8,0.01/pi,burgers,0.018719770145173256,0.014894348468786265,0.7956480423252769,False,2025,0.64,MS_hard_burgers_n8_qapinn_s2025
703,1.2678678757222086,1.1919228903407866,False,0.10127640594920727,qapinn,8,0.01/pi,burgers,0.018752534424949636,0.015774929146640804,0.8412158479044184,False,2025,0.68,MS_hard_burgers_n8_qapinn_s2025
703,1.2695752376845033,1.2266293691923125,False,0.10127640594920727,qapinn,8,0.01/pi,burgers,0.018676208644799103,0.016640472522717335,0.8909984268863544,False,2025,0.72,MS_hard_burgers_n8_qapinn_s2025
703,1.2690874646987593,1.2595771437046972,False,0.10127640594920727,qapinn,8,0.01/pi,burgers,0.018522414477381174,0.017491502042657835,0.9443424378618539,False,2025,0.76,MS_hard_burgers_n8_qapinn_s2025
703,1.2670348234859754,1.2898216953885222,False,0.10127640594920727,qapinn,8,0.01/pi,burgers,0.018312926614131676,0.018297168977947323,0.9991395347932976,False,2025,0.8,MS_hard_burgers_n8_qapinn_s2025
703,1.2638587087570161,1.315835282104163,False,0.10127640594920727,qapinn,8,0.01/pi,burgers,0.018063077332299865,0.0189974171781925,1.0517265042220618,False,2025,0.84,MS_hard_burgers_n8_qapinn_s2025
703,1.259873109394413,1.3356909763754938,False,0.10127640594920727,qapinn,8,0.01/pi,burgers,0.017783878635257412,0.01950931869588552,1.0970227078139938,False,2025,0.88,MS_hard_burgers_n8_qapinn_s2025
703,1.2553045177222741,1.347407343418435,False,0.10127640594920727,qapinn,8,0.01/pi,burgers,0.017483381737177846,0.01974090293050775,1.1291238289746517,False,2025,0.92,MS_hard_burgers_n8_qapinn_s2025
703,1.250318361712412,1.3494682077249023,False,0.10127640594920727,qapinn,8,0.01/pi,burgers,0.0171675688500158,0.019613402635812904,1.142468267182447,False,2025,0.96,MS_hard_burgers_n8_qapinn_s2025
703,1.245036822841573,1.3413837402933495,False,0.10127640594920727,qapinn,8,0.01/pi,burgers,0.016840950487340463,0.019087595122251926,1.1334036719958467,False,2025,1.0,MS_hard_burgers_n8_qapinn_s2025
703,0.500144145295721,0.5026668037630072,False,0.146533824092445,qapinn,8,0.01/pi,burgers,3.70425406377563e-06,1.506707957798139e-05,4.067507065815024,False,777,0.0,MS_hard_burgers_n8_qapinn_s777
703,0.5023917063806028,0.5056447706111261,False,0.146533824092445,qapinn,8,0.01/pi,burgers,2.9227509926194613e-06,3.0793545278496985e-05,10.535808680334702,False,777,0.04,MS_hard_burgers_n8_qapinn_s777
703,0.5086916368329514,0.5134339806120741,False,0.146533824092445,qapinn,8,0.01/pi,burgers,2.367279058804143e-06,5.446670554644013e-05,23.008147410366814,False,777,0.08,MS_hard_burgers_n8_qapinn_s777
703,0.5195534572740266,0.5274095700727307,False,0.146533824092445,qapinn,8,0.01/pi,burgers,1.9580371177122484e-06,5.727039879338465e-05,29.24888311632153,False,777,0.12,MS_hard_burgers_n8_qapinn_s777
703,0.5359988327111411,0.5490042531612167,False,0.146533824092445,qapinn,8,0.01/pi,burgers,1.6445752252270005e-06,0.00010940018139167367,66.5218469265054,False,777,0.16,MS_hard_burgers_n8_qapinn_s777
703,0.5598952651542854,0.5795895256577737,False,0.146533824092445,qapinn,8,0.01/pi,burgers,1.3980284947447014e-06,0.0003504604673775427,250.68192007169455,False,777,0.2,MS_hard_burgers_n8_qapinn_s777
703,0.5947227450212248,0.6202949502155755,False,0.146533824092445,qapinn,8,0.01/pi,burgers,4.715218951839874e-06,0.0009225023349738251,195.64358397691493,False,777,0.24,MS_hard_burgers_n8_qapinn_s777
703,0.6473771265198471,0.6715173106518164,False,0.146533824092445,qapinn,8,0.01/pi,burgers,0.00010613525437437981,0.0019161011235705916,18.053389845486844,False,777,0.28,MS_hard_burgers_n8_qapinn_s777
703,0.7315459931206041,0.7323122485127597,False,0.146533824092445,qapinn,8,0.01/pi,burgers,0.0011217209488575835,0.0033369605854684107,2.974858041892627,False,777,0.32,MS_hard_burgers_n8_qapinn_s777
703,0.8615805549292378,0.800053568515093,False,0.146533824092445,qapinn,8,0.01/pi,burgers,0.004912396807581136,0.005099923168805573,1.0381741069725952,False,777,0.36,MS_hard_burgers_n8_qapinn_s777
703,1.0046814644983904,0.8707615712240141,False,0.146533824092445,qapinn,8,0.01/pi,burgers,0.010169265071761309,0.007052782453241449,0.6935390515904718,False,777,0.4,MS_hard_burgers_n8_qapinn_s777
703,1.1074893227186535,0.9401486160268687,False,0.146533824092445,qapinn,8,0.01/pi,burgers,0.013869006723315215,0.009023665496060483,0.6506353105223304,False,777,0.44,MS_hard_burgers_n8_qapinn_s777
703,1.1718577303722955,1.0047800271491034,False,0.146533824092445,qapinn,8,0.01/pi,burgers,0.01605401329537946,0.010870802014938754,0.67713921839516,False,777,0.48,MS_hard_burgers_n8_qapinn_s777
703,1.212377579712704,1.0627639889293024,False,0.146533824092445,qapinn,8,0.01/pi,burgers,0.017352095779541634,0.012513725865372428,0.7211650986923601,False,777,0.52,MS_hard_burgers_n8_qapinn_s777
703,1.2379432584409522,1.1137388901063152,False,0.146533824092445,qapinn,8,0.01/pi,burgers,0.01811331876292011,0.01393538990211994,0.7693449270404917,False,777,0.56,MS_hard_burgers_n8_qapinn_s777
703,1.2537616513164085,1.1583394630945223,False,0.146533824092445,qapinn,8,0.01/pi,burgers,0.018530805873560714,0.015161597513173409,0.8181833869840272,False,777,0.6,MS_hard_burgers_n8_qapinn_s777
703,1.263049413251328,1.1974924908471392,False,0.146533824092445,qapinn,8,0.01/pi,burgers,0.018719770145173256,0.016232317089299227,0.8671216026380859,False,777,0.64,MS_hard_burgers_n8_qapinn_s777
703,1.2678678757222086,1.231851486629774,False,0.146533824092445,qapinn,8,0.01/pi,burgers,0.018752534424949636,0.017178053862800646,0.9160390522971553,False,777,0.68,MS_hard_burgers_n8_qapinn_s777
703,1.2695752376845033,1.2614883285903657,False,0.146533824092445,qapinn,8,0.01/pi,burgers,0.018676208644799103,0.01800629374375836,0.9641300376440537,False,777,0.72,MS_hard_burgers_n8_qapinn_s777
703,1.2690874646987593,1.2858367442275849,False,0.146533824092445,qapinn,8,0.01/pi,burgers,0.018522414477381174,0.01869807859997407,1.0094838673871276,False,777,0.76,MS_hard_burgers_n8_qapinn_s777
703,1.2670348234859754,1.303864203804751,False,0.146533824092445,qapinn,8,0.01/pi,burgers,0.018312926614131676,0.01921385347381189,1.0491962250853442,False,777,0.8,MS_hard_burgers_n8_qapinn_s777
703,1.2638587087570161,1.314387005035978,False,0.146533824092445,qapinn,8,0.01/pi,burgers,0.018063077332299865,0.01950556244936869,1.0798582152161533,False,777,0.84,MS_hard_burgers_n8_qapinn_s777
703,1.259873109394413,1.3164696364224404,False,0.146533824092445,qapinn,8,0.01/pi,burgers,0.017783878635257412,0.019532592819195806,1.0983314281324144,False,777,0.88,MS_hard_burgers_n8_qapinn_s777
703,1.2553045177222741,1.3097910446510364,False,0.146533824092445,qapinn,8,0.01/pi,burgers,0.017483381737177846,0.019276378900876228,1.102554367950774,False,777,0.92,MS_hard_burgers_n8_qapinn_s777
703,1.250318361712412,1.2948808298450618,False,0.146533824092445,qapinn,8,0.01/pi,burgers,0.0171675688500158,0.018748467848720127,1.092086364267173,False,777,0.96,MS_hard_burgers_n8_qapinn_s777
703,1.245036822841573,1.2731402524893538,False,0.146533824092445,qapinn,8,0.01/pi,burgers,0.016840950487340463,0.017988708391373467,1.068152798435919,False,777,1.0,MS_hard_burgers_n8_qapinn_s777
2016,0.500144145295721,0.5005900964239971,True,0.020476709098068438,twin,3,0.01/pi,burgers,3.70425406377563e-06,1.064202087944305e-05,2.872918729714768,False,1234,0.0,MS_hard_burgers_n3_twin_s1234
2016,0.5023917063806028,0.5028445542722073,True,0.020476709098068438,twin,3,0.01/pi,burgers,2.9227509926194613e-06,1.2306175830215141e-05,4.210476999679662,False,1234,0.04,MS_hard_burgers_n3_twin_s1234
2016,0.5086916368329514,0.5092868193032811,True,0.020476709098068438,twin,3,0.01/pi,burgers,2.367279058804143e-06,1.1943044930280542e-05,5.04505156916891,False,1234,0.08,MS_hard_burgers_n3_twin_s1234
2016,0.5195534572740266,0.5205113225631998,True,0.020476709098068438,twin,3,0.01/pi,burgers,1.9580371177122484e-06,1.3972057994767594e-05,7.135747258505708,False,1234,0.12,MS_hard_burgers_n3_twin_s1234
2016,0.5359988327111411,0.5375817787529072,True,0.020476709098068438,twin,3,0.01/pi,burgers,1.6445752252270005e-06,2.2977352135911197e-05,13.971602991124737,False,1234,0.16,MS_hard_burgers_n3_twin_s1234
2016,0.5598952651542854,0.5623455482254338,True,0.020476709098068438,twin,3,0.01/pi,burgers,1.3980284947447014e-06,3.928922999197227e-05,28.10331129849181,False,1234,0.2,MS_hard_burgers_n3_twin_s1234
2016,0.5947227450212248,0.5983033296735711,True,0.020476709098068438,twin,3,0.01/pi,burgers,4.715218951839874e-06,7.84132060747045e-05,16.6298122898636,False,1234,0.24,MS_hard_burgers_n3_twin_s1234
2016,0.6473771265198471,0.6524459445572602,True,0.020476709098068438,twin,3,0.01/pi,burgers,0.00010613525437437981,0.00032658496462944424,3.077063945948192,False,1234,0.28,MS_hard_burgers_n3_twin_s1234
2016,0.7315459931206041,0.7367238781647437,True,0.020476709098068438,twin,3,0.01/pi,burgers,0.0011217209488575835,0.0015968002267517092,1.423527151184945,False,1234,0.32,MS_hard_burgers_n3_twin_s1234
2016,0.8615805549292378,0.858327555038285,True,0.020476709098068438,twin,3,0.01/pi,burgers,0.004912396807581136,0.0049872170027803146,1.015230894027883,False,1234,0.36,MS_hard_burgers_n3_twin_s1234
2016,1.0046814644983904,0.993215242928937,True,0.020476709098068438,twin,3,0.01/pi,burgers,0.010169265071761309,0.009645637148918211,0.948508774316726,False,1234,0.4,MS_hard_burgers_n3_twin_s1234
2016,1.1074893227186535,1.0998700038831748,True,0.020476709098068438,twin,3,0.01/pi,burgers,0.013869006723315215,0.013467839392052343,0.9710745448995659,False,1234,0.44,MS_hard_burgers_n3_twin_s1234
2016,1.1718577303722955,1.1681117804414232,True,0.020476709098068438,twin,3,0.01/pi,burgers,0.01605401329537946,0.015862228048223608,0.9880537505714506,False,1234,0.48,MS_hard_burgers_n3_twin_s1234
2016,1.212377579712704,1.209972646859095,True,0.020476709098068438,twin,3,0.01/pi,burgers,0.017352095779541634,0.01726213878436758,0.994815785002748,False,1234,0.52,MS_hard_burgers_n3_twin_s1234
2016,1.2379432584409522,1.2360317283703595,True,0.020476709098068438,twin,3,0.01/pi,burgers,0.01811331876292011,0.018074212783783017,0.9978410373245821,False,1234,0.56,MS_hard_burgers_n3_twin_s1234
2016,1.2537616513164085,1.2519133031575853,True,0.020476709098068438,twin,3,0.01/pi,burgers,0.018530805873560714,0.01851501564175155,0.9991478928700185,False,1234,0.6,MS_hard_burgers_n3_twin_s1234
2016,1.263049413251328,1.2607172708766057,True,0.020476709098068438,twin,3,0.01/pi,burgers,0.018719770145173256,0.01869968318543719,0.9989269654712484,False,1234,0.64,MS_hard_burgers_n3_twin_s1234
2016,1.2678678757222086,1.2645305347241362,True,0.020476709098068438,twin,3,0.01/pi,burgers,0.018752534424949636,0.018702382734705217,0.9973256046831892,False,1234,0.68,MS_hard_burgers_n3_twin_s1234
2016,1.2695752376845033,1.2649269339040463,True,0.020476709098068438,twin,3,0.01/pi,burgers,0.018676208644799103,0.018578093182735133,0.9947465000027566,False,1234,0.72,MS_hard_burgers_n3_twin_s1234
2016,1.2690874646987593,1.2631392091413165,True,0.020476709098068438,twin,3,0.01/pi,burgers,0.018522414477381174,0.01837006687833053,0.9917749600497989,False,1234,0.76,MS_hard_burgers_n3_twin_s1234
2016,1.2670348234859754,1.2601441506894593,True,0.020476709098068438,twin,3,0.01/pi,burgers,0.018312926614131676,0.01811268288292139,0.9890654434744601,False,1234,0.8,MS_hard_burgers_n3_twin_s1234
2016,1.2638587087570161,1.2567021351826209,True,0.020476709098068438,twin,3,0.01/pi,burgers,0.018063077332299865,0.01783249592214882,0.9872346552080178,False,1234,0.84,MS_hard_burgers_n3_twin_s1234
2016,1.259873109394413,1.2533834386361429,True,0.020476709098068438,twin,3,0.01/pi,burgers,0.017783878635257412,0.017549013517802425,0.9867933693053125,False,1234,0.88,MS_hard_burgers_n3_twin_s1234
2016,1.2553045177222741,1.2505902798368616,True,0.020476709098068438,twin,3,0.01/pi,burgers,0.017483381737177846,0.01727544658570613,0.9881066972855973,False,1234,0.92,MS_hard_burgers_n3_twin_s1234
2016,1.250318361712412,1.248576320817268,True,0.020476709098068438,twin,3,0.01/pi,burgers,0.0171675688500158,0.017019449216012367,0.9913721252381467,False,1234,0.96,MS_hard_burgers_n3_twin_s1234
2016,1.245036822841573,1.2474668522325367,True,0.020476709098068438,twin,3,0.01/pi,burgers,0.016840950487340463,0.016784032322970883,0.9966202522587804,False,1234,1.0,MS_hard_burgers_n3_twin_s1234
2016,0.500144145295721,0.5002268370091913,True,0.008722551551520212,twin,3,0.01/pi,burgers,3.70425406377563e-06,6.301539178857335e-06,1.701162790231071,False,2025,0.0,MS_hard_burgers_n3_twin_s2025
2016,0.5023917063806028,0.5024701379561717,True,0.008722551551520212,twin,3,0.01/pi,burgers,2.9227509926194613e-06,6.0762874519652915e-06,2.0789617272594034,False,2025,0.04,MS_hard_burgers_n3_twin_s2025
2016,0.5086916368329514,0.508793840374312,True,0.008722551551520212,twin,3,0.01/pi,burgers,2.367279058804143e-06,5.472620767991733e-06,2.311776783408158,False,2025,0.08,MS_hard_burgers_n3_twin_s2025
2016,0.5195534572740266,0.519737058340632,True,0.008722551551520212,twin,3,0.01/pi,burgers,1.9580371177122484e-06,5.039945105100909e-06,2.573978327330961,False,2025,0.12,MS_hard_burgers_n3_twin_s2025
2016,0.5359988327111411,0.5363052738915157,True,0.008722551551520212,twin,3,0.01/pi,burgers,1.6445752252270005e-06,4.417116515969005e-06,2.6858707635944783,False,2025,0.16,MS_hard_burgers_n3_twin_s2025
2016,0.5598952651542854,0.5602933208715573,True,0.008722551551520212,twin,3,0.01/pi,burgers,1.3980284947447014e-06,3.4637070353038445e-06,2.477565406087351,False,2025,0.2,MS_hard_burgers_n3_twin_s2025
2016,0.5947227450212248,0.5950984297956059,True,0.008722551551520212,twin,3,0.01/pi,burgers,4.715218951839874e-06,8.3673521383938e-06,1.7745415905085102,False,2025,0.24,MS_hard_burgers_n3_twin_s2025
2016,0.6473771265198471,0.6477422175250509,True,0.008722551551520212,twin,3,0.01/pi,burgers,0.00010613525437437981,0.000161435505692011,1.5210356506290168,False,2025,0.28,MS_hard_burgers_n3_twin_s2025
2016,0.7315459931206041,0.7316139187798154,True,0.008722551551520212,twin,3,0.01/pi,burgers,0.0011217209488575835,0.0013078031367414682,1.1658899105641203,False,2025,0.32,MS_hard_burgers_n3_twin_s2025
2016,0.8615805549292378,0.857356428924707,True,0.008722551551520212,twin,3,0.01/pi,burgers,0.004912396807581136,0.004823606420666837,0.9819252413043523,False,2025,0.36,MS_hard_burgers_n3_twin_s2025
2016,1.0046814644983904,0.9985001080816523,True,0.008722551551520212,twin,3,0.01/pi,burgers,0.010169265071761309,0.009822654963984394,0.9659159137527642,False,2025,0.4,MS_hard_burgers_n3_twin_s2025
2016,1.1074893227186535,1.1067037089773974,True,0.008722551551520212,twin,3,0.01/pi,burgers,0.013869006723315215,0.01381057904500386,0.9957871764375792,False,2025,0.44,MS_hard_burgers_n3_twin_s2025
2016,1.1718577303722955,1.1717132594506767,True,0.008722551551520212,twin,3,0.01/pi,burgers,0.01605401329537946,0.016102187370297217,1.003000749658755,False,2025,0.48,MS_hard_burgers_n3_twin_s2025
2016,1.212377579712704,1.2096977407687102,True,0.008722551551520212,twin,3,0.01/pi,burgers,0.017352095779541634,0.017314889340668018,0.9978557956718126,False,2025,0.52,MS_hard_burgers_n3_twin_s2025
2016,1.2379432584409522,1.2336750314246856,True,0.008722551551520212,twin,3,0.01/pi,burgers,0.01811331876292011,0.01799239801698683,0.9933242081412039,False,2025,0.56,MS_hard_burgers_n3_twin_s2025
2016,1.2537616513164085,1.2496520014266093,True,0.008722551551520212,twin,3,0.01/pi,burgers,0.018530805873560714,0.01838774794190621,0.9922799940471765,False,2025,0.6,MS_hard_burgers_n3_twin_s2025
2016,1.263049413251328,1.260155906126761,True,0.008722551551520212,twin,3,0.01/pi,burgers,0.018719770145173256,0.018602871079692745,0.9937553151254557,False,2025,0.64,MS_hard_burgers_n3_twin_s2025
2016,1.2678678757222086,1.2664431857433043,True,0.008722551551520212,twin,3,0.01/pi,burgers,0.018752534424949636,0.018682768956879668,0.9962796779097152,False,2025,0.68,MS_hard_burgers_n3_twin_s2025
2016,1.2695752376845033,1.2693557745556623,True,0.008722551551520212,twin,3,0.01/pi,burgers,0.018676208644799103,0.018653421038264385,0.9987798590726783,False,2025,0.72,MS_hard_burgers_n3_twin_s2025
2016,1.2690874646987593,1.2695838665941483,True,0.008722551551520212,twin,3,0.01/pi,burgers,0.018522414477381174,0.01853459344212719,1.0006575257648451,False,2025,0.76,MS_hard_burgers_n3_twin_s2025
2016,1.2670348234859754,1.2677281180494895,True,0.008722551551520212,twin,3,0.01/pi,burgers,0.018312926614131676,0.018343477434103826,1.0016682652978348,False,2025,0.8,MS_hard_burgers_n3_twin_s2025
2016,1.2638587087570161,1.264305397050903,True,0.008722551551520212,twin,3,0.01/pi,burgers,0.018063077332299865,0.018095567638446945,1.0017987137822293,False,2025,0.84,MS_hard_burgers_n3_twin_s2025
2016,1.259873109394413,1.2597458475449916,True,0.008722551551520212,twin,3,0.01/pi,burgers,0.017783878635257412,0.017804515298287887,1.001160414072415,False,2025,0.88,MS_hard_burgers_n3_twin_s2025
2016,1.2553045177222741,1.2543971899286739,True,0.008722551551520212,twin,3,0.01/pi,burgers,0.017483381737177846,0.017482114978397342,0.9999275449795957,False,2025,0.92,MS_hard_burgers_n3_twin_s2025
2016,1.250318361712412,1.2485324723892706,True,0.008722551551520212,twin,3,0.01/pi,burgers,0.0171675688500158,0.017138170166754674,0.9982875453409876,False,2025,0.96,MS_hard_burgers_n3_twin_s2025
2016,1.245036822841573,1.2423622833315242,True,0.008722551551520212,twin,3,0.01/pi,burgers,0.016840950487340463,0.01678071797650946,0.996423449443885,False,2025,1.0,MS_hard_burgers_n3_twin_s2025
2016,0.500144145295721,0.5002301118504716,True,0.010871116777683511,twin,3,0.01/pi,burgers,3.70425406377563e-06,4.873526353055236e-06,1.315656612410598,False,777,0.0,MS_hard_burgers_n3_twin_s777
2016,0.5023917063806028,0.5025506286995939,True,0.010871116777683511,twin,3,0.01/pi,burgers,2.9227509926194613e-06,5.924045204806156e-06,2.02687304521171,False,777,0.04,MS_hard_burgers_n3_twin_s777
2016,0.5086916368329514,0.5090392284020019,True,0.010871116777683511,twin,3,0.01/pi,burgers,2.367279058804143e-06,5.80640762605107e-06,2.4527769991697728,False,777,0.08,MS_hard_burgers_n3_twin_s777
2016,0.5195534572740266,0.5202197693644132,True,0.010871116777683511,twin,3,0.01/pi,burgers,1.9580371177122484e-06,4.70100935846888e-06,2.4008785716797307,False,777,0.12,MS_hard_burgers_n3_twin_s777
2016,0.5359988327111411,0.5370591273956382,True,0.010871116777683511,twin,3,0.01/pi,burgers,1.6445752252270005e-06,7.561069256882612e-06,4.597581880657943,False,777,0.16,MS_hard_burgers_n3_twin_s777
2016,0.5598952651542854,0.5614575546414201,True,0.010871116777683511,twin,3,0.01/pi,burgers,1.3980284947447014e-06,1.3256901593219585e-05,9.48256894838218,False,777,0.2,MS_hard_burgers_n3_twin_s777
2016,0.5947227450212248,0.5972351191012989,True,0.010871116777683511,twin,3,0.01/pi,burgers,4.715218951839874e-06,1.840563943026733e-05,3.9034538201212197,False,777,0.24,MS_hard_burgers_n3_twin_s777
2016,0.6473771265198471,0.6518721696044758,True,0.010871116777683511,twin,3,0.01/pi,burgers,0.00010613525437437981,0.0002557946442989103,2.410081794279442,False,777,0.28,MS_hard_burgers_n3_twin_s777
2016,0.7315459931206041,0.7373707097947698,True,0.010871116777683511,twin,3,0.01/pi,burgers,0.0011217209488575835,0.001636253890013388,1.4586995916228813,False,777,0.32,MS_hard_burgers_n3_twin_s777
2016,0.8615805549292378,0.8587727176830219,True,0.010871116777683511,twin,3,0.01/pi,burgers,0.004912396807581136,0.005082877309520595,1.0347041390622929,False,777,0.36,MS_hard_burgers_n3_twin_s777
2016,1.0046814644983904,0.991615618344698,True,0.010871116777683511,twin,3,0.01/pi,burgers,0.010169265071761309,0.009630278961338804,0.9469985189078022,False,777,0.4,MS_hard_burgers_n3_twin_s777
2016,1.1074893227186535,1.099753316230171,True,0.010871116777683511,twin,3,0.01/pi,burgers,0.013869006723315215,0.013465580763659966,0.9709116905266872,False,777,0.44,MS_hard_burgers_n3_twin_s777
2016,1.1718577303722955,1.1711418103288398,True,0.010871116777683511,twin,3,0.01/pi,burgers,0.01605401329537946,0.0159568181170995,0.9939457395174868,False,777,0.48,MS_hard_burgers_n3_twin_s777
2016,1.212377579712704,1.2142773402111633,True,0.010871116777683511,twin,3,0.01/pi,burgers,0.017352095779541634,0.017395462004353136,1.002499192337483,False,777,0.52,MS_hard_burgers_n3_twin_s777
2016,1.2379432584409522,1.239763930060288,True,0.010871116777683511,twin,3,0.01/pi,burgers,0.01811331876292011,0.018181484164969654,1.0037632751315064,False,777,0.56,MS_hard_burgers_n3_twin_s777
2016,1.2537616513164085,1.2545692712273104,True,0.010871116777683511,twin,3,0.01/pi,burgers,0.018530805873560714,0.01857861341077122,1.0025798952045963,False,777,0.6,MS_hard_burgers_n3_twin_s777
2016,1.263049413251328,1.26272823578034,True,0.010871116777683511,twin,3,0.01/pi,burgers,0.018719770145173256,0.018736978556620737,1.0009192640355105,False,777,0.64,MS_hard_burgers_n3_twin_s777
2016,1.2678678757222086,1.2665922308123077,True,0.010871116777683511,twin,3,0.01/pi,burgers,0.018752534424949636,0.018741602723131634,0.999417054699366,False,777,0.68,MS_hard_burgers_n3_twin_s777
2016,1.2695752376845033,1.2676074147361713,True,0.010871116777683511,twin,3,0.01/pi,burgers,0.018676208644799103,0.01864350341965515,0.998248829526058,False,777,0.72,MS_hard_burgers_n3_twin_s777
2016,1.2690874646987593,1.26666896993845,True,0.010871116777683511,twin,3,0.01/pi,burgers,0.018522414477381174,0.018473951038600438,0.9973835247645539,False,777,0.76,MS_hard_burgers_n3_twin_s777
2016,1.2670348234859754,1.2643529608566109,True,0.010871116777683511,twin,3,0.01/pi,burgers,0.018312926614131676,0.018253466111005305,0.996753085709387,False,777,0.8,MS_hard_burgers_n3_twin_s777
2016,1.2638587087570161,1.261036980482432,True,0.010871116777683511,twin,3,0.01/pi,burgers,0.018063077332299865,0.01799602477126839,0.9962878661372071,False,777,0.84,MS_hard_burgers_n3_twin_s777
2016,1.259873109394413,1.2569880863024283,True,0.010871116777683511,twin,3,0.01/pi,burgers,0.017783878635257412,0.017712085605912933,0.9959630274802851,False,777,0.88,MS_hard_burgers_n3_twin_s777
2016,1.2553045177222741,1.2524072979177845,True,0.010871116777683511,twin,3,0.01/pi,burgers,0.017483381737177846,0.017409917992812846,0.9957980815457012,False,777,0.92,MS_hard_burgers_n3_twin_s777
2016,1.250318361712412,1.2474505570351981,True,0.010871116777683511,twin,3,0.01/pi,burgers,0.0171675688500158,0.017096262685663534,0.9958464611398836,False,777,0.96,MS_hard_burgers_n3_twin_s777
2016,1.245036822841573,1.2422455270581194,True,0.010871116777683511,twin,3,0.01/pi,burgers,0.016840950487340463,0.016776800883562638,0.9961908561024482,False,777,1.0,MS_hard_burgers_n3_twin_s777
2016,0.500144145295721,0.5004867163219048,True,0.09294882271954052,twin,4,0.01/pi,burgers,3.70425406377563e-06,8.951633508071793e-06,2.41658194982114,False,1234,0.0,MS_hard_burgers_n4_twin_s1234
2016,0.5023917063806028,0.5032111488050188,True,0.09294882271954052,twin,4,0.01/pi,burgers,2.9227509926194613e-06,1.0843130998385434e-05,3.709905847527394,False,1234,0.04,MS_hard_burgers_n4_twin_s1234
2016,0.5086916368329514,0.5104174194563917,True,0.09294882271954052,twin,4,0.01/pi,burgers,2.367279058804143e-06,9.276291038588866e-06,3.918545641710229,False,1234,0.08,MS_hard_burgers_n4_twin_s1234
2016,0.5195534572740266,0.5228473342166791,True,0.09294882271954052,twin,4,0.01/pi,burgers,1.9580371177122484e-06,9.159372918344286e-06,4.677834161308448,False,1234,0.12,MS_hard_burgers_n4_twin_s1234
2016,0.5359988327111411,0.5418281984486956,True,0.09294882271954052,twin,4,0.01/pi,burgers,1.6445752252270005e-06,2.048065094936809e-05,12.4534594922778,False,1234,0.16,MS_hard_burgers_n4_twin_s1234
2016,0.5598952651542854,0.5695655575010204,True,0.09294882271954052,twin,4,0.01/pi,burgers,1.3980284947447014e-06,7.313631095771915e-05,52.313891478352744,False,1234,0.2,MS_hard_burgers_n4_twin_s1234
2016,0.5947227450212248,0.6096324585225622,True,0.09294882271954052,twin,4,0.01/pi,burgers,4.715218951839874e-06,0.00029825645433522114,63.25399888775934,False,1234,0.24,MS_hard_burgers_n4_twin_s1234
2016,0.6473771265198471,0.6672560109844888,True,0.09294882271954052,twin,4,0.01/pi,burgers,0.00010613525437437981,0.0009971485205792154,9.395073545137882,False,1234,0.28,MS_hard_burgers_n4_twin_s1234
2016,0.7315459931206041,0.7479805250830956,True,0.09294882271954052,twin,4,0.01/pi,burgers,0.0011217209488575835,0.002589206260424299,2.308244544297114,False,1234,0.32,MS_hard_burgers_n4_twin_s1234
2016,0.8615805549292378,0.8524986683569983,True,0.09294882271954052,twin,4,0.01/pi,burgers,0.004912396807581136,0.005338248370711214,1.086689162095553,False,1234,0.36,MS_hard_burgers_n4_twin_s1234
2016,1.0046814644983904,0.9702737974749918,True,0.09294882271954052,twin,4,0.01/pi,burgers,0.010169265071761309,0.008972600128355488,0.8823253268587915,False,1234,0.4,MS_hard_burgers_n4_twin_s1234
2016,1.1074893227186535,1.0808380224305953,True,0.09294882271954052,twin,4,0.01/pi,burgers,0.013869006723315215,0.012668909125531251,0.913469102602245,False,1234,0.44,MS_hard_burgers_n4_twin_s1234
2016,1.1718577303722955,1.1651855801995978,True,0.09294882271954052,twin,4,0.01/pi,burgers,0.01605401329537946,0.015585345554120224,0.9708068174209047,False,1234,0.48,MS_hard_burgers_n4_twin_s1234
2016,1.212377579712704,1.218542584881257,True,0.09294882271954052,twin,4,0.01/pi,burgers,0.017352095779541634,0.017432898714618568,1.0046566671889976,False,1234,0.52,MS_hard_burgers_n4_twin_s1234
2016,1.2379432584409522,1.2476343334145135,True,0.09294882271954052,twin,4,0.01/pi,burgers,0.01811331876292011,0.018400150859418526,1.015835424764102,False,1234,0.56,MS_hard_burgers_n4_twin_s1234
2016,1.2537616513164085,1.2614481118655245,True,0.09294882271954052,twin,4,0.01/pi,burgers,0.018530805873560714,0.018798527762930756,1.0144473959306874,False,1234,0.6,MS_hard_burgers_n4_twin_s1234
2016,1.263049413251328,1.2666796083653389,True,0.09294882271954052,twin,4,0.01/pi,burgers,0.018719770145173256,0.01887424733672306,1.008252088051927,False,1234,0.64,MS_hard_burgers_n4_twin_s1234
2016,1.2678678757222086,1.2673588292392008,True,0.09294882271954052,twin,4,0.01/pi,burgers,0.018752534424949636,0.018782099133775175,1.0015765713665992,False,1234,0.68,MS_hard_burgers_n4_twin_s1234
2016,1.2695752376845033,1.2657030045223983,True,0.09294882271954052,twin,4,0.01/pi,burgers,0.018676208644799103,0.018610062326905173,0.9964582577142953,False,1234,0.72,MS_hard_burgers_n4_twin_s1234
2016,1.2690874646987593,1.2628554327193655,True,0.09294882271954052,twin,4,0.01/pi,burgers,0.018522414477381174,0.018402330476965646,0.9935168279188348,False,1234,0.76,MS_hard_burgers_n4_twin_s1234
2016,1.2670348234859754,1.2593559373024854,True,0.09294882271954052,twin,4,0.01/pi,burgers,0.018312926614131676,0.01817448585260896,0.99244027104789,False,1234,0.8,MS_hard_burgers_n4_twin_s1234
2016,1.2638587087570161,1.2554496585374395,True,0.09294882271954052,twin,4,0.01/pi,burgers,0.018063077332299865,0.01792536770050444,0.9923761810204302,False,1234,0.84,MS_hard_burgers_n4_twin_s1234
2016,1.259873109394413,1.2512993415289484,True,0.09294882271954052,twin,4,0.01/pi,burgers,0.017783878635257412,0.01764742687516621,0.9923272215870458,False,1234,0.88,MS_hard_burgers_n4_twin_s1234
2016,1.2553045177222741,1.2471049697229746,True,0.09294882271954052,twin,4,0.01/pi,burgers,0.017483381737177846,0.017334598171176514,0.9914900007196578,False,1234,0.92,MS_hard_burgers_n4_twin_s1234
2016,1.250318361712412,1.2431446497049132,True,0.09294882271954052,twin,4,0.01/pi,burgers,0.0171675688500158,0.016986566041963077,0.9894567012001495,False,1234,0.96,MS_hard_burgers_n4_twin_s1234
2016,1.245036822841573,1.2397389590365404,True,0.09294882271954052,twin,4,0.01/pi,burgers,0.016840950487340463,0.01660917166258288,0.986237188635415,False,1234,1.0,MS_hard_burgers_n4_twin_s1234
2016,0.500144145295721,0.5005954454627921,True,0.03742105704715342,twin,4,0.01/pi,burgers,3.70425406377563e-06,1.8719843518906655e-05,5.053606798186544,False,2025,0.0,MS_hard_burgers_n4_twin_s2025
2016,0.5023917063806028,0.5028935212893983,True,0.03742105704715342,twin,4,0.01/pi,burgers,2.9227509926194613e-06,1.5400488811596548e-05,5.2691758040578565,False,2025,0.04,MS_hard_burgers_n4_twin_s2025
2016,0.5086916368329514,0.5093175555638504,True,0.03742105704715342,twin,4,0.01/pi,burgers,2.367279058804143e-06,1.2802055756459685e-05,5.407919995256826,False,2025,0.08,MS_hard_burgers_n4_twin_s2025
2016,0.5195534572740266,0.5204902300026937,True,0.03742105704715342,twin,4,0.01/pi,burgers,1.9580371177122484e-06,1.0160056676524804e-05,5.188898915458618,False,2025,0.12,MS_hard_burgers_n4_twin_s2025
2016,0.5359988327111411,0.5375617724156895,True,0.03742105704715342,twin,4,0.01/pi,burgers,1.6445752252270005e-06,9.07687096055211e-06,5.519279885357164,False,2025,0.16,MS_hard_burgers_n4_twin_s2025
2016,0.5598952651542854,0.5626894684167156,True,0.03742105704715342,twin,4,0.01/pi,burgers,1.3980284947447014e-06,1.5130326604818558e-05,10.822616750441526,False,2025,0.2,MS_hard_burgers_n4_twin_s2025
2016,0.5947227450212248,0.5999803305423653,True,0.03742105704715342,twin,4,0.01/pi,burgers,4.715218951839874e-06,6.28063093993352e-05,13.319913675446234,False,2025,0.24,MS_hard_burgers_n4_twin_s2025
2016,0.6473771265198471,0.6567851386575898,True,0.03742105704715342,twin,4,0.01/pi,burgers,0.00010613525437437981,0.0004162023083017309,3.9214331821698516,False,2025,0.28,MS_hard_burgers_n4_twin_s2025
2016,0.7315459931206041,0.7429557664840108,True,0.03742105704715342,twin,4,0.01/pi,burgers,0.0011217209488575835,0.0019218234409213847,1.713281224602844,False,2025,0.32,MS_hard_burgers_n4_twin_s2025
2016,0.8615805549292378,0.8599419966885713,True,0.03742105704715342,twin,4,0.01/pi,burgers,0.004912396807581136,0.005282812029952118,1.0754041737425064,False,2025,0.36,MS_hard_burgers_n4_twin_s2025
2016,1.0046814644983904,0.9847583689881352,True,0.03742105704715342,twin,4,0.01/pi,burgers,0.010169265071761309,0.009535682787909314,0.937696354713836,False,2025,0.4,MS_hard_burgers_n4_twin_s2025
2016,1.1074893227186535,1.0875032681959225,True,0.03742105704715342,twin,4,0.01/pi,burgers,0.013869006723315215,0.013134426170012108,0.9470343790324796,False,2025,0.44,MS_hard_burgers_n4_twin_s2025
2016,1.1718577303722955,1.1581530704648528,True,0.03742105704715342,twin,4,0.01/pi,burgers,0.01605401329537946,0.015546548480950764,0.9683901585795528,False,2025,0.48,MS_hard_burgers_n4_twin_s2025
2016,1.212377579712704,1.202367284440878,True,0.03742105704715342,twin,4,0.01/pi,burgers,0.017352095779541634,0.016985492725267577,0.978872693020385,False,2025,0.52,MS_hard_burgers_n4_twin_s2025
2016,1.2379432584409522,1.2290478134231817,True,0.03742105704715342,twin,4,0.01/pi,burgers,0.01811331876292011,0.017798052440969207,0.9825947786776499,False,2025,0.56,MS_hard_burgers_n4_twin_s2025
2016,1.2537616513164085,1.2445918855804134,True,0.03742105704715342,twin,4,0.01/pi,burgers,0.018530805873560714,0.018224298986134976,0.9834596029165114,False,2025,0.6,MS_hard_burgers_n4_twin_s2025
2016,1.263049413251328,1.2528726390782063,True,0.03742105704715342,twin,4,0.01/pi,burgers,0.018719770145173256,0.01840210606548465,0.9830305566134041,False,2025,0.64,MS_hard_burgers_n4_twin_s2025
2016,1.2678678757222086,1.256394078786538,True,0.03742105704715342,twin,4,0.01/pi,burgers,0.018752534424949636,0.01841534229608804,0.9820188502940183,False,2025,0.68,MS_hard_burgers_n4_twin_s2025
2016,1.2695752376845033,1.2569984897325928,True,0.03742105704715342,twin,4,0.01/pi,burgers,0.018676208644799103,0.01832329225203878,0.9811034241760518,False,2025,0.72,MS_hard_burgers_n4_twin_s2025
2016,1.2690874646987593,1.25604156787703,True,0.03742105704715342,twin,4,0.01/pi,burgers,0.018522414477381174,0.018169473129328213,0.9809451759929053,False,2025,0.76,MS_hard_burgers_n4_twin_s2025
2016,1.2670348234859754,1.254416516817829,True,0.03742105704715342,twin,4,0.01/pi,burgers,0.018312926614131676,0.017983589697331485,0.982016150463572,False,2025,0.8,MS_hard_burgers_n4_twin_s2025
2016,1.2638587087570161,1.2526226408580348,True,0.03742105704715342,twin,4,0.01/pi,burgers,0.018063077332299865,0.017783857824870335,0.9845419746429233,False,2025,0.84,MS_hard_burgers_n4_twin_s2025
2016,1.259873109394413,1.2508868616192381,True,0.03742105704715342,twin,4,0.01/pi,burgers,0.017783878635257412,0.017580444698690027,0.9885607667067595,False,2025,0.88,MS_hard_burgers_n4_twin_s2025
2016,1.2553045177222741,1.249316379777592,True,0.03742105704715342,twin,4,0.01/pi,burgers,0.017483381737177846,0.01737972077797247,0.9940708862413645,False,2025,0.92,MS_hard_burgers_n4_twin_s2025
2016,1.250318361712412,1.247989491044559,True,0.03742105704715342,twin,4,0.01/pi,burgers,0.0171675688500158,0.01718665705525857,1.0011118758520519,False,2025,0.96,MS_hard_burgers_n4_twin_s2025
2016,1.245036822841573,1.246997030266327,True,0.03742105704715342,twin,4,0.01/pi,burgers,0.016840950487340463,0.01700593766488451,1.009796785381447,False,2025,1.0,MS_hard_burgers_n4_twin_s2025
2016,0.500144145295721,0.5001785254706729,True,0.005825096203397242,twin,4,0.01/pi,burgers,3.70425406377563e-06,3.567282155790819e-06,0.9630230795116683,False,777,0.0,MS_hard_burgers_n4_twin_s777
2016,0.5023917063806028,0.5024438197600869,True,0.005825096203397242,twin,4,0.01/pi,burgers,2.9227509926194613e-06,3.6618870512066644e-06,1.2528905337655076,False,777,0.04,MS_hard_burgers_n4_twin_s777
2016,0.5086916368329514,0.508768889331715,True,0.005825096203397242,twin,4,0.01/pi,burgers,2.367279058804143e-06,3.6586975695438424e-06,1.5455286337860286,False,777,0.08,MS_hard_burgers_n4_twin_s777
2016,0.5195534572740266,0.5196684832892284,True,0.005825096203397242,twin,4,0.01/pi,burgers,1.9580371177122484e-06,3.2537501204957442e-06,1.6617407765473795,False,777,0.12,MS_hard_burgers_n4_twin_s777
2016,0.5359988327111411,0.5361905605449082,True,0.005825096203397242,twin,4,0.01/pi,burgers,1.6445752252270005e-06,2.789978156061438e-06,1.6964734195581341,False,777,0.16,MS_hard_burgers_n4_twin_s777
2016,0.5598952651542854,0.5602534630003185,True,0.005825096203397242,twin,4,0.01/pi,burgers,1.3980284947447014e-06,2.360819799177366e-06,1.6886778832133054,False,777,0.2,MS_hard_burgers_n4_twin_s777
2016,0.5947227450212248,0.5954108177208484,True,0.005825096203397242,twin,4,0.01/pi,burgers,4.715218951839874e-06,9.814994664538959e-06,2.0815565013601662,False,777,0.24,MS_hard_burgers_n4_twin_s777
2016,0.6473771265198471,0.6486099893978865,True,0.005825096203397242,twin,4,0.01/pi,burgers,0.00010613525437437981,0.00021449663798375683,2.020974456113751,False,777,0.28,MS_hard_burgers_n4_twin_s777
2016,0.7315459931206041,0.7321726857609921,True,0.005825096203397242,twin,4,0.01/pi,burgers,0.0011217209488575835,0.0014427384377625324,1.2861830201458653,False,777,0.32,MS_hard_burgers_n4_twin_s777
2016,0.8615805549292378,0.8550466501020382,True,0.005825096203397242,twin,4,0.01/pi,burgers,0.004912396807581136,0.004800497821303134,0.977221101905833,False,777,0.36,MS_hard_burgers_n4_twin_s777
2016,1.0046814644983904,0.9947842843925375,True,0.005825096203397242,twin,4,0.01/pi,burgers,0.010169265071761309,0.009623324342873753,0.9463146328633364,False,777,0.4,MS_hard_burgers_n4_twin_s777
2016,1.1074893227186535,1.1074327430971975,True,0.005825096203397242,twin,4,0.01/pi,burgers,0.013869006723315215,0.013723356724017597,0.9894981665087259,False,777,0.44,MS_hard_burgers_n4_twin_s777
2016,1.1718577303722955,1.1773893896257337,True,0.005825096203397242,twin,4,0.01/pi,burgers,0.01605401329537946,0.01620991868741105,1.0097113032836755,False,777,0.48,MS_hard_burgers_n4_twin_s777
2016,1.212377579712704,1.2166060540342278,True,0.005825096203397242,twin,4,0.01/pi,burgers,0.017352095779541634,0.017518124442716432,1.0095682196135956,False,777,0.52,MS_hard_burgers_n4_twin_s777
2016,1.2379432584409522,1.2388755642662819,True,0.005825096203397242,twin,4,0.01/pi,burgers,0.01811331876292011,0.01818962509184621,1.0042127193765455,False,777,0.56,MS_hard_burgers_n4_twin_s777
2016,1.2537616513164085,1.252017224262134,True,0.005825096203397242,twin,4,0.01/pi,burgers,0.018530805873560714,0.018522664198069812,0.9995606410457022,False,777,0.6,MS_hard_burgers_n4_twin_s777
2016,1.263049413251328,1.2597346827205824,True,0.005825096203397242,twin,4,0.01/pi,burgers,0.018719770145173256,0.01865374912932981,0.9964731930290037,False,777,0.64,MS_hard_burgers_n4_twin_s777
2016,1.2678678757222086,1.2638236562501373,True,0.005825096203397242,twin,4,0.01/pi,burgers,0.018752534424949636,0.018648805261622416,0.9944685256415681,False,777,0.68,MS_hard_burgers_n4_twin_s777
2016,1.2695752376845033,1.265310076612201,True,0.005825096203397242,twin,4,0.01/pi,burgers,0.018676208644799103,0.01854692901688498,0.9930778440971142,False,777,0.72,MS_hard_burgers_n4_twin_s777
2016,1.2690874646987593,1.264899346353971,True,0.005825096203397242,twin,4,0.01/pi,burgers,0.018522414477381174,0.018376228458970568,0.9921076154197326,False,777,0.76,MS_hard_burgers_n4_twin_s777
2016,1.2670348234859754,1.2631526490170064,True,0.005825096203397242,twin,4,0.01/pi,burgers,0.018312926614131676,0.01815954776680768,0.9916245584031536,False,777,0.8,MS_hard_burgers_n4_twin_s777
2016,1.2638587087570161,1.2605326316840804,True,0.005825096203397242,twin,4,0.01/pi,burgers,0.018063077332299865,0.017915578726508005,0.9918342482247968,False,777,0.84,MS_hard_burgers_n4_twin_s777
2016,1.259873109394413,1.2574362009402609,True,0.005825096203397242,twin,4,0.01/pi,burgers,0.017783878635257412,0.01765991546951145,0.9930294640281564,False,777,0.88,MS_hard_burgers_n4_twin_s777
2016,1.2553045177222741,1.2542008889169676,True,0.005825096203397242,twin,4,0.01/pi,burgers,0.017483381737177846,0.017405180754079912,0.9955271248850192,False,777,0.92,MS_hard_burgers_n4_twin_s777
2016,1.250318361712412,1.251118385991781,True,0.005825096203397242,twin,4,0.01/pi,burgers,0.0171675688500158,0.017161598423220736,0.9996522264248816,False,777,0.96,MS_hard_burgers_n4_twin_s777
2016,1.245036822841573,1.2484400654112475,True,0.005825096203397242,twin,4,0.01/pi,burgers,0.016840950487340463,0.01693729718210219,1.0057209772592202,False,777,1.0,MS_hard_burgers_n4_twin_s777
2016,0.500144145295721,0.5083816938931051,True,0.5811159433293708,twin,5,0.01/pi,burgers,3.70425406377563e-06,0.00032943884233524017,88.93527189640267,False,1234,0.0,MS_hard_burgers_n5_twin_s1234
2016,0.5023917063806028,0.5123969555973096,True,0.5811159433293708,twin,5,0.01/pi,burgers,2.9227509926194613e-06,0.0003997513603635928,136.7722947911218,False,1234,0.04,MS_hard_burgers_n5_twin_s1234
2016,0.5086916368329514,0.5221677529228691,True,0.5811159433293708,twin,5,0.01/pi,burgers,2.367279058804143e-06,0.0005222709931571686,220.62079720377352,False,1234,0.08,MS_hard_burgers_n5_twin_s1234
2016,0.5195534572740266,0.5395050609422212,True,0.5811159433293708,twin,5,0.01/pi,burgers,1.9580371177122484e-06,0.0007618696450311216,389.0986734313202,False,1234,0.12,MS_hard_burgers_n5_twin_s1234
2016,0.5359988327111411,0.5665149923822059,True,0.5811159433293708,twin,5,0.01/pi,burgers,1.6445752252270005e-06,0.0012232632661913327,743.8171555955951,False,1234,0.16,MS_hard_burgers_n5_twin_s1234
2016,0.5598952651542854,0.6056983439318434,True,0.5811159433293708,twin,5,0.01/pi,burgers,1.3980284947447014e-06,0.002067923680193725,1479.171338758267,False,1234,0.2,MS_hard_burgers_n5_twin_s1234
2016,0.5947227450212248,0.6573340812023001,True,0.5811159433293708,twin,5,0.01/pi,burgers,4.715218951839874e-06,0.0034040638414461408,721.9312350528024,False,1234,0.24,MS_hard_burgers_n5_twin_s1234
2016,0.6473771265198471,0.7213105072009504,True,0.5811159433293708,twin,5,0.01/pi,burgers,0.00010613525437437981,0.005190552556976547,48.905074827139664,False,1234,0.28,MS_hard_burgers_n5_twin_s1234
2016,0.7315459931206041,0.8111400392690524,True,0.5811159433293708,twin,5,0.01/pi,burgers,0.0011217209488575835,0.007553191978911713,6.733574857993211,False,1234,0.32,MS_hard_burgers_n5_twin_s1234
2016,0.8615805549292378,0.8914222197726394,True,0.5811159433293708,twin,5,0.01/pi,burgers,0.004912396807581136,0.009254661235271765,1.883940080123283,False,1234,0.36,MS_hard_burgers_n5_twin_s1234
2016,1.0046814644983904,0.9360788087759867,True,0.5811159433293708,twin,5,0.01/pi,burgers,0.010169265071761309,0.00945150853893375,0.9294190359123715,False,1234,0.4,MS_hard_burgers_n5_twin_s1234
2016,1.1074893227186535,0.9795689079429092,True,0.5811159433293708,twin,5,0.01/pi,burgers,0.013869006723315215,0.0093734578171339,0.6758564621196818,False,1234,0.44,MS_hard_burgers_n5_twin_s1234
2016,1.1718577303722955,1.0407844283181804,True,0.5811159433293708,twin,5,0.01/pi,burgers,0.01605401329537946,0.010369604485606846,0.6459197644112669,False,1234,0.48,MS_hard_burgers_n5_twin_s1234
2016,1.212377579712704,1.12109692316177,True,0.5811159433293708,twin,5,0.01/pi,burgers,0.017352095779541634,0.013071014856730066,0.7532816221623775,False,1234,0.52,MS_hard_burgers_n5_twin_s1234
2016,1.2379432584409522,1.1962598897701984,True,0.5811159433293708,twin,5,0.01/pi,burgers,0.01811331876292011,0.016176503892111442,0.8930723355471702,False,1234,0.56,MS_hard_burgers_n5_twin_s1234
2016,1.2537616513164085,1.2356045342503648,True,0.5811159433293708,twin,5,0.01/pi,burgers,0.018530805873560714,0.017768759847434878,0.9588768005382268,False,1234,0.6,MS_hard_burgers_n5_twin_s1234
2016,1.263049413251328,1.24453593089015,True,0.5811159433293708,twin,5,0.01/pi,burgers,0.018719770145173256,0.017955101184013524,0.9591517975258422,False,1234,0.64,MS_hard_burgers_n5_twin_s1234
2016,1.2678678757222086,1.2437207168089777,True,0.5811159433293708,twin,5,0.01/pi,burgers,0.018752534424949636,0.01778353346245553,0.948326933280822,False,1234,0.68,MS_hard_burgers_n5_twin_s1234
2016,1.2695752376845033,1.2442668033132662,True,0.5811159433293708,twin,5,0.01/pi,burgers,0.018676208644799103,0.017721211139128196,0.9488655581101119,False,1234,0.72,MS_hard_burgers_n5_twin_s1234
2016,1.2690874646987593,1.2502392577106447,True,0.5811159433293708,twin,5,0.01/pi,burgers,0.018522414477381174,0.01782133776724845,0.962149820640886,False,1234,0.76,MS_hard_burgers_n5_twin_s1234
2016,1.2670348234859754,1.2553529824534242,True,0.5811159433293708,twin,5,0.01/pi,burgers,0.018312926614131676,0.017845810377599233,0.9744925403582418,False,1234,0.8,MS_hard_burgers_n5_twin_s1234
2016,1.2638587087570161,1.2522553568050663,True,0.5811159433293708,twin,5,0.01/pi,burgers,0.018063077332299865,0.01757531944532862,0.972996966242344,False,1234,0.84,MS_hard_burgers_n5_twin_s1234
2016,1.259873109394413,1.2442148272572946,True,0.5811159433293708,twin,5,0.01/pi,burgers,0.017783878635257412,0.01711068825472024,0.962146031563523,False,1234,0.88,MS_hard_burgers_n5_twin_s1234
2016,1.2553045177222741,1.2346293241896618,True,0.5811159433293708,twin,5,0.01/pi,burgers,0.017483381737177846,0.016569142509335125,0.9477081012365806,False,1234,0.92,MS_hard_burgers_n5_twin_s1234
2016,1.250318361712412,1.2217567464514318,True,0.5811159433293708,twin,5,0.01/pi,burgers,0.0171675688500158,0.015934209834158924,0.9281576193675356,False,1234,0.96,MS_hard_burgers_n5_twin_s1234
2016,1.245036822841573,1.2059396556012592,True,0.5811159433293708,twin,5,0.01/pi,burgers,0.016840950487340463,0.015253648286466033,0.9057474694158371,False,1234,1.0,MS_hard_burgers_n5_twin_s1234
2016,0.500144145295721,0.5001798896417066,True,0.010664859604891387,twin,5,0.01/pi,burgers,3.70425406377563e-06,3.36199064274991e-06,0.9076026063188383,False,2025,0.0,MS_hard_burgers_n5_twin_s2025
2016,0.5023917063806028,0.5024888635419565,True,0.010664859604891387,twin,5,0.01/pi,burgers,2.9227509926194613e-06,4.034762178690896e-06,1.3804673025103704,False,2025,0.04,MS_hard_burgers_n5_twin_s2025
2016,0.5086916368329514,0.5088715450524767,True,0.010664859604891387,twin,5,0.01/pi,burgers,2.367279058804143e-06,3.7616779418528727e-06,1.589030210807984,False,2025,0.08,MS_hard_burgers_n5_twin_s2025
2016,0.5195534572740266,0.5198847900209087,True,0.010664859604891387,twin,5,0.01/pi,burgers,1.9580371177122484e-06,3.098209561220433e-06,1.5823037945472407,False,2025,0.12,MS_hard_burgers_n5_twin_s2025
2016,0.5359988327111411,0.5366411773444252,True,0.010664859604891387,twin,5,0.01/pi,burgers,1.6445752252270005e-06,2.8726677876606325e-06,1.74675365626046,False,2025,0.16,MS_hard_burgers_n5_twin_s2025
2016,0.5598952651542854,0.5610981608053172,True,0.010664859604891387,twin,5,0.01/pi,burgers,1.3980284947447014e-06,3.3037229853402515e-06,2.363129934589463,False,2025,0.2,MS_hard_burgers_n5_twin_s2025
2016,0.5947227450212248,0.5967971630557983,True,0.010664859604891387,twin,5,0.01/pi,burgers,4.715218951839874e-06,1.232325967481849e-05,2.6135074109358096,False,2025,0.24,MS_hard_burgers_n5_twin_s2025
2016,0.6473771265198471,0.6508099041326465,True,0.010664859604891387,twin,5,0.01/pi,burgers,0.00010613525437437981,0.00023131601675030673,2.179445633911295,False,2025,0.28,MS_hard_burgers_n5_twin_s2025
2016,0.7315459931206041,0.7359326724870018,True,0.010664859604891387,twin,5,0.01/pi,burgers,0.0011217209488575835,0.0015626538531265397,1.393086092149767,False,2025,0.32,MS_hard_burgers_n5_twin_s2025
2016,0.8615805549292378,0.8591365186765707,True,0.010664859604891387,twin,5,0.01/pi,burgers,0.004912396807581136,0.005027159593160501,1.023361872030015,False,2025,0.36,MS_hard_burgers_n5_twin_s2025
2016,1.0046814644983904,0.9951147839197262,True,0.010664859604891387,twin,5,0.01/pi,burgers,0.010169265071761309,0.00972447086501612,0.9562609290242298,False,2025,0.4,MS_hard_burgers_n5_twin_s2025
2016,1.1074893227186535,1.1041946215730825,True,0.010664859604891387,twin,5,0.01/pi,burgers,0.013869006723315215,0.013654651842558516,0.9845443235385887,False,2025,0.44,MS_hard_burgers_n5_twin_s2025
2016,1.1718577303722955,1.1735030926338978,True,0.010664859604891387,twin,5,0.01/pi,burgers,0.01605401329537946,0.016086149747254093,1.0020017706029858,False,2025,0.48,MS_hard_burgers_n5_twin_s2025
2016,1.212377579712704,1.2133003882822475,True,0.010664859604891387,twin,5,0.01/pi,burgers,0.017352095779541634,0.017398281971548236,1.0026617068389547,False,2025,0.52,MS_hard_burgers_n5_twin_s2025
2016,1.2379432584409522,1.2362892336672737,True,0.010664859604891387,twin,5,0.01/pi,burgers,0.01811331876292011,0.018085994494247783,0.9984914819294043,False,2025,0.56,MS_hard_burgers_n5_twin_s2025
2016,1.2537616513164085,1.2502195536712195,True,0.010664859604891387,twin,5,0.01/pi,burgers,0.018530805873560714,0.01844347811861025,0.9952874281050528,False,2025,0.6,MS_hard_burgers_n5_twin_s2025
2016,1.263049413251328,1.2588320804940438,True,0.010664859604891387,twin,5,0.01/pi,burgers,0.018719770145173256,0.018609132119713944,0.9940897764982527,False,2025,0.64,MS_hard_burgers_n5_twin_s2025
2016,1.2678678757222086,1.2638609900291984,True,0.010664859604891387,twin,5,0.01/pi,burgers,0.018752534424949636,0.01864551666454894,0.9942931575020435,False,2025,0.68,MS_hard_burgers_n5_twin_s2025
2016,1.2695752376845033,1.2662065772645075,True,0.010664859604891387,twin,5,0.01/pi,burgers,0.018676208644799103,0.018584529112855158,0.9950911058187671,False,2025,0.72,MS_hard_burgers_n5_twin_s2025
2016,1.2690874646987593,1.2664545808485335,True,0.010664859604891387,twin,5,0.01/pi,burgers,0.018522414477381174,0.018447080624020864,0.9959328275775113,False,2025,0.76,MS_hard_burgers_n5_twin_s2025
2016,1.2670348234859754,1.2650645682725599,True,0.010664859604891387,twin,5,0.01/pi,burgers,0.018312926614131676,0.018250090493911228,0.9965687559643275,False,2025,0.8,MS_hard_burgers_n5_twin_s2025
2016,1.2638587087570161,1.2624437114857836,True,0.010664859604891387,twin,5,0.01/pi,burgers,0.018063077332299865,0.018009271159668504,0.9970212067610902,False,2025,0.84,MS_hard_burgers_n5_twin_s2025
2016,1.259873109394413,1.2589513659951295,True,0.010664859604891387,twin,5,0.01/pi,burgers,0.017783878635257412,0.01773894901931798,0.9974735761044637,False,2025,0.88,MS_hard_burgers_n5_twin_s2025
2016,1.2553045177222741,1.25490936012467,True,0.010664859604891387,twin,5,0.01/pi,burgers,0.017483381737177846,0.01745230135274018,0.9982222898919164,False,2025,0.92,MS_hard_burgers_n5_twin_s2025
2016,1.250318361712412,1.2505927124509588,True,0.010664859604891387,twin,5,0.01/pi,burgers,0.0171675688500158,0.01716068517163397,0.9995990300990217,False,2025,0.96,MS_hard_burgers_n5_twin_s2025
2016,1.245036822841573,1.2462372526350738,True,0.010664859604891387,twin,5,0.01/pi,burgers,0.016840950487340463,0.016873805335982362,1.0019508904005505,False,2025,1.0,MS_hard_burgers_n5_twin_s2025
2016,0.500144145295721,0.5001546782330643,True,0.0019306790197172808,twin,5,0.01/pi,burgers,3.70425406377563e-06,4.573289081506387e-06,1.2346045931970921,False,777,0.0,MS_hard_burgers_n5_twin_s777
2016,0.5023917063806028,0.5023916866083612,True,0.0019306790197172808,twin,5,0.01/pi,burgers,2.9227509926194613e-06,4.100575933180927e-06,1.4029850450947454,False,777,0.04,MS_hard_burgers_n5_twin_s777
2016,0.5086916368329514,0.5086956722569234,True,0.0019306790197172808,twin,5,0.01/pi,burgers,2.367279058804143e-06,3.1452646173353485e-06,1.3286412540328953,False,777,0.08,MS_hard_burgers_n5_twin_s777
2016,0.5195534572740266,0.5195996221045064,True,0.0019306790197172808,twin,5,0.01/pi,burgers,1.9580371177122484e-06,2.416933000363275e-06,1.2343652622822574,False,777,0.12,MS_hard_burgers_n5_twin_s777
2016,0.5359988327111411,0.5361243331893757,True,0.0019306790197172808,twin,5,0.01/pi,burgers,1.6445752252270005e-06,2.000745405053325e-06,1.2165727504360053,False,777,0.16,MS_hard_burgers_n5_twin_s777
2016,0.5598952651542854,0.5601219457567942,True,0.0019306790197172808,twin,5,0.01/pi,burgers,1.3980284947447014e-06,1.9728537316680673e-06,1.4111684698017093,False,777,0.2,MS_hard_burgers_n5_twin_s777
2016,0.5947227450212248,0.5950201773211298,True,0.0019306790197172808,twin,5,0.01/pi,burgers,4.715218951839874e-06,5.615327983007308e-06,1.1908944293702868,False,777,0.24,MS_hard_burgers_n5_twin_s777
2016,0.6473771265198471,0.6476038179482586,True,0.0019306790197172808,twin,5,0.01/pi,burgers,0.00010613525437437981,0.00012588440975569724,1.1860753573139287,False,777,0.28,MS_hard_burgers_n5_twin_s777
2016,0.7315459931206041,0.7314138917972801,True,0.0019306790197172808,twin,5,0.01/pi,burgers,0.0011217209488575835,0.001182859061860267,1.0545038523751826,False,777,0.32,MS_hard_burgers_n5_twin_s777
2016,0.8615805549292378,0.8600518322165676,True,0.0019306790197172808,twin,5,0.01/pi,burgers,0.004912396807581136,0.004854531295919766,0.988220513544006,False,777,0.36,MS_hard_burgers_n5_twin_s777
2016,1.0046814644983904,1.002903649919689,True,0.0019306790197172808,twin,5,0.01/pi,burgers,0.010169265071761309,0.0100561936915163,0.9888810666801289,False,777,0.4,MS_hard_burgers_n5_twin_s777
2016,1.1074893227186535,1.107453584046916,True,0.0019306790197172808,twin,5,0.01/pi,burgers,0.013869006723315215,0.013874606490033208,1.0004037611942735,False,777,0.44,MS_hard_burgers_n5_twin_s777
2016,1.1718577303722955,1.1715104526320017,True,0.0019306790197172808,twin,5,0.01/pi,burgers,0.01605401329537946,0.0160759231877306,1.001364761069274,False,777,0.48,MS_hard_burgers_n5_twin_s777
2016,1.212377579712704,1.2109013161846058,True,0.0019306790197172808,twin,5,0.01/pi,burgers,0.017352095779541634,0.017328621545884614,0.998647181645649,False,777,0.52,MS_hard_burgers_n5_twin_s777
2016,1.2379432584409522,1.2359371579629388,True,0.0019306790197172808,twin,5,0.01/pi,burgers,0.01811331876292011,0.018054029313240547,0.9967267483968243,False,777,0.56,MS_hard_burgers_n5_twin_s777
2016,1.2537616513164085,1.252022174537892,True,0.0019306790197172808,twin,5,0.01/pi,burgers,0.018530805873560714,0.018464565819432573,0.9964254088796726,False,777,0.6,MS_hard_burgers_n5_twin_s777
2016,1.263049413251328,1.262053859549808,True,0.0019306790197172808,twin,5,0.01/pi,burgers,0.018719770145173256,0.018669266443252,0.9973021195490333,False,777,0.64,MS_hard_burgers_n5_twin_s777
2016,1.2678678757222086,1.2677314581160992,True,0.0019306790197172808,twin,5,0.01/pi,burgers,0.018752534424949636,0.018728572069079467,0.9987221804089431,False,777,0.68,MS_hard_burgers_n5_twin_s777
2016,1.2695752376845033,1.2701718903127008,True,0.0019306790197172808,twin,5,0.01/pi,burgers,0.018676208644799103,0.018679791335997408,1.0001918318255296,False,777,0.72,MS_hard_burgers_n5_twin_s777
2016,1.2690874646987593,1.2701885129021528,True,0.0019306790197172808,twin,5,0.01/pi,burgers,0.018522414477381174,0.018548671316605005,1.0014175710869604,False,777,0.76,MS_hard_burgers_n5_twin_s777
2016,1.2670348234859754,1.268402499633995,True,0.0019306790197172808,twin,5,0.01/pi,burgers,0.018312926614131676,0.01835427503677442,1.0022578817418968,False,777,0.8,MS_hard_burgers_n5_twin_s777
2016,1.2638587087570161,1.2652965921092991,True,0.0019306790197172808,twin,5,0.01/pi,burgers,0.018063077332299865,0.018111390089975764,1.0026746692596786,False,777,0.84,MS_hard_burgers_n5_twin_s777
2016,1.259873109394413,1.2612365976250883,True,0.0019306790197172808,twin,5,0.01/pi,burgers,0.017783878635257412,0.01783163762708562,1.002685521691175,False,777,0.88,MS_hard_burgers_n5_twin_s777
2016,1.2553045177222741,1.2564878829725945,True,0.0019306790197172808,twin,5,0.01/pi,burgers,0.017483381737177846,0.017524180391659535,1.0023335676755791,False,777,0.92,MS_hard_burgers_n5_twin_s777
2016,1.250318361712412,1.2512346803261511,True,0.0019306790197172808,twin,5,0.01/pi,burgers,0.0171675688500158,0.017196465777372417,1.0016832276957255,False,777,0.96,MS_hard_burgers_n5_twin_s777
2016,1.245036822841573,1.2455930083316604,True,0.0019306790197172808,twin,5,0.01/pi,burgers,0.016840950487340463,0.01685459920173494,1.0008104479853874,False,777,1.0,MS_hard_burgers_n5_twin_s777
2016,0.500144145295721,0.5001388827029197,True,0.00564579731977749,twin,6,0.01/pi,burgers,3.70425406377563e-06,3.4518727742491413e-06,0.9318671761760196,False,1234,0.0,MS_hard_burgers_n6_twin_s1234
2016,0.5023917063806028,0.502376238450266,True,0.00564579731977749,twin,6,0.01/pi,burgers,2.9227509926194613e-06,3.2871382119710564e-06,1.1246726868870276,False,1234,0.04,MS_hard_burgers_n6_twin_s1234
2016,0.5086916368329514,0.5086783258188987,True,0.00564579731977749,twin,6,0.01/pi,burgers,2.367279058804143e-06,2.8720901446679077e-06,1.213245280055312,False,1234,0.08,MS_hard_burgers_n6_twin_s1234
2016,0.5195534572740266,0.5195955742071938,True,0.00564579731977749,twin,6,0.01/pi,burgers,1.9580371177122484e-06,2.499988936712808e-06,1.2767832203476157,False,1234,0.12,MS_hard_burgers_n6_twin_s1234
2016,0.5359988327111411,0.5361265797862378,True,0.00564579731977749,twin,6,0.01/pi,burgers,1.6445752252270005e-06,2.121430683723008e-06,1.2899566107899911,False,1234,0.16,MS_hard_burgers_n6_twin_s1234
2016,0.5598952651542854,0.5600839820879957,True,0.00564579731977749,twin,6,0.01/pi,burgers,1.3980284947447014e-06,1.9090026206814304e-06,1.3654962168922313,False,1234,0.2,MS_hard_burgers_n6_twin_s1234
2016,0.5947227450212248,0.594901015215675,True,0.00564579731977749,twin,6,0.01/pi,burgers,4.715218951839874e-06,8.372921337701446e-06,1.7757227020039739,False,1234,0.24,MS_hard_burgers_n6_twin_s1234
2016,0.6473771265198471,0.64751638276075,True,0.00564579731977749,twin,6,0.01/pi,burgers,0.00010613525437437981,0.0001263557781016212,1.1905165615933404,False,1234,0.28,MS_hard_burgers_n6_twin_s1234
2016,0.7315459931206041,0.7315814113998985,True,0.00564579731977749,twin,6,0.01/pi,burgers,0.0011217209488575835,0.0011590707961069175,1.0332969151439784,False,1234,0.32,MS_hard_burgers_n6_twin_s1234
2016,0.8615805549292378,0.8603091183932772,True,0.00564579731977749,twin,6,0.01/pi,burgers,0.004912396807581136,0.004859361721871755,0.9892038270142318,False,1234,0.36,MS_hard_burgers_n6_twin_s1234
2016,1.0046814644983904,1.003167525430244,True,0.00564579731977749,twin,6,0.01/pi,burgers,0.010169265071761309,0.010105344878911916,0.9937143744018542,False,1234,0.4,MS_hard_burgers_n6_twin_s1234
2016,1.1074893227186535,1.1066343177683802,True,0.00564579731977749,twin,6,0.01/pi,burgers,0.013869006723315215,0.013860478766457731,0.9993851068769657,False,1234,0.44,MS_hard_burgers_n6_twin_s1234
2016,1.1718577303722955,1.1699379558354515,True,0.00564579731977749,twin,6,0.01/pi,burgers,0.01605401329537946,0.015989219123267263,0.9959639891334309,False,1234,0.48,MS_hard_burgers_n6_twin_s1234
2016,1.212377579712704,1.2102477578290085,True,0.00564579731977749,twin,6,0.01/pi,burgers,0.017352095779541634,0.01725504352616592,0.9944068857958853,False,1234,0.52,MS_hard_burgers_n6_twin_s1234
2016,1.2379432584409522,1.236815446320067,True,0.00564579731977749,twin,6,0.01/pi,burgers,0.01811331876292011,0.018044319976070023,0.9961907153651305,False,1234,0.56,MS_hard_burgers_n6_twin_s1234
2016,1.2537616513164085,1.2538636279948459,True,0.00564579731977749,twin,6,0.01/pi,burgers,0.018530805873560714,0.01851271470192843,0.999023724507411,False,1234,0.6,MS_hard_burgers_n6_twin_s1234
2016,1.263049413251328,1.263897115669958,True,0.00564579731977749,twin,6,0.01/pi,burgers,0.018719770145173256,0.018741160793916464,1.0011426768906522,False,1234,0.64,MS_hard_burgers_n6_twin_s1234
2016,1.2678678757222086,1.268792912991831,True,0.00564579731977749,twin,6,0.01/pi,burgers,0.018752534424949636,0.01878854425166545,1.0019202645306389,False,1234,0.68,MS_hard_burgers_n6_twin_s1234
2016,1.2695752376845033,1.2700737139016032,True,0.00564579731977749,twin,6,0.01/pi,burgers,0.018676208644799103,0.01870470595700391,1.0015258617392209,False,1234,0.72,MS_hard_burgers_n6_twin_s1234
2016,1.2690874646987593,1.2689388166096298,True,0.00564579731977749,twin,6,0.01/pi,burgers,0.018522414477381174,0.018530903540541585,1.0004583129899602,False,1234,0.76,MS_hard_burgers_n6_twin_s1234
2016,1.2670348234859754,1.2662744334271754,True,0.00564579731977749,twin,6,0.01/pi,burgers,0.018312926614131676,0.018298753605631393,0.9992260653472315,False,1234,0.8,MS_hard_burgers_n6_twin_s1234
2016,1.2638587087570161,1.2626824986504792,True,0.00564579731977749,twin,6,0.01/pi,burgers,0.018063077332299865,0.018030487865444648,0.9981957965270435,False,1234,0.84,MS_hard_burgers_n6_twin_s1234
2016,1.259873109394413,1.2585422084541773,True,0.00564579731977749,twin,6,0.01/pi,burgers,0.017783878635257412,0.01774082968853242,0.9975793274567425,False,1234,0.88,MS_hard_burgers_n6_twin_s1234
2016,1.2553045177222741,1.2540720061695592,True,0.00564579731977749,twin,6,0.01/pi,burgers,0.017483381737177846,0.017439094855212004,0.9974669155755109,False,1234,0.92,MS_hard_burgers_n6_twin_s1234
2016,1.250318361712412,1.2493908328163408,True,0.00564579731977749,twin,6,0.01/pi,burgers,0.0171675688500158,0.017131371765911972,0.9978915428025913,False,1234,0.96,MS_hard_burgers_n6_twin_s1234
2016,1.245036822841573,1.2445552214003306,True,0.00564579731977749,twin,6,0.01/pi,burgers,0.016840950487340463,0.016821637492168334,0.9988532122823681,False,1234,1.0,MS_hard_burgers_n6_twin_s1234
2016,0.500144145295721,0.5001448153393567,True,0.006339859719529798,twin,6,0.01/pi,burgers,3.70425406377563e-06,3.6762370507920745e-06,0.992436530404991,False,2025,0.0,MS_hard_burgers_n6_twin_s2025
2016,0.5023917063806028,0.5023998149593749,True,0.006339859719529798,twin,6,0.01/pi,burgers,2.9227509926194613e-06,3.335070014554807e-06,1.1410722374148652,False,2025,0.04,MS_hard_burgers_n6_twin_s2025
2016,0.5086916368329514,0.5087165175019309,True,0.006339859719529798,twin,6,0.01/pi,burgers,2.367279058804143e-06,2.998507414384627e-06,1.2666472096869543,False,2025,0.08,MS_hard_burgers_n6_twin_s2025
2016,0.5195534572740266,0.5196140619404781,True,0.006339859719529798,twin,6,0.01/pi,burgers,1.9580371177122484e-06,2.685667792936277e-06,1.3716122991959343,False,2025,0.12,MS_hard_burgers_n6_twin_s2025
2016,0.5359988327111411,0.5360832760806824,True,0.006339859719529798,twin,6,0.01/pi,burgers,1.6445752252270005e-06,2.2912177926343637e-06,1.3931973177560832,False,2025,0.16,MS_hard_burgers_n6_twin_s2025
2016,0.5598952651542854,0.5599695885084766,True,0.006339859719529798,twin,6,0.01/pi,burgers,1.3980284947447014e-06,1.9984515878175823e-06,1.4294784371920302,False,2025,0.2,MS_hard_burgers_n6_twin_s2025
2016,0.5947227450212248,0.5947899923562787,True,0.006339859719529798,twin,6,0.01/pi,burgers,4.715218951839874e-06,6.694204363443023e-06,1.4197017003486023,False,2025,0.24,MS_hard_burgers_n6_twin_s2025
2016,0.6473771265198471,0.6473961181146455,True,0.006339859719529798,twin,6,0.01/pi,burgers,0.00010613525437437981,0.0001147253700065403,1.0809355541925763,False,2025,0.28,MS_hard_burgers_n6_twin_s2025
2016,0.7315459931206041,0.7311109820022075,True,0.006339859719529798,twin,6,0.01/pi,burgers,0.0011217209488575835,0.0011243875738509701,1.002377262362892,False,2025,0.32,MS_hard_burgers_n6_twin_s2025
2016,0.8615805549292378,0.8605938378897521,True,0.006339859719529798,twin,6,0.01/pi,burgers,0.004912396807581136,0.0048785718538039485,0.9931143685858221,False,2025,0.36,MS_hard_burgers_n6_twin_s2025
2016,1.0046814644983904,1.0031203068111507,True,0.006339859719529798,twin,6,0.01/pi,burgers,0.010169265071761309,0.010093005233656985,0.9925009489312961,False,2025,0.4,MS_hard_burgers_n6_twin_s2025
2016,1.1074893227186535,1.1064644730650741,True,0.006339859719529798,twin,6,0.01/pi,burgers,0.013869006723315215,0.013831830131450762,0.997319448133084,False,2025,0.44,MS_hard_burgers_n6_twin_s2025
2016,1.1718577303722955,1.1709095669519394,True,0.006339859719529798,twin,6,0.01/pi,burgers,0.01605401329537946,0.016022323739119656,0.9980260663999247,False,2025,0.48,MS_hard_burgers_n6_twin_s2025
2016,1.212377579712704,1.2114372619394114,True,0.006339859719529798,twin,6,0.01/pi,burgers,0.017352095779541634,0.01731228210153778,0.9977055406730295,False,2025,0.52,MS_hard_burgers_n6_twin_s2025
2016,1.2379432584409522,1.2374434836205463,True,0.006339859719529798,twin,6,0.01/pi,burgers,0.01811331876292011,0.0180823233861415,0.9982888074137989,False,2025,0.56,MS_hard_burgers_n6_twin_s2025
2016,1.2537616513164085,1.2539159467064518,True,0.006339859719529798,twin,6,0.01/pi,burgers,0.018530805873560714,0.018521825840228427,0.9995153997406503,False,2025,0.6,MS_hard_burgers_n6_twin_s2025
2016,1.263049413251328,1.2637349674092417,True,0.006339859719529798,twin,6,0.01/pi,burgers,0.018719770145173256,0.01873364673566477,1.000741279961447,False,2025,0.64,MS_hard_burgers_n6_twin_s2025
2016,1.2678678757222086,1.2687854527066385,True,0.006339859719529798,twin,6,0.01/pi,burgers,0.018752534424949636,0.01878140501950378,1.0015395569420065,False,2025,0.68,MS_hard_burgers_n6_twin_s2025
2016,1.2695752376845033,1.2704011680025697,True,0.006339859719529798,twin,6,0.01/pi,burgers,0.018676208644799103,0.018708810836847188,1.001745653663875,False,2025,0.72,MS_hard_burgers_n6_twin_s2025
2016,1.2690874646987593,1.2695641427088782,True,0.006339859719529798,twin,6,0.01/pi,burgers,0.018522414477381174,0.018548026324265835,1.0013827488266143,False,2025,0.76,MS_hard_burgers_n6_twin_s2025
2016,1.2670348234859754,1.2670139190012044,True,0.006339859719529798,twin,6,0.01/pi,burgers,0.018312926614131676,0.018323756226165368,1.0005913643549107,False,2025,0.8,MS_hard_burgers_n6_twin_s2025
2016,1.2638587087570161,1.2633168167992535,True,0.006339859719529798,twin,6,0.01/pi,burgers,0.018063077332299865,0.018055410824058028,0.9995755702031941,False,2025,0.84,MS_hard_burgers_n6_twin_s2025
2016,1.259873109394413,1.2589057995690514,True,0.006339859719529798,twin,6,0.01/pi,burgers,0.017783878635257412,0.01775824548499197,0.9985586299371936,False,2025,0.88,MS_hard_burgers_n6_twin_s2025
2016,1.2553045177222741,1.2541075513652309,True,0.006339859719529798,twin,6,0.01/pi,burgers,0.017483381737177846,0.01744401934757064,0.9977485826141116,False,2025,0.92,MS_hard_burgers_n6_twin_s2025
2016,1.250318361712412,1.2491628655167222,True,0.006339859719529798,twin,6,0.01/pi,burgers,0.0171675688500158,0.017121591493732043,0.9973218481495292,False,2025,0.96,MS_hard_burgers_n6_twin_s2025
2016,1.245036822841573,1.2442383479103754,True,0.006339859719529798,twin,6,0.01/pi,burgers,0.016840950487340463,0.01679716319984185,0.9973999515329298,False,2025,1.0,MS_hard_burgers_n6_twin_s2025
2016,0.500144145295721,0.5002049061449434,True,0.005028716460521038,twin,6,0.01/pi,burgers,3.70425406377563e-06,8.366528294030434e-06,2.258627013694275,False,777,0.0,MS_hard_burgers_n6_twin_s777
2016,0.5023917063806028,0.5024663332288628,True,0.005028716460521038,twin,6,0.01/pi,burgers,2.9227509926194613e-06,6.696835728608575e-06,2.2912782325690566,False,777,0.04,MS_hard_burgers_n6_twin_s777
2016,0.5086916368329514,0.508817261956036,True,0.005028716460521038,twin,6,0.01/pi,burgers,2.367279058804143e-06,4.601722545950618e-06,1.9438868133591436,False,777,0.08,MS_hard_burgers_n6_twin_s777
2016,0.5195534572740266,0.5198206328018813,True,0.005028716460521038,twin,6,0.01/pi,burgers,1.9580371177122484e-06,3.142346970836316e-06,1.6048454558960576,False,777,0.12,MS_hard_burgers_n6_twin_s777
2016,0.5359988327111411,0.5364881992977809,True,0.005028716460521038,twin,6,0.01/pi,burgers,1.6445752252270005e-06,2.9095336981387697e-06,1.7691703325624202,False,777,0.16,MS_hard_burgers_n6_twin_s777
2016,0.5598952651542854,0.5606613043347207,True,0.005028716460521038,twin,6,0.01/pi,burgers,1.3980284947447014e-06,2.6609120271032545e-06,1.9033317540420893,False,777,0.2,MS_hard_burgers_n6_twin_s777
2016,0.5947227450212248,0.5958812182621804,True,0.005028716460521038,twin,6,0.01/pi,burgers,4.715218951839874e-06,1.0438354922100282e-05,2.2137582641898836,False,777,0.24,MS_hard_burgers_n6_twin_s777
2016,0.6473771265198471,0.6493425658501212,True,0.005028716460521038,twin,6,0.01/pi,burgers,0.00010613525437437981,0.00018728306640765404,1.7645698171790754,False,777,0.28,MS_hard_burgers_n6_twin_s777
2016,0.7315459931206041,0.7343643858050621,True,0.005028716460521038,twin,6,0.01/pi,burgers,0.0011217209488575835,0.001385474648438138,1.2351330781948706,False,777,0.32,MS_hard_burgers_n6_twin_s777
2016,0.8615805549292378,0.8606191540995812,True,0.005028716460521038,twin,6,0.01/pi,burgers,0.004912396807581136,0.004952353789793735,1.0081339076987703,False,777,0.36,MS_hard_burgers_n6_twin_s777
2016,1.0046814644983904,1.0001375592916377,True,0.005028716460521038,twin,6,0.01/pi,burgers,0.010169265071761309,0.009921235438531245,0.9756098762811475,False,777,0.4,MS_hard_burgers_n6_twin_s777
2016,1.1074893227186535,1.10651551531593,True,0.005028716460521038,twin,6,0.01/pi,burgers,0.013869006723315215,0.013810787926018447,0.995802237430681,False,777,0.44,MS_hard_burgers_n6_twin_s777
2016,1.1718577303722955,1.1720855037225613,True,0.005028716460521038,twin,6,0.01/pi,burgers,0.01605401329537946,0.016096147969682246,1.0026245570828642,False,777,0.48,MS_hard_burgers_n6_twin_s777
2016,1.212377579712704,1.2114701823170764,True,0.005028716460521038,twin,6,0.01/pi,burgers,0.017352095779541634,0.017362737192404196,1.0006132638384297,False,777,0.52,MS_hard_burgers_n6_twin_s777
2016,1.2379432584409522,1.2360596127773564,True,0.005028716460521038,twin,6,0.01/pi,burgers,0.01811331876292011,0.018075668981259067,0.9979214310666185,False,777,0.56,MS_hard_burgers_n6_twin_s777
2016,1.2537616513164085,1.2517616042964719,True,0.005028716460521038,twin,6,0.01/pi,burgers,0.018530805873560714,0.018470319929482743,0.9967359247897432,False,777,0.6,MS_hard_burgers_n6_twin_s777
2016,1.263049413251328,1.2616293255620192,True,0.005028716460521038,twin,6,0.01/pi,burgers,0.018719770145173256,0.018663383742269855,0.9969878688431472,False,777,0.64,MS_hard_burgers_n6_twin_s777
2016,1.2678678757222086,1.267399672014696,True,0.005028716460521038,twin,6,0.01/pi,burgers,0.018752534424949636,0.018718010973623602,0.9981589981096047,False,777,0.68,MS_hard_burgers_n6_twin_s777
2016,1.2695752376845033,1.2701515422382417,True,0.005028716460521038,twin,6,0.01/pi,burgers,0.018676208644799103,0.01867165956665545,0.999756423895761,False,777,0.72,MS_hard_burgers_n6_twin_s777
2016,1.2690874646987593,1.2705923083202888,True,0.005028716460521038,twin,6,0.01/pi,burgers,0.018522414477381174,0.018548067889490823,1.0013849928766563,False,777,0.76,MS_hard_burgers_n6_twin_s777
2016,1.2670348234859754,1.2692101342438458,True,0.005028716460521038,twin,6,0.01/pi,burgers,0.018312926614131676,0.018363471781682926,1.002760081368548,False,777,0.8,MS_hard_burgers_n6_twin_s777
2016,1.2638587087570161,1.266355444038929,True,0.005028716460521038,twin,6,0.01/pi,burgers,0.018063077332299865,0.018129709913974338,1.0036888831536652,False,777,0.84,MS_hard_burgers_n6_twin_s777
2016,1.259873109394413,1.2623019857793718,True,0.005028716460521038,twin,6,0.01/pi,burgers,0.017783878635257412,0.017856460856153167,1.0040813493155456,False,777,0.88,MS_hard_burgers_n6_twin_s777
2016,1.2553045177222741,1.2572759088534715,True,0.005028716460521038,twin,6,0.01/pi,burgers,0.017483381737177846,0.017552137048660963,1.0039326094068466,False,777,0.92,MS_hard_burgers_n6_twin_s777
2016,1.250318361712412,1.2514804318754384,True,0.005028716460521038,twin,6,0.01/pi,burgers,0.0171675688500158,0.017224645048798205,1.003324652388527,False,777,0.96,MS_hard_burgers_n6_twin_s777
2016,1.245036822841573,1.2451043809777047,True,0.005028716460521038,twin,6,0.01/pi,burgers,0.016840950487340463,0.016881507861228513,1.0024082591964472,False,777,1.0,MS_hard_burgers_n6_twin_s777
2016,0.500144145295721,0.5001348951869763,True,0.004149643301024764,twin,7,0.01/pi,burgers,3.70425406377563e-06,3.934862740472724e-06,1.062255091774683,False,1234,0.0,MS_hard_burgers_n7_twin_s1234
2016,0.5023917063806028,0.5024035329120742,True,0.004149643301024764,twin,7,0.01/pi,burgers,2.9227509926194613e-06,3.825552295620957e-06,1.308887519080911,False,1234,0.04,MS_hard_burgers_n7_twin_s1234
2016,0.5086916368329514,0.508707574203891,True,0.004149643301024764,twin,7,0.01/pi,burgers,2.367279058804143e-06,3.127501189665844e-06,1.32113752201472,False,1234,0.08,MS_hard_burgers_n7_twin_s1234
2016,0.5195534572740266,0.5195637217775545,True,0.004149643301024764,twin,7,0.01/pi,burgers,1.9580371177122484e-06,2.4613743429183876e-06,1.257062146908754,False,1234,0.12,MS_hard_burgers_n7_twin_s1234
2016,0.5359988327111411,0.536010417276883,True,0.004149643301024764,twin,7,0.01/pi,burgers,1.6445752252270005e-06,2.272129517406131e-06,1.3815905058964448,False,1234,0.16,MS_hard_burgers_n7_twin_s1234
2016,0.5598952651542854,0.559917982561608,True,0.004149643301024764,twin,7,0.01/pi,burgers,1.3980284947447014e-06,2.7932991382973073e-06,1.998027328339542,False,1234,0.2,MS_hard_burgers_n7_twin_s1234
2016,0.5947227450212248,0.5946793140122726,True,0.004149643301024764,twin,7,0.01/pi,burgers,4.715218951839874e-06,5.091115444190089e-06,1.0797198382916113,False,1234,0.24,MS_hard_burgers_n7_twin_s1234
2016,0.6473771265198471,0.6470988614869457,True,0.004149643301024764,twin,7,0.01/pi,burgers,0.00010613525437437981,0.00011426471931635045,1.0765953310225733,False,1234,0.28,MS_hard_burgers_n7_twin_s1234
2016,0.7315459931206041,0.7312440021159922,True,0.004149643301024764,twin,7,0.01/pi,burgers,0.0011217209488575835,0.001169350414323914,1.0424610644160999,False,1234,0.32,MS_hard_burgers_n7_twin_s1234
2016,0.8615805549292378,0.8601384046900952,True,0.004149643301024764,twin,7,0.01/pi,burgers,0.004912396807581136,0.004868241511033052,0.9910114556544088,False,1234,0.36,MS_hard_burgers_n7_twin_s1234
2016,1.0046814644983904,1.0026691925950149,True,0.004149643301024764,twin,7,0.01/pi,burgers,0.010169265071761309,0.01004131352330938,0.9874178175562329,False,1234,0.4,MS_hard_burgers_n7_twin_s1234
2016,1.1074893227186535,1.1080942119626533,True,0.004149643301024764,twin,7,0.01/pi,burgers,0.013869006723315215,0.013878472585286237,1.0006825190988702,False,1234,0.44,MS_hard_burgers_n7_twin_s1234
2016,1.1718577303722955,1.1725987978407026,True,0.004149643301024764,twin,7,0.01/pi,burgers,0.01605401329537946,0.016099442577568304,1.0028297772870238,False,1234,0.48,MS_hard_burgers_n7_twin_s1234
2016,1.212377579712704,1.2117722508458542,True,0.004149643301024764,twin,7,0.01/pi,burgers,0.017352095779541634,0.017361230840615978,1.0005264528959732,False,1234,0.52,MS_hard_burgers_n7_twin_s1234
2016,1.2379432584409522,1.2361846654254875,True,0.004149643301024764,twin,7,0.01/pi,burgers,0.01811331876292011,0.018083580024311926,0.998358183886817,False,1234,0.56,MS_hard_burgers_n7_twin_s1234
2016,1.2537616513164085,1.2514296825621527,True,0.004149643301024764,twin,7,0.01/pi,burgers,0.018530805873560714,0.018475678408857835,0.9970250908093785,False,1234,0.6,MS_hard_burgers_n7_twin_s1234
2016,1.263049413251328,1.260666696510774,True,0.004149643301024764,twin,7,0.01/pi,burgers,0.018719770145173256,0.01865264266493484,0.9964140862992528,False,1234,0.64,MS_hard_burgers_n7_twin_s1234
2016,1.2678678757222086,1.265828471462004,True,0.004149643301024764,twin,7,0.01/pi,burgers,0.018752534424949636,0.01868510952452454,0.9964044913131641,False,1234,0.68,MS_hard_burgers_n7_twin_s1234
2016,1.2695752376845033,1.2681428489855122,True,0.004149643301024764,twin,7,0.01/pi,burgers,0.018676208644799103,0.018618370741565644,0.9969031239512541,False,1234,0.72,MS_hard_burgers_n7_twin_s1234
2016,1.2690874646987593,1.2684038427805269,True,0.004149643301024764,twin,7,0.01/pi,burgers,0.018522414477381174,0.018481663937861253,0.9977999337197813,False,1234,0.76,MS_hard_burgers_n7_twin_s1234
2016,1.2670348234859754,1.2671265688304085,True,0.004149643301024764,twin,7,0.01/pi,burgers,0.018312926614131676,0.01829349417437803,0.9989388676008426,False,1234,0.8,MS_hard_burgers_n7_twin_s1234
2016,1.2638587087570161,1.2646479742161725,True,0.004149643301024764,twin,7,0.01/pi,burgers,0.018063077332299865,0.018065385600804947,1.0001277893275116,False,1234,0.84,MS_hard_burgers_n7_twin_s1234
2016,1.259873109394413,1.261187473816123,True,0.004149643301024764,twin,7,0.01/pi,burgers,0.017783878635257412,0.017804254722225667,1.0011457616972181,False,1234,0.88,MS_hard_burgers_n7_twin_s1234
2016,1.2553045177222741,1.2568886202727914,True,0.004149643301024764,twin,7,0.01/pi,burgers,0.017483381737177846,0.017514188282957425,1.0017620473111373,False,1234,0.92,MS_hard_burgers_n7_twin_s1234
2016,1.250318361712412,1.2518436020908341,True,0.004149643301024764,twin,7,0.01/pi,burgers,0.0171675688500158,0.017197587258881784,1.0017485532825434,False,1234,0.96,MS_hard_burgers_n7_twin_s1234
2016,1.245036822841573,1.2461092673617298,True,0.004149643301024764,twin,7,0.01/pi,burgers,0.016840950487340463,0.01685590845391703,1.0008881901640772,False,1234,1.0,MS_hard_burgers_n7_twin_s1234
2016,0.500144145295721,0.5025464105571823,True,0.19410599826230737,twin,7,0.01/pi,burgers,3.70425406377563e-06,7.25380924834539e-07,0.19582375084045422,False,2025,0.0,MS_hard_burgers_n7_twin_s2025
2016,0.5023917063806028,0.5103349115842138,True,0.19410599826230737,twin,7,0.01/pi,burgers,2.9227509926194613e-06,1.5313130063683206e-05,5.239286583890301,False,2025,0.04,MS_hard_burgers_n7_twin_s2025
2016,0.5086916368329514,0.5246528007405931,True,0.19410599826230737,twin,7,0.01/pi,burgers,2.367279058804143e-06,7.175305458315374e-05,30.310349055087993,False,2025,0.08,MS_hard_burgers_n7_twin_s2025
2016,0.5195534572740266,0.547063063503267,True,0.19410599826230737,twin,7,0.01/pi,burgers,1.9580371177122484e-06,0.00025195184247185084,128.6757233520828,False,2025,0.12,MS_hard_burgers_n7_twin_s2025
2016,0.5359988327111411,0.5769881234657732,True,0.19410599826230737,twin,7,0.01/pi,burgers,1.6445752252270005e-06,0.0006383445398779889,388.15162121263154,False,2025,0.16,MS_hard_burgers_n7_twin_s2025
2016,0.5598952651542854,0.6138624733667798,True,0.19410599826230737,twin,7,0.01/pi,burgers,1.3980284947447014e-06,0.0012561653930227895,898.5263159834107,False,2025,0.2,MS_hard_burgers_n7_twin_s2025
2016,0.5947227450212248,0.6565035650971441,True,0.19410599826230737,twin,7,0.01/pi,burgers,4.715218951839874e-06,0.0021115450565414302,447.8148476472142,False,2025,0.24,MS_hard_burgers_n7_twin_s2025
2016,0.6473771265198471,0.7032455287052407,True,0.19410599826230737,twin,7,0.01/pi,burgers,0.00010613525437437981,0.0031775751515038275,29.93892246487015,False,2025,0.28,MS_hard_burgers_n7_twin_s2025
2016,0.7315459931206041,0.7522938136076878,True,0.19410599826230737,twin,7,0.01/pi,burgers,0.0011217209488575835,0.004396280877637638,3.919228647833518,False,2025,0.32,MS_hard_burgers_n7_twin_s2025
2016,0.8615805549292378,0.8018929319804345,True,0.19410599826230737,twin,7,0.01/pi,burgers,0.004912396807581136,0.005694309354589076,1.1591712920668868,False,2025,0.36,MS_hard_burgers_n7_twin_s2025
2016,1.0046814644983904,0.8510918322326825,True,0.19410599826230737,twin,7,0.01/pi,burgers,0.010169265071761309,0.007015317607030823,0.6898549263418674,False,2025,0.4,MS_hard_burgers_n7_twin_s2025
2016,1.1074893227186535,0.8981689099724088,True,0.19410599826230737,twin,7,0.01/pi,burgers,0.013869006723315215,0.008286419852127871,0.5974775279470846,False,2025,0.44,MS_hard_burgers_n7_twin_s2025
2016,1.1718577303722955,0.9429344584930571,True,0.19410599826230737,twin,7,0.01/pi,burgers,0.01605401329537946,0.009481876936689412,0.5906234635683535,False,2025,0.48,MS_hard_burgers_n7_twin_s2025
2016,1.212377579712704,0.9857254184631545,True,0.19410599826230737,twin,7,0.01/pi,burgers,0.017352095779541634,0.010598882555502785,0.6108128199706584,False,2025,0.52,MS_hard_burgers_n7_twin_s2025
2016,1.2379432584409522,1.027001128729547,True,0.19410599826230737,twin,7,0.01/pi,burgers,0.01811331876292011,0.011644282054395109,0.6428574579183244,False,2025,0.56,MS_hard_burgers_n7_twin_s2025
2016,1.2537616513164085,1.0668807255499888,True,0.19410599826230737,twin,7,0.01/pi,burgers,0.018530805873560714,0.012619734621855174,0.6810138052258533,False,2025,0.6,MS_hard_burgers_n7_twin_s2025
2016,1.263049413251328,1.102987463149755,True,0.19410599826230737,twin,7,0.01/pi,burgers,0.018719770145173256,0.013462409483017825,0.7191546359071616,False,2025,0.64,MS_hard_burgers_n7_twin_s2025
2016,1.2678678757222086,1.1371051878003975,True,0.19410599826230737,twin,7,0.01/pi,burgers,0.018752534424949636,0.014226781137277225,0.7586591132102632,False,2025,0.68,MS_hard_burgers_n7_twin_s2025
2016,1.2695752376845033,1.1735347381343297,True,0.19410599826230737,twin,7,0.01/pi,burgers,0.018676208644799103,0.015034177083902417,0.804990850650466,False,2025,0.72,MS_hard_burgers_n7_twin_s2025
2016,1.2690874646987593,1.2042679688423725,True,0.19410599826230737,twin,7,0.01/pi,burgers,0.018522414477381174,0.015669960855594408,0.8459999032377735,False,2025,0.76,MS_hard_burgers_n7_twin_s2025
2016,1.2670348234859754,1.2340556475987692,True,0.19410599826230737,twin,7,0.01/pi,burgers,0.018312926614131676,0.016272825549071935,0.8885977589466535,False,2025,0.8,MS_hard_burgers_n7_twin_s2025
2016,1.2638587087570161,1.2644910379972836,True,0.19410599826230737,twin,7,0.01/pi,burgers,0.018063077332299865,0.01688972140991376,0.9350411947643082,False,2025,0.84,MS_hard_burgers_n7_twin_s2025
2016,1.259873109394413,1.2880357646965643,True,0.19410599826230737,twin,7,0.01/pi,burgers,0.017783878635257412,0.017322751589267483,0.9740705019727405,False,2025,0.88,MS_hard_burgers_n7_twin_s2025
2016,1.2553045177222741,1.311076159132689,True,0.19410599826230737,twin,7,0.01/pi,burgers,0.017483381737177846,0.01775878791532615,1.0157524546617123,False,2025,0.92,MS_hard_burgers_n7_twin_s2025
2016,1.250318361712412,1.333317832376909,True,0.19410599826230737,twin,7,0.01/pi,burgers,0.0171675688500158,0.018205796487527185,1.060476101571623,False,2025,0.96,MS_hard_burgers_n7_twin_s2025
2016,1.245036822841573,1.3526418839813679,True,0.19410599826230737,twin,7,0.01/pi,burgers,0.016840950487340463,0.01863825065674091,1.1067220149332722,False,2025,1.0,MS_hard_burgers_n7_twin_s2025
2016,0.500144145295721,0.5001579276788087,True,0.011971133632581414,twin,7,0.01/pi,burgers,3.70425406377563e-06,3.499076844522884e-06,0.9446103815450457,False,777,0.0,MS_hard_burgers_n7_twin_s777
2016,0.5023917063806028,0.5024114156753985,True,0.011971133632581414,twin,7,0.01/pi,burgers,2.9227509926194613e-06,3.4633340646427903e-06,1.1849569372787523,False,777,0.04,MS_hard_burgers_n7_twin_s777
2016,0.5086916368329514,0.5087243279250129,True,0.011971133632581414,twin,7,0.01/pi,burgers,2.367279058804143e-06,3.145209438175555e-06,1.3286179449263544,False,777,0.08,MS_hard_burgers_n7_twin_s777
2016,0.5195534572740266,0.5196629517401086,True,0.011971133632581414,twin,7,0.01/pi,burgers,1.9580371177122484e-06,3.166093966427911e-06,1.6169734157681057,False,777,0.12,MS_hard_burgers_n7_twin_s777
2016,0.5359988327111411,0.5362592201624997,True,0.011971133632581414,twin,7,0.01/pi,burgers,1.6445752252270005e-06,3.1821042729367492e-06,1.934909528080434,False,777,0.16,MS_hard_burgers_n7_twin_s777
2016,0.5598952651542854,0.5603680435008714,True,0.011971133632581414,twin,7,0.01/pi,burgers,1.3980284947447014e-06,2.6187326817017476e-06,1.8731611634138852,False,777,0.2,MS_hard_burgers_n7_twin_s777
2016,0.5947227450212248,0.5954757722638538,True,0.011971133632581414,twin,7,0.01/pi,burgers,4.715218951839874e-06,6.996342354900543e-06,1.4837788926366986,False,777,0.24,MS_hard_burgers_n7_twin_s777
2016,0.6473771265198471,0.6485827773673407,True,0.011971133632581414,twin,7,0.01/pi,burgers,0.00010613525437437981,0.00015251711077574005,1.437007068713979,False,777,0.28,MS_hard_burgers_n7_twin_s777
2016,0.7315459931206041,0.7328687080322098,True,0.011971133632581414,twin,7,0.01/pi,burgers,0.0011217209488575835,0.0013049659618369618,1.1633606051184158,False,777,0.32,MS_hard_burgers_n7_twin_s777
2016,0.8615805549292378,0.8589767730714931,True,0.011971133632581414,twin,7,0.01/pi,burgers,0.004912396807581136,0.004891785006006306,0.9958041252809584,False,777,0.36,MS_hard_burgers_n7_twin_s777
2016,1.0046814644983904,0.9994493402338508,True,0.011971133632581414,twin,7,0.01/pi,burgers,0.010169265071761309,0.009886193440699152,0.972164003095149,False,777,0.4,MS_hard_burgers_n7_twin_s777
2016,1.1074893227186535,1.1069191388544926,True,0.011971133632581414,twin,7,0.01/pi,burgers,0.013869006723315215,0.01379864465561189,0.9949266685706455,False,777,0.44,MS_hard_burgers_n7_twin_s777
2016,1.1718577303722955,1.1732925672644066,True,0.011971133632581414,twin,7,0.01/pi,burgers,0.01605401329537946,0.016117164021832792,1.0039336410959314,False,777,0.48,MS_hard_burgers_n7_twin_s777
2016,1.212377579712704,1.2127686106997004,True,0.011971133632581414,twin,7,0.01/pi,burgers,0.017352095779541634,0.017398630505048397,1.0026817927988634,False,777,0.52,MS_hard_burgers_n7_twin_s777
2016,1.2379432584409522,1.2369043209316986,True,0.011971133632581414,twin,7,0.01/pi,burgers,0.01811331876292011,0.018108438523687622,0.9997305717800055,False,777,0.56,MS_hard_burgers_n7_twin_s777
2016,1.2537616513164085,1.2518860316739633,True,0.011971133632581414,twin,7,0.01/pi,burgers,0.018530805873560714,0.018491041869879276,0.99785416759785,False,777,0.6,MS_hard_burgers_n7_twin_s777
2016,1.263049413251328,1.260856650437176,True,0.011971133632581414,twin,7,0.01/pi,burgers,0.018719770145173256,0.018664904072690617,0.9970690840722323,False,777,0.64,MS_hard_burgers_n7_twin_s777
2016,1.2678678757222086,1.265563295041175,True,0.011971133632581414,twin,7,0.01/pi,burgers,0.018752534424949636,0.01869185894684788,0.9967644118535237,False,777,0.68,MS_hard_burgers_n7_twin_s777
2016,1.2695752376845033,1.2671467384966446,True,0.011971133632581414,twin,7,0.01/pi,burgers,0.018676208644799103,0.01861036367511002,0.9964743931200716,False,777,0.72,MS_hard_burgers_n7_twin_s777
2016,1.2690874646987593,1.2664654068195667,True,0.011971133632581414,twin,7,0.01/pi,burgers,0.018522414477381174,0.018449069844148153,0.9960402228703722,False,777,0.76,MS_hard_burgers_n7_twin_s777
2016,1.2670348234859754,1.2642094291437567,True,0.011971133632581414,twin,7,0.01/pi,burgers,0.018312926614131676,0.018231497604324444,0.9955534682400575,False,777,0.8,MS_hard_burgers_n7_twin_s777
2016,1.2638587087570161,1.2609295619690666,True,0.011971133632581414,twin,7,0.01/pi,burgers,0.018063077332299865,0.017976932818421124,0.9952309059915998,False,777,0.84,MS_hard_burgers_n7_twin_s777
2016,1.259873109394413,1.257055704036348,True,0.011971133632581414,twin,7,0.01/pi,burgers,0.017783878635257412,0.017700908024370875,0.9953345042109069,False,777,0.88,MS_hard_burgers_n7_twin_s777
2016,1.2553045177222741,1.2529100536103377,True,0.011971133632581414,twin,7,0.01/pi,burgers,0.017483381737177846,0.017415348774635495,0.9961087069100779,False,777,0.92,MS_hard_burgers_n7_twin_s777
2016,1.250318361712412,1.2487262746905299,True,0.011971133632581414,twin,7,0.01/pi,burgers,0.0171675688500158,0.01712912536563111,0.9977606914106156,False,777,0.96,MS_hard_burgers_n7_twin_s777
2016,1.245036822841573,1.2446660999311492,True,0.011971133632581414,twin,7,0.01/pi,burgers,0.016840950487340463,0.016848465268928702,1.0004462207518445,False,777,1.0,MS_hard_burgers_n7_twin_s777
2016,0.500144145295721,0.5002029823975007,False,0.010249880206569873,twin,8,0.01/pi,burgers,3.70425406377563e-06,5.836184480796329e-06,1.5755356895924384,False,1234,0.0,MS_hard_burgers_n8_twin_s1234
2016,0.5023917063806028,0.5024374010820316,False,0.010249880206569873,twin,8,0.01/pi,burgers,2.9227509926194613e-06,4.516639161498638e-06,1.5453383380602959,False,1234,0.04,MS_hard_burgers_n8_twin_s1234
2016,0.5086916368329514,0.508750960822126,False,0.010249880206569873,twin,8,0.01/pi,burgers,2.367279058804143e-06,3.5861250881377765e-06,1.5148721376132763,False,1234,0.08,MS_hard_burgers_n8_twin_s1234
2016,0.5195534572740266,0.5196778935209854,False,0.010249880206569873,twin,8,0.01/pi,burgers,1.9580371177122484e-06,3.0940615790257212e-06,1.5801853555466776,False,1234,0.12,MS_hard_burgers_n8_twin_s1234
2016,0.5359988327111411,0.5362449919288644,False,0.010249880206569873,twin,8,0.01/pi,burgers,1.6445752252270005e-06,2.9391339253878497e-06,1.7871690393379005,False,1234,0.16,MS_hard_burgers_n8_twin_s1234
2016,0.5598952651542854,0.5603106653646734,False,0.010249880206569873,twin,8,0.01/pi,burgers,1.3980284947447014e-06,3.0576659809495004e-06,2.1871270810598684,False,1234,0.2,MS_hard_burgers_n8_twin_s1234
2016,0.5947227450212248,0.5953603452926582,False,0.010249880206569873,twin,8,0.01/pi,burgers,4.715218951839874e-06,8.0979952952298e-06,1.7174165988771255,False,1234,0.24,MS_hard_burgers_n8_twin_s1234
2016,0.6473771265198471,0.6483025279777423,False,0.010249880206569873,twin,8,0.01/pi,burgers,0.00010613525437437981,0.00012434894066914897,1.1716082596883641,False,1234,0.28,MS_hard_burgers_n8_twin_s1234
2016,0.7315459931206041,0.7325815934191948,False,0.010249880206569873,twin,8,0.01/pi,burgers,0.0011217209488575835,0.0011776812099394387,1.0498878630543969,False,1234,0.32,MS_hard_burgers_n8_twin_s1234
2016,0.8615805549292378,0.8619447434334411,False,0.010249880206569873,twin,8,0.01/pi,burgers,0.004912396807581136,0.0049357066685546905,1.00474510954359,False,1234,0.36,MS_hard_burgers_n8_twin_s1234
2016,1.0046814644983904,1.0047941238773492,False,0.010249880206569873,twin,8,0.01/pi,burgers,0.010169265071761309,0.010156877079059011,0.9987818202579164,False,1234,0.4,MS_hard_burgers_n8_twin_s1234
2016,1.1074893227186535,1.1077710776412586,False,0.010249880206569873,twin,8,0.01/pi,burgers,0.013869006723315215,0.013879135855800608,1.0007303430366332,False,1234,0.44,MS_hard_burgers_n8_twin_s1234
2016,1.1718577303722955,1.1714635987811577,False,0.010249880206569873,twin,8,0.01/pi,burgers,0.01605401329537946,0.01606232332803471,1.0005176296108864,False,1234,0.48,MS_hard_burgers_n8_twin_s1234
2016,1.212377579712704,1.210916148177083,False,0.010249880206569873,twin,8,0.01/pi,burgers,0.017352095779541634,0.01733513047022696,0.9990222904754434,False,1234,0.52,MS_hard_burgers_n8_twin_s1234
2016,1.2379432584409522,1.235567326565394,False,0.010249880206569873,twin,8,0.01/pi,burgers,0.01811331876292011,0.018065423303820584,0.9973557877644392,False,1234,0.56,MS_hard_burgers_n8_twin_s1234
2016,1.2537616513164085,1.2509582744931564,False,0.010249880206569873,twin,8,0.01/pi,burgers,0.018530805873560714,0.018462153253814433,0.996295216721026,False,1234,0.6,MS_hard_burgers_n8_twin_s1234
2016,1.263049413251328,1.2603744158654182,False,0.010249880206569873,twin,8,0.01/pi,burgers,0.018719770145173256,0.018646906248829278,0.9961076500523824,False,1234,0.64,MS_hard_burgers_n8_twin_s1234
2016,1.2678678757222086,1.2657249920789955,False,0.010249880206569873,twin,8,0.01/pi,burgers,0.018752534424949636,0.018688833292087585,0.9966030654087322,False,1234,0.68,MS_hard_burgers_n8_twin_s1234
2016,1.2695752376845033,1.2681274297007776,False,0.010249880206569873,twin,8,0.01/pi,burgers,0.018676208644799103,0.018627526229351155,0.9973933459208004,False,1234,0.72,MS_hard_burgers_n8_twin_s1234
2016,1.2690874646987593,1.268285755231886,False,0.010249880206569873,twin,8,0.01/pi,burgers,0.018522414477381174,0.018487748225620836,0.9981284161520805,False,1234,0.76,MS_hard_burgers_n8_twin_s1234
2016,1.2670348234859754,1.2667070213752243,False,0.010249880206569873,twin,8,0.01/pi,burgers,0.018312926614131676,0.018287711907212487,0.9986231197530311,False,1234,0.8,MS_hard_burgers_n8_twin_s1234
2016,1.2638587087570161,1.2638057648534584,False,0.010249880206569873,twin,8,0.01/pi,burgers,0.018063077332299865,0.018042952013795154,0.9988858311275275,False,1234,0.84,MS_hard_burgers_n8_twin_s1234
2016,1.259873109394413,1.2599401896387394,False,0.010249880206569873,twin,8,0.01/pi,burgers,0.017783878635257412,0.017767480440789383,0.9990779179950363,False,1234,0.88,MS_hard_burgers_n8_twin_s1234
2016,1.2553045177222741,1.2554149594442376,False,0.010249880206569873,twin,8,0.01/pi,burgers,0.017483381737177846,0.017473649310258042,0.9994433326992394,False,1234,0.92,MS_hard_burgers_n8_twin_s1234
2016,1.250318361712412,1.2504829512612101,False,0.010249880206569873,twin,8,0.01/pi,burgers,0.0171675688500158,0.01717196682394328,1.0002561791926337,False,1234,0.96,MS_hard_burgers_n8_twin_s1234
2016,1.245036822841573,1.2453386725008841,False,0.010249880206569873,twin,8,0.01/pi,burgers,0.016840950487340463,0.01687065467459241,1.0017638070531871,False,1234,1.0,MS_hard_burgers_n8_twin_s1234
2016,0.500144145295721,0.5002198330620858,False,0.01706820554890614,twin,8,0.01/pi,burgers,3.70425406377563e-06,6.9081058082772736e-06,1.864911447579289,False,2025,0.0,MS_hard_burgers_n8_twin_s2025
2016,0.5023917063806028,0.5024866038063883,False,0.01706820554890614,twin,8,0.01/pi,burgers,2.9227509926194613e-06,6.629819185741516e-06,2.268348963864234,False,2025,0.04,MS_hard_burgers_n8_twin_s2025
2016,0.5086916368329514,0.508801984258663,False,0.01706820554890614,twin,8,0.01/pi,burgers,2.367279058804143e-06,5.9449277060866895e-06,2.5112914694095405,False,2025,0.08,MS_hard_burgers_n8_twin_s2025
2016,0.5195534572740266,0.5196818137137216,False,0.01706820554890614,twin,8,0.01/pi,burgers,1.9580371177122484e-06,5.324090670781759e-06,2.7190958856808467,False,2025,0.12,MS_hard_burgers_n8_twin_s2025
2016,0.5359988327111411,0.5361549299780368,False,0.01706820554890614,twin,8,0.01/pi,burgers,1.6445752252270005e-06,5.080679235222549e-06,3.0893565446489464,False,2025,0.16,MS_hard_burgers_n8_twin_s2025
2016,0.5598952651542854,0.5601024675399349,False,0.01706820554890614,twin,8,0.01/pi,burgers,1.3980284947447014e-06,5.550702333956415e-06,3.9703785400812217,False,2025,0.2,MS_hard_burgers_n8_twin_s2025
2016,0.5947227450212248,0.5949925269030268,False,0.01706820554890614,twin,8,0.01/pi,burgers,4.715218951839874e-06,1.0001669841653547e-05,2.121146429001119,False,2025,0.24,MS_hard_burgers_n8_twin_s2025
2016,0.6473771265198471,0.6477039865599381,False,0.01706820554890614,twin,8,0.01/pi,burgers,0.00010613525437437981,0.00011915944406044558,1.1227131339425112,False,2025,0.28,MS_hard_burgers_n8_twin_s2025
2016,0.7315459931206041,0.7320178590767232,False,0.01706820554890614,twin,8,0.01/pi,burgers,0.0011217209488575835,0.0011684969814895114,1.041700239867649,False,2025,0.32,MS_hard_burgers_n8_twin_s2025
2016,0.8615805549292378,0.8610660115109774,False,0.01706820554890614,twin,8,0.01/pi,burgers,0.004912396807581136,0.004906149823556005,0.9987283225948909,False,2025,0.36,MS_hard_burgers_n8_twin_s2025
2016,1.0046814644983904,1.0027050548325491,False,0.01706820554890614,twin,8,0.01/pi,burgers,0.010169265071761309,0.010068283455084924,0.9900699199043599,False,2025,0.4,MS_hard_burgers_n8_twin_s2025
2016,1.1074893227186535,1.1065186348875224,False,0.01706820554890614,twin,8,0.01/pi,burgers,0.013869006723315215,0.013829210624409328,0.9971305732486966,False,2025,0.44,MS_hard_burgers_n8_twin_s2025
2016,1.1718577303722955,1.1703933132913633,False,0.01706820554890614,twin,8,0.01/pi,burgers,0.01605401329537946,0.01602933277565127,0.998462657325985,False,2025,0.48,MS_hard_burgers_n8_twin_s2025
2016,1.212377579712704,1.209227630094044,False,0.01706820554890614,twin,8,0.01/pi,burgers,0.017352095779541634,0.017285796788847,0.9961791940560402,False,2025,0.52,MS_hard_burgers_n8_twin_s2025
2016,1.2379432584409522,1.2336074065030904,False,0.01706820554890614,twin,8,0.01/pi,burgers,0.01811331876292011,0.018006753419629234,0.9941167411292389,False,2025,0.56,MS_hard_burgers_n8_twin_s2025
2016,1.2537616513164085,1.2493314390551309,False,0.01706820554890614,twin,8,0.01/pi,burgers,0.018530805873560714,0.01841116543825965,0.9935437003594235,False,2025,0.6,MS_hard_burgers_n8_twin_s2025
2016,1.263049413251328,1.2593747812356475,False,0.01706820554890614,twin,8,0.01/pi,burgers,0.018719770145173256,0.018612327161961234,0.9942604539276502,False,2025,0.64,MS_hard_burgers_n8_twin_s2025
2016,1.2678678757222086,1.2653024224689633,False,0.01706820554890614,twin,8,0.01/pi,burgers,0.018752534424949636,0.01867055047613499,0.9956281136748338,False,2025,0.68,MS_hard_burgers_n8_twin_s2025
2016,1.2695752376845033,1.2680480677812143,False,0.01706820554890614,twin,8,0.01/pi,burgers,0.018676208644799103,0.018621555826534887,0.9970736663257703,False,2025,0.72,MS_hard_burgers_n8_twin_s2025
2016,1.2690874646987593,1.2682844347936573,False,0.01706820554890614,twin,8,0.01/pi,burgers,0.018522414477381174,0.01848994539498901,0.9982470383420146,False,2025,0.76,MS_hard_burgers_n8_twin_s2025
2016,1.2670348234859754,1.2665705329695067,False,0.01706820554890614,twin,8,0.01/pi,burgers,0.018312926614131676,0.01829476037709953,0.9990080101659923,False,2025,0.8,MS_hard_burgers_n8_twin_s2025
2016,1.2638587087570161,1.2634005930719667,False,0.01706820554890614,twin,8,0.01/pi,burgers,0.018063077332299865,0.018051729481011032,0.9993717653376515,False,2025,0.84,MS_hard_burgers_n8_twin_s2025
2016,1.259873109394413,1.2592114875229958,False,0.01706820554890614,twin,8,0.01/pi,burgers,0.017783878635257412,0.017773942081584327,0.9994412606002953,False,2025,0.88,MS_hard_burgers_n8_twin_s2025
2016,1.2553045177222741,1.2543782080826955,False,0.01706820554890614,twin,8,0.01/pi,burgers,0.017483381737177846,0.01747204972791616,0.9993518411122039,False,2025,0.92,MS_hard_burgers_n8_twin_s2025
2016,1.250318361712412,1.2492052046626128,False,0.01706820554890614,twin,8,0.01/pi,burgers,0.0171675688500158,0.017154093162517068,0.9992150497477854,False,2025,0.96,MS_hard_burgers_n8_twin_s2025
2016,1.245036822841573,1.2439217391112543,False,0.01706820554890614,twin,8,0.01/pi,burgers,0.016840950487340463,0.01682533275706237,0.9990726336800387,False,2025,1.0,MS_hard_burgers_n8_twin_s2025
2016,0.500144145295721,0.5006298860826766,False,0.05568715923046702,twin,8,0.01/pi,burgers,3.70425406377563e-06,1.936328491434079e-05,5.227310163116727,False,777,0.0,MS_hard_burgers_n8_twin_s777
2016,0.5023917063806028,0.5029368525277994,False,0.05568715923046702,twin,8,0.01/pi,burgers,2.9227509926194613e-06,1.9616194352513937e-05,6.711551686082326,False,777,0.04,MS_hard_burgers_n8_twin_s777
2016,0.5086916368329514,0.5093813628833589,False,0.05568715923046702,twin,8,0.01/pi,burgers,2.367279058804143e-06,2.09456286095727e-05,8.847976131784655,False,777,0.08,MS_hard_burgers_n8_twin_s777
2016,0.5195534572740266,0.5205171820168587,False,0.05568715923046702,twin,8,0.01/pi,burgers,1.9580371177122484e-06,2.5169646303304985e-05,12.854529710199241,False,777,0.12,MS_hard_burgers_n8_twin_s777
2016,0.5359988327111411,0.5373559529510642,False,0.05568715923046702,twin,8,0.01/pi,burgers,1.6445752252270005e-06,3.397707677267446e-05,20.66009280176564,False,777,0.16,MS_hard_burgers_n8_twin_s777
2016,0.5598952651542854,0.5616716866213458,False,0.05568715923046702,twin,8,0.01/pi,burgers,1.3980284947447014e-06,4.918944561599629e-05,35.18486626052564,False,777,0.2,MS_hard_burgers_n8_twin_s777
2016,0.5947227450212248,0.5967878394775123,False,0.05568715923046702,twin,8,0.01/pi,burgers,4.715218951839874e-06,7.391078175963255e-05,15.674941612370436,False,777,0.24,MS_hard_burgers_n8_twin_s777
2016,0.6473771265198471,0.649580761949743,False,0.05568715923046702,twin,8,0.01/pi,burgers,0.00010613525437437981,0.00020560401528565414,1.9371886984923012,False,777,0.28,MS_hard_burgers_n8_twin_s777
2016,0.7315459931206041,0.733836519108284,False,0.05568715923046702,twin,8,0.01/pi,burgers,0.0011217209488575835,0.001276122716978957,1.1376472181237447,False,777,0.32,MS_hard_burgers_n8_twin_s777
2016,0.8615805549292378,0.8624387147257381,False,0.05568715923046702,twin,8,0.01/pi,burgers,0.004912396807581136,0.004988755696171966,1.0155441206363842,False,777,0.36,MS_hard_burgers_n8_twin_s777
2016,1.0046814644983904,1.0019049858597266,False,0.05568715923046702,twin,8,0.01/pi,burgers,0.010169265071761309,0.010058776521328121,0.9891350506006575,False,777,0.4,MS_hard_burgers_n8_twin_s777
2016,1.1074893227186535,1.10201976921109,False,0.05568715923046702,twin,8,0.01/pi,burgers,0.013869006723315215,0.013707086399478496,0.9883250237694012,False,777,0.44,MS_hard_burgers_n8_twin_s777
2016,1.1718577303722955,1.1644700566158424,False,0.05568715923046702,twin,8,0.01/pi,burgers,0.01605401329537946,0.015873312794920377,0.9887442163442651,False,777,0.48,MS_hard_burgers_n8_twin_s777
2016,1.212377579712704,1.203657698868067,False,0.05568715923046702,twin,8,0.01/pi,burgers,0.017352095779541634,0.01714769944291301,0.9882206541950045,False,777,0.52,MS_hard_burgers_n8_twin_s777
2016,1.2379432584409522,1.2287026780738544,False,0.05568715923046702,twin,8,0.01/pi,burgers,0.01811331876292011,0.01789144611745593,0.9877508562418513,False,777,0.56,MS_hard_burgers_n8_twin_s777
2016,1.2537616513164085,1.2447993207414791,False,0.05568715923046702,twin,8,0.01/pi,burgers,0.018530805873560714,0.018305218816938904,0.9878263763507623,False,777,0.6,MS_hard_burgers_n8_twin_s777
2016,1.263049413251328,1.254987463118912,False,0.05568715923046702,twin,8,0.01/pi,burgers,0.018719770145173256,0.018505349260293565,0.9885457522599456,False,777,0.64,MS_hard_burgers_n8_twin_s777
2016,1.2678678757222086,1.261105348628546,False,0.05568715923046702,twin,8,0.01/pi,burgers,0.018752534424949636,0.018561531516952598,0.989814554999941,False,777,0.68,MS_hard_burgers_n8_twin_s777
2016,1.2695752376845033,1.2643032656550122,False,0.05568715923046702,twin,8,0.01/pi,burgers,0.018676208644799103,0.018516689759997356,0.9914587115706608,False,777,0.72,MS_hard_burgers_n8_twin_s777
2016,1.2690874646987593,1.265328256595383,False,0.05568715923046702,twin,8,0.01/pi,burgers,0.018522414477381174,0.018398228397661375,0.9932953622287499,False,777,0.76,MS_hard_burgers_n8_twin_s777
2016,1.2670348234859754,1.264685045944835,False,0.05568715923046702,twin,8,0.01/pi,burgers,0.018312926614131676,0.0182244791535028,0.9951702170552781,False,777,0.8,MS_hard_burgers_n8_twin_s777
2016,1.2638587087570161,1.2627275747754263,False,0.05568715923046702,twin,8,0.01/pi,burgers,0.018063077332299865,0.01800840537438544,0.9969732755438819,False,777,0.84,MS_hard_burgers_n8_twin_s777
2016,1.259873109394413,1.2597144825473638,False,0.05568715923046702,twin,8,0.01/pi,burgers,0.017783878635257412,0.017759748420274137,0.9986431410448654,False,777,0.88,MS_hard_burgers_n8_twin_s777
2016,1.2553045177222741,1.2558438290440532,False,0.05568715923046702,twin,8,0.01/pi,burgers,0.017483381737177846,0.017486279783782265,1.000165760071363,False,777,0.92,MS_hard_burgers_n8_twin_s777
2016,1.250318361712412,1.251272352515281,False,0.05568715923046702,twin,8,0.01/pi,burgers,0.0171675688500158,0.017194440476243168,1.0015652551891379,False,777,0.96,MS_hard_burgers_n8_twin_s777
2016,1.245036822841573,1.2461298473030553,False,0.05568715923046702,twin,8,0.01/pi,burgers,0.016840950487340463,0.016889769699570508,1.0028988394845495,False,777,1.0,MS_hard_burgers_n8_twin_s777
