ckaLL_L0_front__L1,ckaLL_L0_front__L2,ckaLL_L0_front__L3,ckaLL_L0_front__L4,ckaLL_L0_front__L5,ckaLL_L0_quantum__L1,ckaLL_L0_quantum__L2,ckaLL_L0_quantum__L3,ckaLL_L0_quantum__L4,ckaLL_L0_quantum__L5,ckaLL_L1__L2,ckaLL_L1__L3,ckaLL_L1__L4,ckaLL_L1__L5,ckaLL_L2__L3,ckaLL_L2__L4,ckaLL_L2__L5,ckaLL_L3__L4,ckaLL_L3__L5,ckaLL_L4__L5,cka_L0_front_out,cka_L0_quantum_out,cka_L1_out,cka_L2_out,cka_L3_out,cka_L4_out,cka_L5_out,in_primary,model,n_feat,nu,pde,retry,seed,t,tag
0.9951011127368911,0.9331344380422434,0.7759531331844925,0.7391519748582335,0.7325103315978673,,,,,,0.9637603378137093,0.8330213028860833,0.8006860831536314,0.7947612690428987,0.950126640524342,0.9312873652362579,0.9275259935156829,0.9983295652434485,0.9973982869096871,0.9997825838355723,0.7170373986958639,,0.7807682745700832,0.9187092995512388,0.9956955055161105,0.9992790271766561,0.9997103568780739,True,gaaf,3,0.01/pi,burgers,False,1234,0.0,MS_hard_burgers_n3_gaaf_s1234
0.9951011191687154,0.9330809990973632,0.7757181758359849,0.7388662785713148,0.7322184267765782,,,,,,0.9637204513575904,0.8328137060300148,0.800430252662442,0.7944989748135677,0.9500554648506764,0.9311856855962213,0.9274196100608519,0.9983265631646201,0.9973938799528909,0.9997822036263591,0.7167382778579314,,0.7804978564414863,0.9185963446264799,0.9956897032240268,0.9992783890966376,0.9997102907680231,True,gaaf,3,0.01/pi,burgers,False,1234,0.04,MS_hard_burgers_n3_gaaf_s1234
0.9951006329886405,0.933020022518438,0.7754587460222966,0.7385522029747615,0.7318962465519029,,,,,,0.9636762444455852,0.8325871443548631,0.8001519090343518,0.7942124393902005,0.9499785852236682,0.9310761635501635,0.9273042822184391,0.9983233616392708,0.9973890501995062,0.9997817821592968,0.716407520384581,,0.7802018804146461,0.918473535586532,0.9956832679497929,0.9992776143092518,0.9997101956806602,True,gaaf,3,0.01/pi,burgers,False,1234,0.08,MS_hard_burgers_n3_gaaf_s1234
0.9950996508343469,0.9329514783336328,0.7751747903995895,0.738209716825663,0.731543767310844,,,,,,0.9636277028201352,0.8323415850283163,0.7998510393336964,0.7939016566397205,0.9498959973671528,0.9309588073355176,0.9271800221785776,0.9983199623984845,0.9973837998046998,0.9997813193153621,0.7160450984916428,,0.7798803368838957,0.918340883186383,0.9956762029515335,0.999276702999136,0.9997100713612264,True,gaaf,3,0.01/pi,burgers,False,1234,0.12,MS_hard_burgers_n3_gaaf_s1234
0.9950981744407001,0.9328753788637824,0.7748663115604868,0.7378388056193566,0.7311609638071985,,,,,,0.9635748303704875,0.8320770171337091,0.7995276160047109,0.7935665888122406,0.9498076879978914,0.9308335914155086,0.9270467977287706,0.9983163639914648,0.9973781267811926,0.999780815300528,0.7156509850350321,,0.7795331856597472,0.9181983520615798,0.9956685047940194,0.9992756547069969,0.9997099176602102,True,gaaf,3,0.01/pi,burgers,False,1234,0.16,MS_hard_burgers_n3_gaaf_s1234
0.9950962032062654,0.9327917177170845,0.7745333368357314,0.7374395222991713,0.7307479009904984,,,,,,0.9635176233370109,0.8317934647139904,0.7991816860325214,0.793207293669956,0.9497136725547708,0.9307005459305844,0.926904645302032,0.9983125680917038,0.9973720332503123,0.9997802698708669,0.715225264066715,,0.7791605019303521,0.918045990154706,0.9956601784836575,0.9992744703149826,0.9997097352272879,True,gaaf,3,0.01/pi,burgers,False,1234,0.2,MS_hard_burgers_n3_gaaf_s1234
0.9950937383102592,0.9327004989641574,0.7741758955138724,0.7370119088498928,0.7303046251517854,,,,,,0.9634560811448102,0.8314909435565038,0.7988132755495826,0.7928238006030873,0.9496139575128012,0.9305596832743166,0.9267535789601937,0.9983085754935919,0.9973655206509249,0.9997796830125442,0.7147679672189918,,0.7787623015573572,0.9178838029459011,0.9956512241958942,0.9992731492262183,0.9997095233357571,True,gaaf,3,0.01/pi,burgers,False,1234,0.24,MS_hard_burgers_n3_gaaf_s1234
0.995090778120585,0.9326016924585628,0.7737938799803461,0.7365558498561642,0.7298310169775072,,,,,,0.9633901844679699,0.8311693621167674,0.7984222847297031,0.792416005982671,0.9495085106295847,0.930410964780907,0.9265935571357489,0.9983043858188777,0.9973585880298573,0.9997790547190162,0.7142789976840997,,0.7783385004331171,0.9177117600897622,0.9956416432052769,0.9992716920371947,0.9997092827848781,True,gaaf,3,0.01/pi,burgers,False,1234,0.28,MS_hard_burgers_n3_gaaf_s1234
0.9950873235475419,0.9324953190717808,0.7733873757374633,0.7360714452477085,0.7293271846998556,,,,,,0.9633199456301625,0.8308287859282273,0.7980087917334245,0.7919839947627343,0.9493973511750493,0.9302544167421996,0.9264246099726319,0.9982999996466281,0.9973512367283545,0.9997783850174168,0.7137584616501946,,0.7778891816950773,0.917529890490021,0.9956314371937558,0.9992700991118854,0.9997090133036598,True,gaaf,3,0.01/pi,burgers,False,1234,0.32,MS_hard_burgers_n3_gaaf_s1234
0.995083374946548,0.9323813664049266,0.7729563849949838,0.7355587262472542,0.7287931573782488,,,,,,0.9632453539921721,0.8304692113266862,0.7975728178493696,0.7915277860471533,0.9492804862021936,0.9300900618364126,0.9262467586701979,0.9982954190219073,0.9973434691120466,0.9997776739786254,0.7132063927405916,,0.7774143683340385,0.9173382181303983,0.995620609711084,0.9992683705755872,0.9997087149666559,True,gaaf,3,0.01/pi,burgers,False,1234,0.36,MS_hard_burgers_n3_gaaf_s1234
0.9950789335080074,0.9322598260836509,0.7725008526402043,0.7350176206927288,0.7282288702789868,,,,,,0.9631663987549967,0.8300905765313809,0.7971142838839894,0.7910473065183888,0.9491578893880928,0.929917861178911,0.9260599669448021,0.9982906426842962,0.9973352839163944,0.9997769214272366,0.7126227297032107,,0.7769139888924168,0.9171367062335829,0.9956091588974213,0.9992665060481947,0.9997083877752113,True,gaaf,3,0.01/pi,burgers,False,1234,0.4,MS_hard_burgers_n3_gaaf_s1234
0.9950739982070527,0.9321307023874461,0.7720208374501957,0.7344482179957371,0.727634416241196,,,,,,0.9630830848143395,0.8296929331073521,0.7966332689326303,0.790542638055956,0.9490295804836655,0.9297378509976773,0.9258642726114482,0.9982856723937226,0.9973266836982981,0.9997761276786984,0.7120075779917753,,0.776388136996919,0.9169254005392066,0.9955970899865906,0.9992645067324191,0.9997080319845925,True,gaaf,3,0.01/pi,burgers,False,1234,0.44,MS_hard_burgers_n3_gaaf_s1234
0.9950685690124568,0.9319939779735119,0.7715163071856019,0.7338504976295702,0.7270097827677519,,,,,,0.962995398298097,0.8292762467037303,0.796129747566375,0.7900137614266317,0.9488955520399706,0.9295500291536428,0.92565967687067,0.998280509203388,0.997317670194043,0.9997752925046268,0.7113609334035981,,0.7758368000820661,0.9167043060321328,0.9955844060422244,0.9992623728788355,0.9997076478000078,True,gaaf,3,0.01/pi,burgers,False,1234,0.48,MS_hard_burgers_n3_gaaf_s1234
0.9950626458558113,0.9318496653357057,0.7709873238171584,0.7332245383647054,0.7263550580869884,,,,,,0.9629033475566598,0.8288405657498673,0.7956037830229336,0.7894607482170253,0.9487558174374284,0.9293544167249643,0.9254462054380882,0.998275153707111,0.99730824480341,0.9997744161394967,0.710682882114677,,0.7752600476799214,0.9164734464914017,0.9955711080336311,0.9992601043666699,0.9997072348910037,True,gaaf,3,0.01/pi,burgers,False,1234,0.52,MS_hard_burgers_n3_gaaf_s1234
0.9950562306303006,0.9316977334466537,0.7704337965327529,0.732570252465056,0.7256701513235719,,,,,,0.9628069033643915,0.8283857935613821,0.795055278142747,0.7888834971923014,0.9486103514496658,0.9291509880923782,0.9252238294202969,0.9982696065837063,0.997298407965485,0.9997734981813108,0.7099733576117202,,0.7746577992523885,0.9162328057949098,0.9955571999001467,0.9992577020868585,0.9997067940828425,True,gaaf,3,0.01/pi,burgers,False,1234,0.56,MS_hard_burgers_n3_gaaf_s1234
0.9950493219878076,0.9315381885616397,0.769855735082493,0.7318876609125848,0.7249550902228,,,,,,0.9627060724163238,0.8279119378372681,0.7944842503370698,0.7882820314034762,0.9484591459910093,0.9289397383116157,0.924992546798598,0.9982638680029244,0.9972881607304224,0.9997725392193993,0.70923237163756,,0.7740300628979112,0.9159823710161806,0.9955426807696263,0.9992551657108559,0.9997063246187551,True,gaaf,3,0.01/pi,burgers,False,1234,0.6,MS_hard_burgers_n3_gaaf_s1234
0.9950419211120256,0.9313710446954284,0.769253276618208,0.7311769456772182,0.724210077788952,,,,,,0.9626008608398727,0.8274191062412284,0.7938908469611504,0.7876565165597413,0.9483022499283904,0.9287207420925283,0.9247524435233959,0.9982579409548638,0.9972775081367784,0.9997715390961864,0.7084601555177519,,0.7733770300815483,0.9157222455909053,0.9955275600124892,0.9992524967561287,0.9997058271939651,True,gaaf,3,0.01/pi,burgers,False,1234,0.64,MS_hard_burgers_n3_gaaf_s1234
0.9950340272261576,0.9311962564753894,0.7686262611124977,0.7304379418648997,0.7234349399565578,,,,,,0.9624912355910729,0.8269071540367354,0.7932749160778645,0.7870067912020533,0.9481396146692029,0.9284939445895378,0.9245034578442947,0.9982518252865693,0.9972664494191701,0.9997704979320351,0.7076565309357454,,0.7726985339361023,0.9154523629888305,0.9955118366699715,0.9992496949116957,0.9997053015899169,True,gaaf,3,0.01/pi,burgers,False,1234,0.68,MS_hard_burgers_n3_gaaf_s1234
0.9950256429402277,0.9310138594473448,0.7679748161096737,0.7296707990114385,0.7226298396773042,,,,,,0.962377214346287,0.826376170179093,0.7926365652866652,0.7863329744820051,0.9479712647510226,0.9282593802480438,0.9242456309283623,0.9982455218318348,0.9972549868136841,0.9997694158740691,0.7068216909318806,,0.7719947204189204,0.9151727805689531,0.9954955162054636,0.9992467615356396,0.9997047486363606,True,gaaf,3,0.01/pi,burgers,False,1234,0.72,MS_hard_burgers_n3_gaaf_s1234
0.9950167632642724,0.9308237953796376,0.7672988097540733,0.7288753946864251,0.7217946672848191,,,,,,0.9622587658026234,0.8258260575591079,0.7919757051216217,0.7856349872371086,0.9477971760427821,0.9280170294472463,0.9239789487107322,0.9982390318093252,0.9972431224698174,0.9997682927719915,0.705955508180104,,0.771265493717798,0.9148834737069643,0.9954786003879403,0.9992436964988355,0.9997041675395683,True,gaaf,3,0.01/pi,burgers,False,1234,0.76,MS_hard_burgers_n3_gaaf_s1234
0.9950073954607371,0.9306261081065632,0.7665983698633678,0.7280518800518135,0.7209295789279795,,,,,,0.9621359014506478,0.8252568801877418,0.7912924172634426,0.7849129149619565,0.9476173656653095,0.9277669184210297,0.9237034392210576,0.9982323559669519,0.9972308580900225,0.9997671289046924,0.7050581628625974,,0.7705109597334007,0.9145844820780683,0.9954610927426557,0.9992405003989941,0.9997035589128029,True,gaaf,3,0.01/pi,burgers,False,1234,0.8,MS_hard_burgers_n3_gaaf_s1234
0.994997534775381,0.9304207635300874,0.7658734717312752,0.7272002687564193,0.7200346052866223,,,,,,0.9620086070481436,0.8246686330197951,0.790586731142114,0.7841668013015897,0.9474318415139533,0.9275090763115404,0.9234191397277955,0.9982254971614001,0.9972181980824264,0.9997659242766713,0.7041297026217833,,0.7697311774567432,0.9142758534501131,0.995443001789449,0.999237174754349,0.9997029230966119,True,gaaf,3,0.01/pi,burgers,False,1234,0.84,MS_hard_burgers_n3_gaaf_s1234
0.9949871833411784,0.9302077464343361,0.7651240390877159,0.726320471351943,0.7191096519016346,,,,,,0.9618768638682569,0.8240612275273284,0.7898585431489721,0.7833965370105003,0.9472405689841111,0.9272434570498987,0.9231259999819418,0.9982184543407259,0.9972051413571268,0.9997646791229005,0.7031700266763573,,0.7689260300128331,0.9139575305228329,0.9954243247092268,0.9992337189360533,0.9997022597295767,True,gaaf,3,0.01/pi,burgers,False,1234,0.88,MS_hard_burgers_n3_gaaf_s1234
0.9949763409657282,0.9299870732059419,0.7643501977088846,0.7254126683356722,0.7181549276258226,,,,,,0.9617406827324638,0.8234347653664668,0.7891080038381194,0.782602297614504,0.9470435867969357,0.9269701291346256,0.9228241035842418,0.9982112310034643,0.9971916945481598,0.9997633937126431,0.702179373085954,,0.7680957195500517,0.9136296146206208,0.9954050734303053,0.9992301352841532,0.9997015694985292,True,gaaf,3,0.01/pi,burgers,False,1234,0.92,MS_hard_burgers_n3_gaaf_s1234
0.9949650069744149,0.9297587093469661,0.7635518635988933,0.7244767757291337,0.7171703432607391,,,,,,0.9616000378271534,0.8227891655162429,0.788335029577106,0.7817839931353264,0.9468408725451724,0.9266890674478011,0.9225134203185477,0.9982038270548956,0.9971778567819347,0.9997620678064619,0.7011576423746302,,0.7672401451018925,0.9132920669871867,0.9953852451299944,0.9992264223713175,0.9997008519130866,True,gaaf,3,0.01/pi,burgers,False,1234,0.96,MS_hard_burgers_n3_gaaf_s1234
0.9949531848480127,0.9295226856120177,0.7627291387083336,0.7235129382149574,0.7161560694882667,,,,,,0.961454940998992,0.8221244887709506,0.7875397174633052,0.7809417433024468,0.9466324400727805,0.9264003060496535,0.9221939978093826,0.9981962450777301,0.9971636338012233,0.9997607019484481,0.7001050393682186,,0.7663594568311998,0.9129449544192245,0.9953648513552167,0.999222583144249,0.9997001078180149,True,gaaf,3,0.01/pi,burgers,False,1234,1.0,MS_hard_burgers_n3_gaaf_s1234
0.999781512638787,0.9821494145737419,0.9290063188234541,0.8559716256670443,0.8605244437111674,,,,,,0.9851386131351904,0.9353639646389676,0.8638643316789069,0.8677365625545382,0.972591734379008,0.9130897931685307,0.9221805780628888,0.9805854392460641,0.9747525670993475,0.986689965548317,0.6371942636168141,,0.6506081435443336,0.7516884538487107,0.8252281163520004,0.8251167444665665,0.8258877097578758,True,gaaf,3,0.01/pi,burgers,True,1234,0.0,MS_hard_burgers_n3_gaaf_s1234_r1
0.9997797908937701,0.9819710985365485,0.9268603474194522,0.855432565823062,0.8575737267278569,,,,,,0.9849329054564359,0.9333126057544108,0.8633254949602674,0.8648273277476107,0.9720250527876585,0.9132158913467503,0.9208876699588456,0.980740659698318,0.9744555559124879,0.9872750192729299,0.6014956135891648,,0.6150743030100456,0.7220833619708107,0.8115578652734177,0.8190284974971126,0.8194671640513771,True,gaaf,3,0.01/pi,burgers,True,1234,0.04,MS_hard_burgers_n3_gaaf_s1234_r1
0.9997779451997333,0.9817972418969486,0.9245289382718287,0.855073549339189,0.8546864996287332,,,,,,0.9847316590156163,0.931067987083612,0.8629552273476333,0.8619667343386423,0.9712543293742323,0.913514763901986,0.9196246721380192,0.9810533294102787,0.9743252997803712,0.9878759920071849,0.5658916822130867,,0.5794791943471324,0.6911077122252556,0.7967602993405289,0.812477665658848,0.8130603209144753,True,gaaf,3,0.01/pi,burgers,True,1234,0.08,MS_hard_burgers_n3_gaaf_s1234_r1
0.9997759827402839,0.9816285124797293,0.922057504362729,0.8548320555273624,0.8517476276156888,,,,,,0.984536383514915,0.9286750591127906,0.8626923798564325,0.859040994606531,0.9702998070725964,0.9139184880067115,0.9182435997726917,0.9815065499548333,0.9743067297879755,0.9884816588085708,0.53085217718786,,0.5442985677388369,0.6591601739858473,0.7807860367511286,0.8054025119586286,0.8067228504718046,True,gaaf,3,0.01/pi,burgers,True,1234,0.12,MS_hard_burgers_n3_gaaf_s1234_r1
0.9997739099813505,0.9814649266905294,0.9195065337682097,0.8546453372309163,0.8486598203523056,,,,,,0.9843479443704664,0.9261937558715326,0.8624754335681599,0.8559536162229765,0.9692009193329765,0.9143618049094996,0.9166149599620703,0.9820691437468779,0.9743217252632165,0.9890726698165315,0.4967601521746277,,0.5099275148620809,0.6266142637357173,0.7635075465714947,0.7976470756773002,0.800431491534,True,gaaf,3,0.01/pi,burgers,True,1234,0.16,MS_hard_burgers_n3_gaaf_s1234_r1
0.9997717339473579,0.981305878346712,0.9169448504458146,0.8544573870081249,0.8453736779618212,,,,,,0.9841665374324707,0.9236923139908655,0.8622494968445235,0.8526554297668482,0.9680111785182869,0.9147906684839059,0.9146621192102373,0.9826988747202595,0.9742874580150535,0.9896237689820458,0.4639151904848291,,0.476682786810175,0.5938122600433234,0.7447072672261122,0.7888942393487652,0.7940159569632688,True,gaaf,3,0.01/pi,burgers,True,1234,0.2,MS_hard_burgers_n3_gaaf_s1234_r1
0.9997694610897181,0.9811502798848672,0.9144417962368779,0.8542249518886496,0.841909666573218,,,,,,0.9839917819708475,0.9212395581741151,0.861972469268066,0.849166871946871,0.9667909566797221,0.9151686358654088,0.9123879430755379,0.9833486792232335,0.9741396187114155,0.9901084593240387,0.43259811289963135,,0.4448678282572115,0.5611372432251657,0.7241541493181991,0.7786425416466745,0.7871044936499818,True,gaaf,3,0.01/pi,burgers,True,1234,0.24,MS_hard_burgers_n3_gaaf_s1234_r1
0.9997670982580391,0.9809966543490755,0.9120599389546288,0.8539245853181777,0.8383666277784038,,,,,,0.9838227734547175,0.9188976994402498,0.8616222144459985,0.8455869646910843,0.9655997969377547,0.9154828677118104,0.9098872864510809,0.9839766352708716,0.973856770525159,0.9905072247041156,0.4032240981370027,,0.4149287013217625,0.529211155541718,0.7018804886905872,0.7663763204486376,0.7792004942649161,True,gaaf,3,0.01/pi,burgers,True,1234,0.28,MS_hard_burgers_n3_gaaf_s1234_r1
0.9997646514106361,0.9808433340648155,0.9098498162464669,0.8535607539711403,0.8349102248933029,,,,,,0.983658259095007,0.9167171677751851,0.8612047130010574,0.8420822224250893,0.9644899577336741,0.9157494836362488,0.9073370198993967,0.9845577649211235,0.9734767492701669,0.9908181571083615,0.37652828989835796,,0.3876438703768333,0.4991568838476656,0.67867014000662,0.7520683253066347,0.7700297044277093,True,gaaf,3,0.01/pi,burgers,True,1234,0.32,MS_hard_burgers_n3_gaaf_s1234_r1
0.9997621270952823,0.9806886221635972,0.9078472017926879,0.8531695339115488,0.8317324853347421,,,,,,0.9834967757520167,0.914733880064357,0.8607576038767523,0.8388464426064401,0.9635020702145687,0.9160130484855571,0.9049534831450444,0.9850913270906051,0.9730891871244874,0.991062602413543,0.35355378846435165,,0.36411033645842117,0.4726051601332106,0.6563528345036669,0.7367556446336881,0.7600319602269212,True,gaaf,3,0.01/pi,burgers,True,1234,0.36,MS_hard_burgers_n3_gaaf_s1234_r1
0.9997595313772712,0.9805309723343641,0.9060728054933037,0.8528098618042936,0.8289879604363937,,,,,,0.9833368325889493,0.9129689426179053,0.8603412398674974,0.8360367782752176,0.9626632880646422,0.9163338246860945,0.902922106128736,0.9855962345276036,0.9727965847116826,0.9912761375469116,0.3351946979233151,,0.3452711523041779,0.4510736100631534,0.6371896563558309,0.7223416332660794,0.7503675440848714,True,gaaf,3,0.01/pi,burgers,True,1234,0.4,MS_hard_burgers_n3_gaaf_s1234_r1
0.9997568704248353,0.9803691292929788,0.9045337858416724,0.8525430944154658,0.826737195854553,,,,,,0.9831770530125531,0.91143010834683,0.860018062731415,0.8337165617031137,0.9619874814743822,0.9167660255007146,0.901331206463232,0.9860964233852617,0.972661368832389,0.9914854468466332,0.32159199914998543,,0.3312909942570643,0.4350920362933077,0.62257245657648,0.710420270136776,0.7421710383236021,True,gaaf,3,0.01/pi,burgers,True,1234,0.44,MS_hard_burgers_n3_gaaf_s1234_r1
0.9997541500610332,0.9802022502028845,0.9032263291484972,0.8524133224877671,0.8249404402894114,,,,,,0.9830163215635284,0.9101143073885409,0.8598329071016367,0.831848229439181,0.9614769673124928,0.9173408907573029,0.900157349772633,0.9866078633532193,0.9726804933452738,0.9916932820897544,0.3120598173116636,,0.32147867077555536,0.4240300117565669,0.6124366790119545,0.70142863428661,0.7359068779991409,True,gaaf,3,0.01/pi,burgers,True,1234,0.48,MS_hard_burgers_n3_gaaf_s1234_r1
0.9997513761717052,0.9800299755677643,0.9021385774520788,0.8524399389204284,0.8235052887927944,,,,,,0.9828538740289516,0.9090105052013021,0.859805636034839,0.8303406778322765,0.9611249556955086,0.9180638800302063,0.8993112682846793,0.9871352685383995,0.9728063617637158,0.991885544678096,0.3055375964989483,,0.3147525548990589,0.4166737121839908,0.6057937498407594,0.6948862102031428,0.7314109967859903,True,gaaf,3,0.01/pi,burgers,True,1234,0.52,MS_hard_burgers_n3_gaaf_s1234_r1
0.9997485543332176,0.9798524612600491,0.9012534612581556,0.8526212537334008,0.8223410020674932,,,,,,0.9826893643089436,0.9081024927791533,0.8599348527900437,0.8291038371723223,0.9609182911508769,0.9189218095384946,0.8986970508010672,0.9876754361327595,0.9729839053881199,0.9920454912345584,0.3010090213952781,,0.31007286371269627,0.4117973772660774,0.6014515989793955,0.6899906010704661,0.7282127021757824,True,gaaf,3,0.01/pi,burgers,True,1234,0.56,MS_hard_burgers_n3_gaaf_s1234_r1
0.9997456902409044,0.9796703466620608,0.9005510811783835,0.8529422703353583,0.8213841906015337,,,,,,0.982522864293317,0.9073712136568282,0.8602056872823745,0.828074655150859,0.9608399518337486,0.9198917245440628,0.8982441576885285,0.9882214577066335,0.9731732310225001,0.9921619810937357,0.2976915437281122,,0.3066377300893399,0.4084367385666934,0.5984199376945033,0.6860152602164907,0.7258095139017959,True,gaaf,3,0.01/pi,burgers,True,1234,0.6,MS_hard_burgers_n3_gaaf_s1234_r1
0.99974278884632,0.9794847198919723,0.9000106078364124,0.8533814731320355,0.8205980971556202,,,,,,0.9823548664620901,0.906796653061602,0.8605966218954885,0.8272165861734871,0.9608711946922616,0.9209472282420534,0.8979104313903373,0.9887653279908235,0.973353362990761,0.9922312511293628,0.2950647913133556,,0.3039133491454484,0.4059435721247598,0.5960307441655829,0.6824605687533778,0.7238148428005402,True,gaaf,3,0.01/pi,burgers,True,1234,0.64,MS_hard_burgers_n3_gaaf_s1234_r1
0.9997398558528633,0.9792970085927234,0.8996116565694433,0.8539154762817768,0.8199622354203651,,,,,,0.9821861960561049,0.906359163194553,0.8610841254041715,0.8265092739904708,0.9609932034233296,0.9220622139034133,0.8976727557001988,0.9892992841274681,0.9735166525447451,0.9922551613904498,0.29282256518898575,,0.3015851729873452,0.40393304873868574,0.5939019318225166,0.6790489016676452,0.7219895856605051,True,gaaf,3,0.01/pi,burgers,True,1234,0.68,MS_hard_burgers_n3_gaaf_s1234_r1
0.9997368958783389,0.9791089006301366,0.899335184452994,0.8545217351112847,0.8194635603350092,,,,,,0.9820179699298262,0.906040381645946,0.8616454338833882,0.8259397815051785,0.9611882450235378,0.9232128046467785,0.8975178230794063,0.9898164048894432,0.9736622677104241,0.9922386041952599,0.29080513640569705,,0.29948868405251583,0.4022012240364993,0.5918495702901345,0.6756606279773767,0.7202132379225674,True,gaaf,3,0.01/pi,burgers,True,1234,0.72,MS_hard_burgers_n3_gaaf_s1234_r1
0.9997339142665911,0.9789222046238233,0.8991640738091459,0.8551799884502822,0.8190916745304444,,,,,,0.9818514689274612,0.9058237779482473,0.8622599900936273,0.8254977763291129,0.9614404294434461,0.9243782687957253,0.8974366501883108,0.9903108464824245,0.9737919592060196,0.9921876347839822,0.2889436055762784,,0.2975523443488672,0.40065614600059174,0.5898102701352252,0.6722724728810395,0.7184443699837764,True,gaaf,3,0.01/pi,burgers,True,1234,0.76,MS_hard_burgers_n3_gaaf_s1234_r1
0.9997309154041775,0.9787387552620058,0.8990833493019422,0.8558728202564427,0.8188370212680923,,,,,,0.9816880661405364,0.9056948955032498,0.8629100675476348,0.8251737543861908,0.9617360776727282,0.9255413053867523,0.897422160194521,0.9907778905099065,0.9739080248575737,0.9921084814275903,0.2872215541019255,,0.29575834386294075,0.39927052569692967,0.5877879617589336,0.6689143862973517,0.7166884759028594,True,gaaf,3,0.01/pi,burgers,True,1234,0.8,MS_hard_burgers_n3_gaaf_s1234_r1
0.9997279041763362,0.9785603132527143,0.8990802926112363,0.8565858884499827,0.8186905854790124,,,,,,0.981529133612881,0.9056414523895149,0.8635809997865075,0.8249587207374097,0.9620638617135615,0.9266880466374907,0.8974683805255869,0.9912138937107526,0.9740124757140383,0.9920071163914209,0.2856521935823371,,0.2941192073856172,0.39805381526941686,0.5858229328648324,0.6656444725163657,0.714977346069636,True,gaaf,3,0.01/pi,burgers,True,1234,0.84,MS_hard_burgers_n3_gaaf_s1234_r1
0.9997248847094571,0.9783884891928167,0.8991443538037994,0.8573077470669621,0.818643987299996,,,,,,0.9813759718546782,0.9056532646532363,0.8642610295336911,0.8248442889109461,0.9624147358921422,0.9278077891816753,0.8975702154813402,0.9916161685873413,0.9741068202321844,0.9918891554782522,0.2842643221003054,,0.29266348351588406,0.3970353635443966,0.5839738544886963,0.66253447577084,0.7133559265420972,True,gaaf,3,0.01/pi,burgers,True,1234,0.88,MS_hard_burgers_n3_gaaf_s1234_r1
0.99972186160463,0.9782246838392433,0.899266981379002,0.8580295911410356,0.8186897041286244,,,,,,0.9812297442285025,0.905722071847888,0.8649410523385913,0.8248228898797713,0.9627817346870278,0.9288926383475298,0.8977234361063479,0.9919828552570155,0.9741920688466209,0.9917598313322072,0.28309366165175387,,0.29142694864439833,0.3962542562936545,0.5823071307591914,0.6596607422975741,0.7118734149459752,True,gaaf,3,0.01/pi,burgers,True,1234,0.92,MS_hard_burgers_n3_gaaf_s1234_r1
0.9997188388833881,0.9780700504449327,0.8994414310986365,0.8587449729512558,0.8188213429702836,,,,,,0.9810914449438697,0.905841367223424,0.8656143497000883,0.8248880523400043,0.9631597329843089,0.9299371600318951,0.8979247652696591,0.9923127987918821,0.9742688519529598,0.991624033280328,0.2821773577754912,,0.29044703875160494,0.39575268854172846,0.5808897238124731,0.657097781743653,0.7105766726210964,True,gaaf,3,0.01/pi,burgers,True,1234,0.96,MS_hard_burgers_n3_gaaf_s1234_r1
0.9997158204074748,0.9779254877041669,0.8996625204986989,0.859449419266929,0.8190337014132669,,,,,,0.9809618781918585,0.9060061456026716,0.8662761947797367,0.8250344476321676,0.9635451381767207,0.9309379214637503,0.8981718048401247,0.9926054120903075,0.9743375367136741,0.9914863448712977,0.28154916975905814,,0.28975798796933494,0.3955702808909348,0.5797829882701868,0.6549123651189308,0.7095040992867757,True,gaaf,3,0.01/pi,burgers,True,1234,1.0,MS_hard_burgers_n3_gaaf_s1234_r1
0.9778426794034276,0.9434505366581033,0.8998433604204138,0.8763050599229562,0.8509833189127443,,,,,,0.9872775454637899,0.9633714547097898,0.9402412200405706,0.9328858856357324,0.9897129942769471,0.9751129299834062,0.9638913272292768,0.9924350141920817,0.9858422057246896,0.9799747202056229,0.6394084174100831,,0.7625859418530725,0.8223359745289441,0.8530406321193372,0.8491640707665797,0.8814135888900273,True,gaaf,3,0.01/pi,burgers,False,2025,0.0,MS_hard_burgers_n3_gaaf_s2025
0.9776658219312021,0.9421825578072661,0.8955321888759391,0.8682545368175356,0.8410975835193589,,,,,,0.9869150483475182,0.9613598542805731,0.9365544285388137,0.9269062013406663,0.9890759035758939,0.9731453981710412,0.9607078393463178,0.9924385725593371,0.9849250640220086,0.9800249105268255,0.6040237032656461,,0.7352375172557546,0.8056565544075888,0.8423648964329509,0.8414581050988271,0.8735557453013943,True,gaaf,3,0.01/pi,burgers,False,2025,0.04,MS_hard_burgers_n3_gaaf_s2025
0.9774787985462241,0.9408597772249354,0.8909407898045418,0.8599257856394702,0.830890006827315,,,,,,0.9865644353273962,0.9591145590165969,0.9326280578519608,0.920336990340206,0.9883163276353487,0.9710129575569083,0.9572978376973874,0.9924629952328146,0.9839346222783689,0.9804893306272069,0.5694021793930554,,0.7072611954214477,0.788358440629827,0.831651143902975,0.8347083962359584,0.8660532561694914,True,gaaf,3,0.01/pi,burgers,False,2025,0.08,MS_hard_burgers_n3_gaaf_s2025
0.9772827777502998,0.9394833745374048,0.8861502232287032,0.8516055940896892,0.8206473828096154,,,,,,0.9862174373294692,0.9566787622434347,0.9286209859193372,0.9133726821371015,0.9874470962264783,0.9688740279598433,0.9538176957463014,0.9925553867641892,0.983021691309807,0.9814390375200746,0.5356268860010487,,0.6786334037332699,0.7701949755918747,0.8208251546710472,0.8289204762597446,0.8589929610641452,True,gaaf,3,0.01/pi,burgers,False,2025,0.12,MS_hard_burgers_n3_gaaf_s2025
0.9770790578567742,0.9380584706578804,0.881265881200954,0.8435291261082106,0.8106336745046203,,,,,,0.985864955146628,0.9541142726670344,0.9246522064734601,0.9061923335468399,0.986494082080555,0.9668496466885067,0.9503575531241376,0.9927433943965237,0.9822888923711008,0.9828787077520991,0.5027458708166297,,0.6492983796507064,0.7508579822723839,0.8096766973306316,0.8238701880478185,0.8522997759796793,True,gaaf,3,0.01/pi,burgers,False,2025,0.16,MS_hard_burgers_n3_gaaf_s2025
0.976869072761745,0.936595822192078,0.8764095969001618,0.8358521334851261,0.801071552687791,,,,,,0.9854995034353884,0.951498347674425,0.9207856976232685,0.8989501304885867,0.9854965729634462,0.964999883593898,0.9469295027980233,0.9930249442294702,0.9817434470935105,0.9847114355217406,0.4708100584248775,,0.6192053019733403,0.7299722026484953,0.797792262630381,0.8190476775114465,0.8457566260934941,True,gaaf,3,0.01/pi,burgers,False,2025,0.2,MS_hard_burgers_n3_gaaf_s2025
0.9766543673718323,0.9351126988752761,0.8717062523633843,0.8286137198177045,0.7921538686355994,,,,,,0.9851174225834877,0.9489162835321264,0.9169970379173529,0.8917976940515696,0.9845037266561478,0.9632900286299305,0.9435054976271148,0.9933371787668354,0.9812797007971203,0.9867192348734118,0.43993822322144954,,0.5884002672340958,0.707163390457134,0.7845464477201639,0.8136804588693973,0.8390854275544247,True,gaaf,3,0.01/pi,burgers,False,2025,0.24,MS_hard_burgers_n3_gaaf_s2025
0.9764365883726704,0.9336325184490432,0.8672690293428371,0.8217204607069906,0.7841026963686677,,,,,,0.9847202114916547,0.9464521487329854,0.9131517073184394,0.8849552597414168,0.9835679959808925,0.9615723386419492,0.9401143777764651,0.9935325606129711,0.9807187963558428,0.9885750868214936,0.4103721910025201,,0.5571264382673631,0.6821734394288405,0.7690844605510431,0.806699190001523,0.831925675355844,True,gaaf,3,0.01/pi,burgers,False,2025,0.28,MS_hard_burgers_n3_gaaf_s2025
0.976217478097232,0.932183083467274,0.8631872153840179,0.815068023924858,0.777310590428532,,,,,,0.984314572769918,0.9441798658569039,0.9091257479643035,0.8788749516858906,0.9827371472914206,0.9597002505503714,0.9370447889426831,0.993464290299333,0.9799842778808227,0.9899847871713543,0.38269485385777696,,0.526166237446678,0.6553322467546998,0.7506510487964448,0.7968752268563883,0.8237083016232613,True,gaaf,3,0.01/pi,burgers,False,2025,0.32,MS_hard_burgers_n3_gaaf_s2025
0.9759988412316601,0.9307938972346032,0.8595185313927453,0.8087718338293803,0.7723829084906743,,,,,,0.9839113125256039,0.9421555615310447,0.9050505564152899,0.8743063690708252,0.9820462462077568,0.9577542809737187,0.9349822473328316,0.9931545734141861,0.9793617884623874,0.9909804812313874,0.3584997323269429,,0.4978669784057247,0.629091776110008,0.7305103776227253,0.7845201659915998,0.8142757354560246,True,gaaf,3,0.01/pi,burgers,False,2025,0.36,MS_hard_burgers_n3_gaaf_s2025
0.9757825457156805,0.9294933583598634,0.8562867330433032,0.803120123316538,0.7695077266941517,,,,,,0.9835235714449526,0.9404119654476822,0.9012641520773029,0.8716068642792161,0.9815113977585842,0.9559955720545475,0.9343490845028016,0.9927543206166526,0.9791794092335154,0.9918102636952232,0.339948709019813,,0.4756635524779423,0.6079089444028808,0.7129766510068245,0.7731807122996934,0.8052932311056764,True,gaaf,3,0.01/pi,burgers,False,2025,0.4,MS_hard_burgers_n3_gaaf_s2025
0.9755704811623617,0.9283064324192369,0.8534844354832906,0.7982940689382857,0.7680558638319869,,,,,,0.9831649572716915,0.9389565696804579,0.8980053575055154,0.8702355473727398,0.9811277525191069,0.9545960651378219,0.9347054648372247,0.9923743460036385,0.9792633428715743,0.9924888537244011,0.32718574423091984,,0.46035106797860204,0.5934780270084041,0.7005254238494382,0.7654096553491135,0.7984834296886129,True,gaaf,3,0.01/pi,burgers,False,2025,0.44,MS_hard_burgers_n3_gaaf_s2025
0.9753645506598396,0.9272534087365284,0.851081529252827,0.7942894515089804,0.7673130717761766,,,,,,0.9828480812737957,0.9377754726766983,0.8953176065211566,0.8694972225485202,0.9808734071917151,0.9535621960288169,0.9354250691774485,0.992048307995129,0.9792870794676046,0.9929227058656126,0.3185339380219208,,0.4500454464751282,0.5840796739520248,0.6920768337095775,0.7605393383148774,0.7937489165806577,True,gaaf,3,0.01/pi,burgers,False,2025,0.48,MS_hard_burgers_n3_gaaf_s2025
0.9751666428418607,0.9263495764697716,0.8490364106478355,0.7910104733676968,0.7669002470496192,,,,,,0.9825836390114767,0.9368414278407723,0.8931395905834576,0.8690155197172753,0.9807172892491187,0.9528180512366935,0.9361700676432092,0.9917692616164069,0.9791044886093411,0.9930976916477032,0.312442629484641,,0.44284090862314013,0.5777111450386938,0.6859962210362155,0.7572663947998944,0.7903648744339978,True,gaaf,3,0.01/pi,burgers,False,2025,0.52,MS_hard_burgers_n3_gaaf_s2025
0.9749786067997157,0.9256056580051095,0.8473062260285297,0.7883549779383158,0.766662403317517,,,,,,0.9823800268611761,0.9361224170781425,0.8913936047975305,0.8686398267112974,0.9806270008436953,0.9522819931778973,0.9368108336931799,0.9915218104151962,0.9787031538501301,0.9930554865251447,0.30798398261037224,,0.43758314604510923,0.57313463584258,0.6812991477675511,0.7548262348929742,0.7878107515062318,True,gaaf,3,0.01/pi,burgers,False,2025,0.56,MS_hard_burgers_n3_gaaf_s2025
0.9748022185667412,0.9250285932280522,0.8458536815367038,0.7862456813401003,0.7665314960837608,,,,,,0.9822433349464312,0.9355879504721833,0.8900208125649793,0.8683087222565152,0.9805738884208137,0.9518953364685969,0.9372980227875323,0.9912954119892161,0.9781134178266436,0.9928529510177014,0.30462667376084435,,0.4336088992896728,0.569634751550033,0.6774496925574819,0.7528381200029125,0.7857806055978139,True,gaaf,3,0.01/pi,burgers,False,2025,0.6,MS_hard_burgers_n3_gaaf_s2025
0.9746391636670632,0.9246223884084136,0.8446502308878091,0.7846297899327267,0.7664697908577928,,,,,,0.9821775326696963,0.9352124409729601,0.8889835207370625,0.8679911373643148,0.9805350452100886,0.9516222721844044,0.9376086456067583,0.9910851095979589,0.9773679241264753,0.9925444399534157,0.30204172555765063,,0.4305020571308198,0.5667580921545841,0.6741104622966195,0.7510776158140979,0.7840846292908713,True,gaaf,3,0.01/pi,burgers,False,2025,0.64,MS_hard_burgers_n3_gaaf_s2025
0.9744909988436479,0.9243887957412847,0.8436766810965961,0.7834701564675467,0.766453169241793,,,,,,0.9821847228809344,0.9349764486532874,0.8882574642867711,0.8676680597851906,0.9804933749302025,0.9514417579771693,0.9377301865323977,0.9908884253637734,0.9764902117869095,0.9921747280072644,0.3000147745639319,,0.4279863235430441,0.5642008325602443,0.6710456212777596,0.7493893750939672,0.7826031532659388,True,gaaf,3,0.01/pi,burgers,False,2025,0.68,MS_hard_burgers_n3_gaaf_s2025
0.9743591407919345,0.9243278134000776,0.8429225945417584,0.7827377734226841,0.7664659882189983,,,,,,0.9822653807886342,0.9348668277497553,0.8878244395748751,0.8673266491155045,0.980436932755854,0.951340301960809,0.9376557236798226,0.9907026657719181,0.9754932927359726,0.9917771760049177,0.29840666878636307,,0.42587940404114266,0.5617627777510183,0.6680904422083263,0.7476673002730034,0.7812668253587614,True,gaaf,3,0.01/pi,burgers,False,2025,0.72,MS_hard_burgers_n3_gaaf_s2025
0.9742448158259004,0.9244379315780333,0.8423850672857328,0.7824071017017189,0.7664985820727449,,,,,,0.9824185571677784,0.9348763802665018,0.88766752726837,0.8669575960628534,0.9803582447769044,0.9513073970021168,0.9373816245063498,0.9905232746845767,0.9743806639067178,0.9913747700301245,0.2971302063690503,,0.42406594090327693,0.5593200995044908,0.6651347385553293,0.7458497400014762,0.7800427825396468,True,gaaf,3,0.01/pi,burgers,False,2025,0.76,MS_hard_burgers_n3_gaaf_s2025
0.9741490538837495,0.9247162904356763,0.8420675662410633,0.7824535753569631,0.7665454311155118,,,,,,0.9826420384598168,0.9350033888509541,0.8877683652075512,0.8665533588510451,0.9802539022784833,0.9513328461358392,0.9369058529518605,0.9903427016133967,0.9731474281678631,0.9909822498326087,0.2961333006309824,,0.4224769629424187,0.5568037086987895,0.6621073651669375,0.7439141119464497,0.7789230044151095,True,gaaf,3,0.01/pi,burgers,False,2025,0.8,MS_hard_burgers_n3_gaaf_s2025
0.9740726636484588,0.9251587184606986,0.841978741446943,0.7828520367722397,0.7666038475053986,,,,,,0.9829324783444191,0.9352510301257948,0.8881055043249293,0.8661070875802324,0.9801244067153377,0.9514050633240405,0.9362269283838868,0.9901493726789247,0.9717811964241204,0.9906082449141835,0.295386312860703,,0.4210736289544819,0.5541814134514723,0.6589613313876979,0.741869243774146,0.777914696877253,True,gaaf,3,0.01/pi,burgers,False,2025,0.84,MS_hard_burgers_n3_gaaf_s2025
0.9740161988353414,0.9257597181932757,0.8421311872074719,0.7835755035022524,0.7666732637119852,,,,,,0.9832855169449413,0.9356266128773435,0.8886532881449141,0.8656121900224858,0.9799741049359875,0.9515097875154997,0.9353435447560693,0.9899266795156588,0.9702628822680397,0.9902569429544795,0.29487232425511095,,0.4198342193082585,0.55144313820288,0.6556602740469096,0.7397459566865524,0.7770320416931624,True,gaaf,3,0.01/pi,burgers,False,2025,0.88,MS_hard_burgers_n3_gaaf_s2025
0.9739799565006505,0.9265125090300735,0.8425402947176527,0.7845945916558283,0.7667550579249883,,,,,,0.9836959047460149,0.9361406278319377,0.8893814253914848,0.8650623748943671,0.9798110888943802,0.9516293590031867,0.9342547641484249,0.989652313869663,0.9685677618400266,0.9899292809852094,0.2945801738459348,,0.41874407947872355,0.5485891767130574,0.6521674048433099,0.7375866976873408,0.7762892371825613,True,gaaf,3,0.01/pi,burgers,False,2025,0.92,MS_hard_burgers_n3_gaaf_s2025
0.9739639555731836,0.9274090566297862,0.843222832076212,0.7858774625068649,0.7668524215078538,,,,,,0.9841576358694941,0.9368054468058521,0.8902552911057601,0.8644517751085075,0.9796468256297873,0.9517426577543394,0.932960339855853,0.9892983114941138,0.9666669130442006,0.9896238160297087,0.2944988251054339,,0.4177871756393894,0.5456201387178424,0.6484370763064107,0.7354344899684434,0.7756942334477902,True,gaaf,3,0.01/pi,burgers,False,2025,0.96,MS_hard_burgers_n3_gaaf_s2025
0.9739679224181763,0.9284401521690573,0.8441954066978222,0.7873907934917473,0.7669701651729072,,,,,,0.9846640979610919,0.9376337509722489,0.8912373151846207,0.863775018748452,0.9794954548583452,0.9518260594406542,0.9314610056714359,0.9888322388220125,0.964529331547684,0.9893375297457213,0.2946129023402951,,0.41693909839543664,0.5425285603491385,0.6444096052764327,0.7333218753409438,0.7752433441265666,True,gaaf,3,0.01/pi,burgers,False,2025,1.0,MS_hard_burgers_n3_gaaf_s2025
0.9797763863639314,0.9419155392872104,0.9173044457351189,0.9598615484423721,0.902428643691167,,,,,,0.9877336932360529,0.9691997687199203,0.9825018340541504,0.9614680298399725,0.9913250851283497,0.9807850144038921,0.9835015745070828,0.9802076395478164,0.9835923220348104,0.9742430288243614,0.6698876720572756,,0.7840931107056085,0.8281014967765946,0.8201457653296542,0.7736417011136173,0.8432668121201536,True,gaaf,3,0.01/pi,burgers,False,777,0.0,MS_hard_burgers_n3_gaaf_s777
0.979591655333456,0.9403894975625267,0.9153311499324931,0.958656188860898,0.9002309840908501,,,,,,0.9871538634322716,0.9676295574950163,0.9829148524765753,0.9595889608246296,0.9910072312892403,0.9823745462192339,0.9830312687111079,0.9811603585861829,0.9832505933315975,0.9755692059670673,0.6345763421813602,,0.7584690313648177,0.8123306091422066,0.8075422997953234,0.7568644417817744,0.8318797158898555,True,gaaf,3,0.01/pi,burgers,False,777,0.04,MS_hard_burgers_n3_gaaf_s777
0.9793959187588236,0.938866909444651,0.913509853260454,0.956573421484878,0.897080068246793,,,,,,0.9865770730514345,0.966071118463012,0.9830779166158915,0.9572150134751339,0.9906271001924112,0.9841399042704874,0.9825339011099185,0.982345282707176,0.9830704178726698,0.9769718404190241,0.5996308664424628,,0.7320471437916558,0.7962426319242303,0.7951578502460203,0.7421732219615429,0.8211881650829859,True,gaaf,3,0.01/pi,burgers,False,777,0.08,MS_hard_burgers_n3_gaaf_s777
0.9791899315171549,0.9373561601343552,0.9119196428517882,0.953508438187735,0.8929143278838477,,,,,,0.9860150862352742,0.9645912740182302,0.9828568572506454,0.9542675511385651,0.9902106677372832,0.9860504818264384,0.9820102439004824,0.9838354408006939,0.9832156067806561,0.9784977076174767,0.5651635849420047,,0.7047406669139549,0.7796660506495474,0.78293482448277,0.7296102475589161,0.8113304950571979,True,gaaf,3,0.01/pi,burgers,False,777,0.12,MS_hard_burgers_n3_gaaf_s777
0.9789746142577201,0.9358749676052088,0.9106003088364397,0.9494040136266856,0.8877857521550185,,,,,,0.9854758288352004,0.9632359488843206,0.9821208166992329,0.9507146521251537,0.9897910326079986,0.9880516822658452,0.9814343699983491,0.985660418651696,0.9838063567630796,0.9801676194178245,0.531244563412442,,0.6764271077800961,0.7623023018815991,0.7708233052697079,0.7190813166690635,0.8023202055030176,True,gaaf,3,0.01/pi,burgers,False,777,0.16,MS_hard_burgers_n3_gaaf_s777
0.978751033929421,0.9344529011923354,0.9095517921950581,0.944246424084217,0.8818384439237789,,,,,,0.9849628690172118,0.9620304751966046,0.9807567048986314,0.9465779230022393,0.9894044127806119,0.9900505231526415,0.9807312446750146,0.9878150673332482,0.9848723599016185,0.9819630630814509,0.4979888534724606,,0.6470232727010702,0.7437296363356078,0.7587326260173384,0.7104076938723253,0.7940845177090451,True,gaaf,3,0.01/pi,burgers,False,777,0.2,MS_hard_burgers_n3_gaaf_s777
0.9785203868858425,0.9331283999994303,0.9087775607983818,0.938091824222732,0.8752600853368937,,,,,,0.9844772217700412,0.9610089569415552,0.9786902797737597,0.9419137451715717,0.9890896809378891,0.9918783751879965,0.979736519598481,0.9902495628899617,0.9862897427736139,0.9838082811595337,0.46559563704365836,,0.6165484322185221,0.7234170197320706,0.746350544811799,0.7032878572813457,0.7865003874587378,True,gaaf,3,0.01/pi,burgers,False,777,0.24,MS_hard_burgers_n3_gaaf_s777
0.9782839725750951,0.931938374004826,0.9083260633612473,0.9311119404564554,0.8682523743651582,,,,,,0.9840212030675346,0.9602473154104603,0.9759162163564443,0.9367919218787212,0.9888891653890423,0.9932478270562474,0.9781578240684705,0.9927891824762549,0.9876763426360884,0.9855771977218348,0.4343395482453823,,0.5851729297024011,0.7007550437068527,0.732834802216545,0.6971581875179965,0.7793313992662793,True,gaaf,3,0.01/pi,burgers,False,777,0.28,MS_hard_burgers_n3_gaaf_s777
0.9780431742252939,0.9309037183659464,0.9082726403485144,0.9236433205924961,0.8611442902036164,,,,,,0.983601718758173,0.9598578014630996,0.9725453377698017,0.9313918587775465,0.9888483417264493,0.9937746705828946,0.9756883937098806,0.9949880194226993,0.9883285227572871,0.9871409912368206,0.40480525947334606,,0.5535914881396734,0.6755014677478232,0.7167918495044567,0.6911174083707612,0.7720270144673007,True,gaaf,3,0.01/pi,burgers,False,777,0.32,MS_hard_burgers_n3_gaaf_s777
0.9777994274247497,0.9300195356689318,0.908670834530898,0.916307473900613,0.8547443678026607,,,,,,0.9832296477540743,0.9599540093138671,0.9689548600506147,0.9263805243805402,0.9890220631574012,0.9932735053340104,0.9725919025467248,0.9962118826498096,0.9877094123886556,0.988420948016288,0.3786886684895199,,0.5242249640436802,0.6495476600616763,0.6979789841166253,0.6845000556011374,0.7639055284694787,True,gaaf,3,0.01/pi,burgers,False,777,0.36,MS_hard_burgers_n3_gaaf_s777
0.9775541991857203,0.9292578660909576,0.9095192711425036,0.9099927520833858,0.8502576059554265,,,,,,0.9829151473119837,0.9606054791923353,0.9658697123998066,0.9229570108815005,0.9894585882877348,0.9922211109098044,0.9701040824629059,0.99632514935877,0.9864654254002054,0.989408043099054,0.3585685023947083,,0.501106117288171,0.6277017416135224,0.6797794945574942,0.6781484539421321,0.7554719752536562,True,gaaf,3,0.01/pi,burgers,False,777,0.4,MS_hard_burgers_n3_gaaf_s777
0.9773089626668989,0.9285813952934174,0.9107145020630043,0.905136075808511,0.8478872962692255,,,,,,0.9826628033462221,0.9617642161857539,0.9637405363526383,0.9214575818925115,0.9901321456982348,0.9913085568062289,0.9689154901784525,0.9959063088924829,0.9855274639578854,0.9901267534483216,0.3447168760305629,,0.4853279594488074,0.6122563196176283,0.6650767819557892,0.6730563854119019,0.7479530482184192,True,gaaf,3,0.01/pi,burgers,False,777,0.44,MS_hard_burgers_n3_gaaf_s777
0.9770651807565122,0.9279577045596092,0.9120566427700071,0.9014028684659454,0.8467330818327908,,,,,,0.9824700119689733,0.9632565229609319,0.9623626979303851,0.9210967487178757,0.990935333540653,0.9907028118049309,0.968529531843194,0.9954460435071517,0.9849299107285006,0.9906238486582284,0.3351334136822233,,0.47466265942372005,0.6014685153004463,0.6533381779223439,0.6690810334996623,0.7416985499068283,True,gaaf,3,0.01/pi,burgers,False,777,0.48,MS_hard_burgers_n3_gaaf_s777
0.9768242875716423,0.9273652366460883,0.9133370331148546,0.898298806427128,0.8460467694801209,,,,,,0.982328292478972,0.964871621474515,0.9613711272750397,0.9211881619758263,0.9917487893220994,0.9902745529305854,0.9684152357974531,0.9950890033985781,0.984476291331558,0.9909695663989367,0.32810150992891757,,0.4670316652343017,0.5933969869982914,0.6435283116562139,0.6659210946043422,0.7365618674114878,True,gaaf,3,0.01/pi,burgers,False,777,0.52,MS_hard_burgers_n3_gaaf_s777
0.9765876767750405,0.9267912229025662,0.9144045647718688,0.895499180579975,0.8454871312952814,,,,,,0.9822256548049693,0.9664375745413224,0.9605243555431278,0.9214180109201634,0.9924880035029673,0.9899033224537925,0.9683415118950616,0.9948344512306864,0.984082331221546,0.991222224187269,0.3226777241062345,,0.46129160144901626,0.5869840605383184,0.6351507437547563,0.6634350831967921,0.7323501711100641,True,gaaf,3,0.01/pi,burgers,False,777,0.56,MS_hard_burgers_n3_gaaf_s777
0.9763566982986546,0.9262272875887994,0.9151748846436776,0.8928323668976543,0.8449215438537928,,,,,,0.982149002753804,0.9678425722386649,0.9596943960462835,0.9216604824150485,0.9931097416030369,0.98952996204559,0.9682373136065682,0.9946576039090134,0.9837318839953956,0.9914206104380378,0.3183506849313203,,0.4568297818341274,0.5817021676627205,0.6280014565952965,0.6615526946419419,0.7289029680692968,True,gaaf,3,0.01/pi,burgers,False,777,0.6,MS_hard_burgers_n3_gaaf_s777
0.9761326430436853,0.9256669523301665,0.9156121478520477,0.8902148430638646,0.8443006555460951,,,,,,0.9820863271479855,0.9690251553233072,0.9588178611064783,0.9218627097757766,0.9936019580404566,0.9891358490434634,0.9680939118928954,0.9945385442055588,0.9834302830526047,0.9915896534732392,0.31480504146347194,,0.453267751192104,0.5772582301012918,0.6219623250697821,0.6602074127268304,0.7260817099338507,True,gaaf,3,0.01/pi,burgers,False,777,0.64,MS_hard_burgers_n3_gaaf_s777
0.9759167521603802,0.9251057642162697,0.9157093035920054,0.8876091261165673,0.8436085336034992,,,,,,0.982028487958832,0.9699576785963598,0.9578651905172008,0.922001098154693,0.9939717768273169,0.9887209763066707,0.9679252007336434,0.9944632358511057,0.9831873190779593,0.9917453444076906,0.31182439380112137,,0.4503417519520407,0.5734673894424902,0.6169343350350595,0.6593237477726532,0.7237637434088392,True,gaaf,3,0.01/pi,burgers,False,777,0.68,MS_hard_burgers_n3_gaaf_s777
0.9757102045180164,0.9245426931221192,0.9154750004431865,0.8850012861463318,0.8428427658062424,,,,,,0.9819703451313491,0.9706330185468715,0.9568244463597558,0.9220646105592145,0.9942359699113922,0.9882905218068734,0.9677505279137704,0.9944211424358689,0.9830116788610138,0.9918976542891575,0.30925533441672126,,0.44786108482250864,0.5702041824005852,0.6128268986002102,0.6588265283847557,0.7218454695029158,True,gaaf,3,0.01/pi,burgers,False,777,0.72,MS_hard_burgers_n3_gaaf_s777
0.9755141213551783,0.92398148468121,0.9149265672852942,0.88238978508512,0.8420053542241858,,,,,,0.9819111159661918,0.9710560267646495,0.9556934212335477,0.9220471513558793,0.9944143155071488,0.9878484355773837,0.9675857086881675,0.9944040394720847,0.9829085873243183,0.9920521232126628,0.3069919447497014,,0.44569128856026297,0.5673806873858134,0.6095595029210759,0.6586512728417977,0.7202470939563116,True,gaaf,3,0.01/pi,burgers,False,777,0.76,MS_hard_burgers_n3_gaaf_s777
0.9753295588807758,0.9234311787320397,0.9140866551692307,0.8797799786180973,0.841098068314671,,,,,,0.9818539995683542,0.9712385115726708,0.9544759598787703,0.9219436608634959,0.994525243894658,0.9873953673155138,0.9674381138201739,0.9944056120999025,0.9828785205026457,0.9922108243790027,0.30496662614545705,,0.4437441581771943,0.564934298559012,0.607063334413527,0.6587502182687337,0.7189156222742685,True,gaaf,3,0.01/pi,burgers,False,777,0.8,MS_hard_burgers_n3_gaaf_s777
0.9751575122138773,0.9229056495762638,0.9129817920223176,0.8771809614551965,0.8401204200429849,,,,,,0.9818052288951411,0.9711965370313871,0.9531799545798827,0.9217483992264637,0.994583294890259,0.9869286427305096,0.9673046443308267,0.9944210972679126,0.9829167566031348,0.9923732025386054,0.3031422390521425,,0.4419688035451985,0.5628190028774535,0.6052802600317847,0.6590937719362829,0.7178244225015425,True,gaaf,3,0.01/pi,burgers,False,777,0.84,MS_hard_burgers_n3_gaaf_s777
0.9749989057909453,0.9224223432463623,0.9116416468916078,0.8746031900814818,0.8390692941689626,,,,,,0.9817728049685238,0.9709490147281876,0.9518157342503433,0.9214545925663595,0.9945979209862882,0.9864427905704863,0.967171819143971,0.9944467220982021,0.9830137376572726,0.9925369405126746,0.30150460637680576,,0.440342992778099,0.5609986299032018,0.6041600562623973,0.6596689258591513,0.716969845823348,True,gaaf,3,0.01/pi,burgers,False,777,0.88,MS_hard_burgers_n3_gaaf_s777
0.9748545961417565,0.9220005983078435,0.9100984029734726,0.872056619995411,0.8379397467617867,,,,,,0.9817651763247012,0.9705169399073378,0.9503945652889174,0.9210549786467677,0.9945732811769794,0.9859299994335644,0.9670174733438343,0.994479081079563,0.9831561762374909,0.9926988223491046,0.3000570132708656,,0.4388668410053352,0.559443794088093,0.6036588743851258,0.6604774882198755,0.7163670253562747,True,gaaf,3,0.01/pi,burgers,False,777,0.92,MS_hard_burgers_n3_gaaf_s777
0.9747253665008095,0.9216598629988209,0.9083859464483554,0.8695493980837026,0.8367262199402279,,,,,,0.9817900979719709,0.9699228444861566,0.9489273407616434,0.9205426469641665,0.9945086937879246,0.9853803772150003,0.9668133183092876,0.9945146063531923,0.9833284457392342,0.9928554955972365,0.29881597938161203,,0.4375580618021051,0.558131311484172,0.6037384766564183,0.6615339951972171,0.7160451599055704,True,gaaf,3,0.01/pi,burgers,False,777,0.96,MS_hard_burgers_n3_gaaf_s777
0.9746119220117627,0.9214181496034728,0.9065389444117677,0.8670875716837624,0.8354237682005651,,,,,,0.981853835856314,0.9691902670429384,0.9474238685991796,0.9199118445986421,0.9943994672270208,0.9847822645302426,0.9665278470250819,0.9945492841503496,0.9835139388688197,0.9930040023589355,0.29780947916033446,,0.4364500412554556,0.5570470104173496,0.6043677517235838,0.662864517560986,0.7160441651515103,True,gaaf,3,0.01/pi,burgers,False,777,1.0,MS_hard_burgers_n3_gaaf_s777
0.9870558732717192,0.9318130742245467,0.9293605022214206,0.9098133281496107,0.7933679133019789,,,,,,0.9778155272788985,0.9737886442697067,0.9503096063117292,0.8715177480878046,0.99592882850528,0.9700868904746016,0.9408371158558432,0.9836512027408921,0.9506683223998968,0.9534176860035115,0.8397027826952957,,0.9009558051896701,0.9441005673570622,0.9466771008066232,0.9435903361998342,0.9779505897394695,True,gaaf,4,0.01/pi,burgers,False,1234,0.0,MS_hard_burgers_n4_gaaf_s1234
0.9870833990526287,0.9319322926700723,0.9293981408358406,0.909807004713695,0.793398956551623,,,,,,0.9778488596066437,0.9737983756794548,0.9503277068500884,0.8715244891304756,0.9959688895503966,0.9701963093365907,0.9408870669552197,0.9836748439428759,0.9506955006262406,0.9534906818756232,0.8396089317794796,,0.9009848658323811,0.9443626313387066,0.9468582663261151,0.9437820919253466,0.9781548846850376,True,gaaf,4,0.01/pi,burgers,False,1234,0.04,MS_hard_burgers_n4_gaaf_s1234
0.9871095062942764,0.9320447865192549,0.9294320257020913,0.9097992194031166,0.7934212323325398,,,,,,0.9778801382170075,0.9738067506155471,0.950344778317516,0.8715261157184248,0.9960072439164915,0.9703019759979775,0.940933125129366,0.9836979717487097,0.9507193249691652,0.9535587516605917,0.8395115112820216,,0.9010089393400817,0.9446141294198555,0.9470308640184437,0.9439645018912727,0.9783517330171374,True,gaaf,4,0.01/pi,burgers,False,1234,0.08,MS_hard_burgers_n4_gaaf_s1234
0.9871341992932555,0.9321505655534473,0.9294621762843907,0.9097900144812564,0.793434820185796,,,,,,0.9779093638727457,0.9738137811953986,0.9503608591593071,0.8715226869747518,0.9960438989591941,0.9704039224881243,0.9409753302792571,0.9837206010125374,0.9507398273706562,0.9536219155391689,0.8394105955314265,,0.9010280873845241,0.9448551081785769,0.9471949194128173,0.9441375593114263,0.978541136714844,True,gaaf,4,0.01/pi,burgers,False,1234,0.12,MS_hard_burgers_n4_gaaf_s1234
0.9871574759318443,0.932249626080389,0.9294885963927259,0.9097794081559577,0.793439715317992,,,,,,0.9779365375262987,0.9738194758686528,0.9503759743129513,0.8715142037521993,0.9960788593862933,0.9705021728088169,0.9410136745053813,0.9837427440075868,0.9507570031177809,0.9536801705651117,0.8393061515546865,,0.9010422779554825,0.9450855176381505,0.9473503927594791,0.9443012253672669,0.9787230917785186,True,gaaf,4,0.01/pi,burgers,False,1234,0.16,MS_hard_burgers_n4_gaaf_s1234
0.9871793411795758,0.932341972075094,0.9295112882494673,0.9097674388001051,0.793435946240424,,,,,,0.97796165561681,0.9738238359097019,0.9503901619755788,0.8715006919000613,0.9961121323211138,0.9705967633761587,0.9410481929198246,0.983764415881964,0.9507708811216878,0.9537335195398385,0.8391982331169255,,0.901051575847236,0.9453054392456698,0.9474973453420558,0.9444555155253777,0.9788976154283213,True,gaaf,4,0.01/pi,burgers,False,1234,0.2,MS_hard_burgers_n4_gaaf_s1234
0.9871997969758854,0.9324276167848763,0.929530282787485,0.9097541470990261,0.7934236039251629,,,,,,0.977984723730455,0.9738268801778089,0.9504034515545777,0.8714822126219057,0.9961437218505179,0.9706877090159707,0.9410789056420569,0.9837856258417542,0.9507814802107882,0.9537819868359638,0.8390869364025063,,0.9010560326781798,0.9455148622988803,0.9476357693941357,0.9446004223858456,0.9790646944301287,True,gaaf,4,0.01/pi,burgers,False,1234,0.24,MS_hard_burgers_n4_gaaf_s1234
0.987218843229795,0.9325065525303898,0.9295455679143618,0.9097395516542731,0.7934026311301628,,,,,,0.9780057379574747,0.9738286067211047,0.9504158724136285,0.87145873229118,0.9961736335473104,0.9707750417970302,0.9411058032542707,0.9838063873065463,0.9507887891349527,0.9538255443513834,0.8389721699816043,,0.9010555985001337,0.9457137770879116,0.9477656402946327,0.9447358907484369,0.9792243360979876,True,gaaf,4,0.01/pi,burgers,False,1234,0.28,MS_hard_burgers_n4_gaaf_s1234
0.9872364823970953,0.9325787894321208,0.9295571691919963,0.9097236916583802,0.7933731732397225,,,,,,0.9780247014223921,0.9738290308176362,0.950427454298537,0.8714303614240004,0.9962018717055061,0.9708587793286643,0.9411289509261124,0.9838267098695858,0.9507928659452068,0.9538642421048109,0.8388541176393398,,0.9010504134012094,0.9459022642638817,0.9478870356136067,0.9448619853821503,0.9793765531757828,True,gaaf,4,0.01/pi,burgers,False,1234,0.32,MS_hard_burgers_n4_gaaf_s1234
0.9872527176518281,0.9326443303020664,0.9295650897588982,0.9097065943862093,0.7933352160394064,,,,,,0.9780416119886826,0.9738281549977363,0.9504382240560302,0.8713970853180666,0.9962284420692434,0.9709389468807635,0.9411483419790441,0.9838466026829917,0.9507937016459386,0.9538980641226713,0.8387327292032979,,0.9010404367547385,0.9460802950880155,0.9479999106240474,0.9449786388850889,0.979521331411982,True,gaaf,4,0.01/pi,burgers,False,1234,0.36,MS_hard_burgers_n4_gaaf_s1234
0.9872675479145562,0.932703168624572,0.9295693248296796,0.9096882692165821,0.7932887354323416,,,,,,0.9780564676011455,0.9738259796063733,0.9504481981223043,0.8713588915242435,0.9962533461100745,0.9710155623527009,0.9411639729109771,0.9838660771122312,0.9507912952530629,0.9539270006902447,0.8386080179890675,,0.9010256879943919,0.9462478854097427,0.9481042783785765,0.9450858484417507,0.9796586767128084,True,gaaf,4,0.01/pi,burgers,False,1234,0.4,MS_hard_burgers_n4_gaaf_s1234
0.9872809780682568,0.932755324596581,0.9295699094939774,0.9096687680938379,0.7932338944384495,,,,,,0.9780692740695996,0.9738225238451015,0.9504574126852426,0.8713159003334243,0.9962765887026355,0.9710886415927458,0.9411759084558736,0.9838851395469173,0.950785702243512,0.9539511007479583,0.8384801328076209,,0.9010062793987965,0.9464050984403928,0.9482001920833033,0.9451836583447626,0.9797886034325484,True,gaaf,4,0.01/pi,burgers,False,1234,0.44,MS_hard_burgers_n4_gaaf_s1234
0.9872930035088925,0.9328007746437366,0.9295668091512915,0.9096480680632327,0.7931705353255986,,,,,,0.9780800238075736,0.973817774410489,0.950465869192723,0.8712679993797824,0.9962981721795554,0.9711582062746632,0.9411840880948448,0.9839037996553401,0.9507768709842476,0.953970312147727,0.8383488911967122,,0.900982078261359,0.9465518503134124,0.9482875607075968,0.9452719573442008,0.9799110900384256,True,gaaf,4,0.01/pi,burgers,False,1234,0.48,MS_hard_burgers_n4_gaaf_s1234
0.9873036303737222,0.9328395422570693,0.9295600683591017,0.9096262394270304,0.7930988655449952,,,,,,0.978088722824474,0.9738117534985694,0.9504736093401852,0.871215341636006,0.9963181006324526,0.9712242673477463,0.9411886010823916,0.9839220616632625,0.9507648742449466,0.9539846913786583,0.8382145350724433,,0.9009532717708311,0.9466882617046245,0.9483664901612596,0.9453508385278727,0.9800261614681396,True,gaaf,4,0.01/pi,burgers,False,1234,0.52,MS_hard_burgers_n4_gaaf_s1234
0.9873128565824584,0.9328716082329179,0.9295496560006151,0.9096032573484036,0.7930187633864118,,,,,,0.9780953628995964,0.9738044473450493,0.9504806310964564,0.8711578409041708,0.9963363755922442,0.9712868424022864,0.9411894050336921,0.9839399344458443,0.9507496769345208,0.9539942021688134,0.8380769217031422,,0.9009197613469585,0.9468142782358417,0.948436916718032,0.9454202226240133,0.9801338087270377,True,gaaf,4,0.01/pi,burgers,False,1234,0.56,MS_hard_burgers_n4_gaaf_s1234
0.9873206841254878,0.9328969834785171,0.9295356003044644,0.9095791642751642,0.7929303620046021,,,,,,0.9780999480637311,0.9737958714691677,0.9504869623641014,0.8710955923308669,0.9963529976864668,0.9713459377981457,0.9411865427479483,0.9839574231165004,0.9507313171893417,0.9539988793573332,0.837936177569745,,0.9008816263526386,0.9469299161633151,0.9484988518960363,0.9454801143225912,0.9802340221972562,True,gaaf,4,0.01/pi,burgers,False,1234,0.6,MS_hard_burgers_n4_gaaf_s1234
0.9873271128785747,0.9329156626630069,0.9295178881970175,0.9095539636677373,0.7928336240021449,,,,,,0.9781024754879698,0.9737860213038496,0.9504926141619997,0.8710285774343995,0.9963679710441206,0.9714015697904245,0.9411800179220098,0.9839745305785335,0.9507097951626909,0.9539987128692832,0.8377923071152038,,0.9008389010435695,0.9470352371768505,0.9485523388182578,0.9455305400233751,0.9803268237023954,True,gaaf,4,0.01/pi,burgers,False,1234,0.64,MS_hard_burgers_n4_gaaf_s1234
0.9873321444823338,0.9329276547262474,0.9294965405317817,0.9095276781673703,0.7927286118558547,,,,,,0.9781029483634395,0.9737749077544355,0.9504976022474686,0.8709568349508375,0.996381295543564,0.9714537462478,0.941169837947378,0.9839912645012922,0.9506851174092329,0.9539937128676972,0.8376453261420139,,0.9007915785447035,0.9471302015912434,0.9485973314644731,0.9455714475232836,0.9804122000605888,True,gaaf,4,0.01/pi,burgers,False,1234,0.68,MS_hard_burgers_n4_gaaf_s1234
0.9873357766636693,0.9329329395705958,0.9294715331754667,0.9095003007995224,0.7926152934635475,,,,,,0.9781013581604288,0.9737625203019916,0.950501927313076,0.8708803486763805,0.9963929715104559,0.9715024682834923,0.9411560058782348,0.9840076234291057,0.9506572893167193,0.9539838732123963,0.8374952172935942,,0.900739663436063,0.9472148342683497,0.9486338440309314,0.9456028414518337,0.980490159370829,True,gaaf,4,0.01/pi,burgers,False,1234,0.72,MS_hard_burgers_n4_gaaf_s1234
0.9873380117826659,0.9329315280762888,0.9294428852883776,0.9094718594684047,0.7924937454849682,,,,,,0.9780977082346083,0.9737488686109645,0.9505056113242539,0.8707991772459467,0.9964029999821921,0.9715477489418446,0.9411385552354126,0.984023613371709,0.9506263329737699,0.953969211007701,0.8373420808086023,,0.9006832338859945,0.947289178756212,0.9486619021583196,0.9456247275607024,0.9805607012147549,True,gaaf,4,0.01/pi,burgers,False,1234,0.76,MS_hard_burgers_n4_gaaf_s1234
0.9873388478270363,0.9329234097212413,0.9294105807728323,0.9094423454257367,0.7923639239172537,,,,,,0.978091995084304,0.9737339462641514,0.9505086513653854,0.8707132858679367,0.9964113812431926,0.9715895883636998,0.94111745883107,0.9840392341796661,0.9505922303618229,0.9539497109374129,0.837185829266416,,0.9006222220196266,0.9473531830717973,0.9486814479545856,0.9456370580909534,0.9806238215068018,True,gaaf,4,0.01/pi,burgers,False,1234,0.8,MS_hard_burgers_n4_gaaf_s1234
0.9873382866618907,0.9329085856980477,0.9293746258450392,0.9094117612888758,0.7922258516525323,,,,,,0.9780842171372314,0.9737177554117079,0.9505110517244151,0.8706226901691818,0.9964181147645864,0.9716279904249872,0.9410927277102533,0.9840544883477013,0.9505549913193867,0.9539253870129609,0.8370265261872113,,0.900556687476547,0.9474069011190486,0.948692526179314,0.9456398638105753,0.9806795365373656,True,gaaf,4,0.01/pi,burgers,False,1234,0.84,MS_hard_burgers_n4_gaaf_s1234
0.9873363237644021,0.9328870417456342,0.9293350113478901,0.9093801248706811,0.7920795825850178,,,,,,0.9780743719176341,0.9737002954566946,0.9505128270142922,0.8705274455053733,0.9964231999333811,0.9716629557537704,0.941064401743356,0.9840693743142932,0.9505146433163212,0.9538962433281624,0.8368642280896552,,0.9004866815304593,0.9474503558032936,0.9486951349219488,0.945633126622173,0.9807278316339312,True,gaaf,4,0.01/pi,burgers,False,1234,0.88,MS_hard_burgers_n4_gaaf_s1234
0.9873329645616999,0.9328587896150544,0.9292917438015939,0.9093474307423115,0.7919250961864678,,,,,,0.9780624592399736,0.9736815643718545,0.9505139711258365,0.8704275188608205,0.9964266358973404,0.9716944840152005,0.941032449641045,0.984083892581574,0.9504711631837937,0.9538622737281938,0.8366988867742043,,0.9004121549611236,0.9474835087749456,0.9486892300063404,0.9456168122447338,0.9807687089689326,True,gaaf,4,0.01/pi,burgers,False,1234,0.92,MS_hard_burgers_n4_gaaf_s1234
0.9873282049260412,0.9328238151895165,0.929244817811259,0.9093136863882361,0.7917624429561643,,,,,,0.9780484762184553,0.9736615633043811,0.9505144911406717,0.8703229604836256,0.9964284213696958,0.9717225721983337,0.9409969058253217,0.984098041793371,0.9504245794101767,0.9538234952190446,0.8365305794523827,,0.9003331925999579,0.9475064343981825,0.9486748703905865,0.9455909664464379,0.9808021909612781,True,gaaf,4,0.01/pi,burgers,False,1234,0.96,MS_hard_burgers_n4_gaaf_s1234
0.9873220440898615,0.932782112691611,0.9291942245244472,0.9092788809489253,0.7915916028978245,,,,,,0.9780324204142852,0.9736402869006234,0.9505143796153274,0.8702137545088571,0.9964285538848904,0.97174721343141,0.9409577589306263,0.9841118175473162,0.9503748818145914,0.9537798986255848,0.8363592841430465,,0.9002497688629529,0.9475190979325847,0.9486520089393857,0.9455555400995609,0.9808282569211282,True,gaaf,4,0.01/pi,burgers,False,1234,1.0,MS_hard_burgers_n4_gaaf_s1234
0.9848367816569134,0.9320015920633853,0.8965251990195628,0.7821234726827738,0.7959294355764452,,,,,,0.9759224585386745,0.9143742839438308,0.8214175304598449,0.8639039982662318,0.9320224406291145,0.873360700892686,0.9318626696644545,0.9661412612904849,0.8860007680003926,0.9143903194790848,0.6467076221556949,,0.7490405138294002,0.8247758288499546,0.7113836586240411,0.7648790427351883,0.9165365812027213,True,gaaf,4,0.01/pi,burgers,True,1234,0.0,MS_hard_burgers_n4_gaaf_s1234_r1
0.9846313490253682,0.9313580365667228,0.8986562446251974,0.7772508294505379,0.7859802714363355,,,,,,0.9759413622112141,0.917594676795036,0.8189266033587861,0.8573951596074241,0.9352019019408354,0.8728563627259139,0.9296313003539044,0.9631252845235015,0.882373335016373,0.9123530504374632,0.6114231953248619,,0.7206930654784315,0.8086754634664962,0.6952244249955508,0.7586596608489776,0.9139836112866737,True,gaaf,4,0.01/pi,burgers,True,1234,0.04,MS_hard_burgers_n4_gaaf_s1234_r1
0.9844252195342778,0.9307413818357098,0.9024742358965842,0.7754818636694358,0.7767270277690115,,,,,,0.975971541775845,0.9225307519328785,0.8195760891840524,0.8510138408334454,0.9396588564488981,0.875069098500305,0.9272795219437862,0.9601663151561016,0.8801790659797086,0.9128569524684808,0.576564390480303,,0.6916228636016036,0.7917438474812551,0.6810899521883499,0.756604080315968,0.9115414243920116,True,gaaf,4,0.01/pi,burgers,True,1234,0.08,MS_hard_burgers_n4_gaaf_s1234_r1
0.9842188652725573,0.9301466186794807,0.9080091972493599,0.7766690809157482,0.7681846359261942,,,,,,0.9760090613721727,0.929214571966213,0.8232164623559103,0.844750516065318,0.9454211054262058,0.8800036121457884,0.9247444208972829,0.957215210202356,0.8793312433443967,0.9160101046966711,0.5423708369739991,,0.6619621783334887,0.7738746238537801,0.6688321849535585,0.7585540660347921,0.9091824163973811,True,gaaf,4,0.01/pi,burgers,True,1234,0.12,MS_hard_burgers_n4_gaaf_s1234_r1
0.9840127618701988,0.9295660907231797,0.91513333479739,0.780437401235053,0.7603438315832631,,,,,,0.9760470098251439,0.9375244679336977,0.8294148421208819,0.8385708746574201,0.9524098305134286,0.8873799515250673,0.921919205933793,0.9542250265086833,0.8796775342796723,0.9217482919951653,0.5090224975314711,,0.6318053511901828,0.7548738577612588,0.6580691527679766,0.7639504453869533,0.9068023227763317,True,gaaf,4,0.01/pi,burgers,True,1234,0.16,MS_hard_burgers_n4_gaaf_s1234_r1
0.9838074016136404,0.9289915085131808,0.9234316935384602,0.7862025086954049,0.753231234812076,,,,,,0.9760770757124518,0.9470600628756103,0.8374541790834463,0.8324709189328943,0.9603358956849676,0.8965489665608507,0.9186772274090355,0.9511938281518822,0.8809900810067889,0.9297905430955523,0.4766674232275103,,0.6012388522260684,0.7344727148824748,0.6481062982090058,0.7717397752534417,0.9042080477684006,True,gaaf,4,0.01/pi,burgers,True,1234,0.2,MS_hard_burgers_n4_gaaf_s1234_r1
0.9836032850541162,0.9284165417672335,0.9320472833624586,0.7932115394919598,0.7470598924784151,,,,,,0.9760917799547588,0.9569912572997391,0.8463491084821835,0.8266258888904084,0.9685692281529725,0.9063782230283045,0.9149720283748166,0.9482195809112225,0.8829974081417542,0.9395352596471978,0.4454483583664407,,0.5703764972542745,0.7123470499548248,0.6378493646547378,0.7801304514308534,0.9010723122845072,True,gaaf,4,0.01/pi,burgers,True,1234,0.24,MS_hard_burgers_n4_gaaf_s1234_r1
0.9834009325099083,0.9278393845715971,0.9397011721891343,0.8007499241326758,0.7425352107106244,,,,,,0.9760867729606102,0.9660752143751284,0.8550606943994076,0.8217271566594996,0.9761475975174236,0.9153425405838612,0.9111480521324928,0.9455952747391747,0.8855790678505381,0.9498798250256923,0.4155542293657386,,0.5394304676320576,0.6881762338798684,0.6258550454143003,0.7861525992229803,0.8967452915872981,True,gaaf,4,0.01/pi,burgers,True,1234,0.28,MS_hard_burgers_n4_gaaf_s1234_r1
0.9832008765486094,0.9272643088905563,0.9451938486175744,0.8085866152771125,0.7410911295550285,,,,,,0.9760624113276547,0.9731372885733885,0.8631201516203255,0.8193349164617121,0.982173051564873,0.9223087092906749,0.9084402752581794,0.9438940920211375,0.8891184052346018,0.9591937870769437,0.3874751680278604,,0.509055426245919,0.6620532805833056,0.610930393146782,0.7856338392420484,0.8898537804037386,True,gaaf,4,0.01/pi,burgers,True,1234,0.32,MS_hard_burgers_n4_gaaf_s1234_r1
0.9830036651104765,0.9267015188352419,0.9481407034426257,0.8170621181563907,0.744206888130125,,,,,,0.9760239569022624,0.9777743616710526,0.8710498634269896,0.8212942281213514,0.9863720836505522,0.9276246660025298,0.9087526693867777,0.9437367337794443,0.8944163186357591,0.9660895876863461,0.36273219751598,,0.48137108103233983,0.6359969732885665,0.5938987307395798,0.7757768402578137,0.8786419501746169,True,gaaf,4,0.01/pi,burgers,True,1234,0.36,MS_hard_burgers_n4_gaaf_s1234_r1
0.9828098626962577,0.9261651951353946,0.9490330681532697,0.8262093679352773,0.7515602445478213,,,,,,0.9759802956581034,0.9804092570841663,0.8794462556000666,0.8276708821524034,0.9890954596816123,0.9325671974283278,0.9126689805870005,0.94514953371138,0.9014635758416583,0.9705470118142799,0.3437462814647691,,0.45990959531805436,0.6146263398507746,0.5787688841979595,0.7599036850999213,0.8637507512511036,True,gaaf,4,0.01/pi,burgers,True,1234,0.4,MS_hard_burgers_n4_gaaf_s1234_r1
0.9826200424492324,0.9256702743576938,0.9486246508084398,0.8352206741610323,0.7608116832559481,,,,,,0.975941596393505,0.9817113160140519,0.8879836303945339,0.8362739387028468,0.990836448755185,0.9377205458779636,0.9185689672605365,0.9474428132109448,0.9089073301001331,0.9734777518293289,0.33087601431337205,,0.44563312933707533,0.6001880198587839,0.5682667698580928,0.7440658729643116,0.8484048756241547,True,gaaf,4,0.01/pi,burgers,True,1234,0.44,MS_hard_burgers_n4_gaaf_s1234_r1
0.9824347837163774,0.9252290658462777,0.9475066637043712,0.8432298022353146,0.7698535934893063,,,,,,0.9759167799463464,0.9822069312497165,0.895996741835168,0.8450086373459594,0.9919552229201017,0.9429657620421065,0.9247441001715815,0.949984348811793,0.91560016166205,0.9757321858751777,0.3221942691135143,,0.4363550340073277,0.5908225382629049,0.5614313539095812,0.730920281484121,0.8346596549200174,True,gaaf,4,0.01/pi,burgers,True,1234,0.48,MS_hard_burgers_n4_gaaf_s1234_r1
0.9822546766802944,0.9248487395491856,0.9460593899495388,0.8498756671590237,0.7777105282103784,,,,,,0.9759115805569257,0.9822423173577443,0.9031343893203605,0.8528836048515301,0.9926835918078153,0.948113600422715,0.9304120146450077,0.9525739033236742,0.9212328352118198,0.9777449958483283,0.31599680207675424,,0.4299991088351542,0.584371064533246,0.5567098314008828,0.7208601290212169,0.8230135907074236,True,gaaf,4,0.01/pi,burgers,True,1234,0.52,MS_hard_burgers_n4_gaaf_s1234_r1
0.9820803055756236,0.9245301974980161,0.9445145369013102,0.8551549983260441,0.7841220073740393,,,,,,0.9759276303086716,0.9820419312195736,0.90931644644173,0.8595976401380988,0.9931811169089679,0.9530353441917185,0.9353472438534831,0.9552211308973044,0.9259232832828218,0.9796330768441411,0.3113686425827079,,0.42544249514995647,0.5796401120068033,0.5532261348968827,0.713569130666035,0.8134054460043839,True,gaaf,4,0.01/pi,burgers,True,1234,0.56,MS_hard_burgers_n4_gaaf_s1234_r1
0.9819122518017083,0.924268418528026,0.943004339330174,0.8591860218399108,0.7891449748778543,,,,,,0.9759625812679233,0.9817489524527744,0.9145574866317935,0.8651446675985188,0.993561778487553,0.957620781135212,0.939533591081163,0.9579297755984936,0.9298794278234073,0.981396046994815,0.30783777169635945,,0.4221142580575403,0.5760429122336304,0.5505840814088874,0.70852026471327,0.8056040888428874,True,gaaf,4,0.01/pi,burgers,True,1234,0.6,MS_hard_burgers_n4_gaaf_s1234_r1
0.9817510882416997,0.9240538618671833,0.9415921270561398,0.8621062566986688,0.7929571138662024,,,,,,0.9760109978052113,0.9814471563632587,0.918894295492056,0.8696315980764875,0.9939018948409153,0.961774591509375,0.9430252048157182,0.9606445697126296,0.9332715023244608,0.9830183423131355,0.3051183968485307,,0.41967481057043765,0.5732527912632183,0.5485978785775213,0.7051721100357974,0.7993122245943795,True,gaaf,4,0.01/pi,burgers,True,1234,0.64,MS_hard_burgers_n4_gaaf_s1234_r1
0.9815973723669968,0.9238744245030618,0.9402945600645137,0.8640498916351316,0.7957721248748583,,,,,,0.9760656497059891,0.9811765273228678,0.9223751680652976,0.8732070399019484,0.9942452558890057,0.9654322924298769,0.945904865496976,0.9632769458588856,0.9362162891547852,0.9844959699658247,0.30300644031531787,,0.4178825842726988,0.5710506456653635,0.5471581364990248,0.7030550604470995,0.7942184638301046,True,gaaf,4,0.01/pi,burgers,True,1234,0.68,MS_hard_burgers_n4_gaaf_s1234_r1
0.9814516442719261,0.9237173982755869,0.9390992632368129,0.8651472179328199,0.7978014616368028,,,,,,0.9761188224795877,0.9809468038450482,0.9250615032606803,0.8760299982474241,0.9946102878405666,0.9685671049978465,0.9482687121885486,0.9657398480599102,0.9387960259852324,0.9858353756874362,0.30134840698782317,,0.4165545324223691,0.5692765521785623,0.5461855714465573,0.7018021724991045,0.7900376478458432,True,gaaf,4,0.01/pi,burgers,True,1234,0.72,MS_hard_burgers_n4_gaaf_s1234_r1
0.9813144211398982,0.923571144141816,0.9379785110238359,0.8655255626409841,0.7992341945034928,,,,,,0.9761634469064745,0.9807490611177226,0.9270267124362678,0.8782511149852994,0.9949983357512999,0.971185254229911,0.9502140938396619,0.9679684568602341,0.9410759899168457,0.9870469197788446,0.30003465466968615,,0.4155586766676001,0.5678188448151014,0.5456227670376147,0.7011511127665678,0.7865380898170117,True,gaaf,4,0.01/pi,burgers,True,1234,0.76,MS_hard_burgers_n4_gaaf_s1234_r1
0.9811861901525474,0.9234261899027061,0.9368993426034328,0.8653084432337912,0.8002269923103662,,,,,,0.9761938463540817,0.9805648638440334,0.9283523199178353,0.8800007319456487,0.995401182719391,0.9733161130832044,0.9518287782346673,0.9699265655911117,0.9431125644418031,0.9881403858660643,0.2989942449702584,,0.41480953626079814,0.5666087325822464,0.5454343218189476,0.7009300041301174,0.7835518012122243,True,gaaf,4,0.01/pi,burgers,True,1234,0.8,MS_hard_burgers_n4_gaaf_s1234_r1
0.9810674149647329,0.9232758505790907,0.9358304611251143,0.8646136284186563,0.800902075728516,,,,,,0.976206140500463,0.980372866765411,0.929123639638637,0.8813838427419861,0.9958068000317983,0.9750027613391001,0.9531843978186199,0.9716044625255742,0.944954972586026,0.989123768974376,0.2981885864541895,,0.41426137659337275,0.5656135472506527,0.5456066423387662,0.7010382765256973,0.7809715069382162,True,gaaf,4,0.01/pi,burgers,True,1234,0.84,MS_hard_burgers_n4_gaaf_s1234_r1
0.9809585194746604,0.9231162665621593,0.9347464460697156,0.8635507620761358,0.8013507236246146,,,,,,0.9761982841701188,0.9801531559282061,0.9294260217012639,0.8824808365255333,0.9962030963530488,0.976294913839376,0.95433496967461,0.9730131182219878,0.9466448727500373,0.9900040928654354,0.2976027390223239,,0.4138981578154886,0.5648271568278035,0.5461435312442839,0.7014267495046629,0.7787388110689173,True,gaaf,4,0.01/pi,burgers,True,1234,0.88,MS_hard_burgers_n4_gaaf_s1234_r1
0.9808598955177823,0.9229461729778279,0.9336297745195182,0.8622187805233403,0.801639506783491,,,,,,0.9761698902439012,0.9798897047815324,0.929341605993029,0.8833516707437282,0.9965799619213781,0.9772441540086171,0.9553191161869805,0.9741774222535693,0.9482161706329711,0.990788816030727,0.2972383959016389,,0.4137247339941072,0.5642617023438125,0.5470610580233606,0.7020818830691233,0.7768305930076707,True,gaaf,4,0.01/pi,burgers,True,1234,0.92,MS_hard_burgers_n4_gaaf_s1234_r1
0.9807718987280022,0.9227663942018414,0.9324711034272961,0.8607035376947393,0.8018165525917658,,,,,,0.9761218833733074,0.9795713805659744,0.9289464616588335,0.8840408056901923,0.996930052320563,0.977900704671125,0.956163744301444,0.9751298461398776,0.94969542940652,0.9914867339082261,0.29710829659675236,,0.4137595799575342,0.563940892311865,0.5483823417312782,0.7030136001475574,0.775246715177437,True,gaaf,4,0.01/pi,burgers,True,1234,0.96,MS_hard_burgers_n4_gaaf_s1234_r1
0.980694843021025,0.9225792716429527,0.9312683194055356,0.8590761658446819,0.8019166224732514,,,,,,0.9760561115195934,0.9791919208230055,0.9283082712965807,0.884581472055208,0.9972487744068265,0.9783112474224538,0.9568876521062906,0.9759052560240445,0.9511027138622061,0.9921080622958178,0.2972325173336583,,0.4140297493212037,0.5638954698280626,0.5501336229120809,0.7042464187222263,0.7740008813298659,True,gaaf,4,0.01/pi,burgers,True,1234,1.0,MS_hard_burgers_n4_gaaf_s1234_r1
0.9994022196988058,0.881768503269996,0.7771757313494817,0.7633104510891258,0.7613064309232539,,,,,,0.8973236921117139,0.7980940453796251,0.7847631092557649,0.7827986878345905,0.9819895528517448,0.9770962893992545,0.9759899532802173,0.9992979979965021,0.9987807624694949,0.9999017436247041,0.769967407250448,,0.7910624477517594,0.9786259284345362,0.9989483273410482,0.9998045982960374,0.9998465121216354,True,gaaf,4,0.01/pi,burgers,False,2025,0.0,MS_hard_burgers_n4_gaaf_s2025
0.9994023055023048,0.8817662181989436,0.7771638894009939,0.7632920366321901,0.7612819212598861,,,,,,0.8973202589467657,0.7980809246972203,0.7847435800566047,0.7827731432625941,0.9819867248536888,0.977088942971824,0.9759778549330994,0.9992961529097402,0.9987757373371725,0.9999011519343758,0.7699427801821266,,0.7910369506735526,0.9786155477281406,0.9989452238884513,0.9998045083220239,0.999846624073383,True,gaaf,4,0.01/pi,burgers,False,2025,0.04,MS_hard_burgers_n4_gaaf_s2025
0.999402391129114,0.8817638870251517,0.7771519906512768,0.7632735680840868,0.7612573201292754,,,,,,0.8973167839375931,0.798067751043482,0.7847239970004436,0.7827475072216057,0.9819838963491685,0.9770815531815282,0.9759656772150853,0.9992942678573182,0.9987706445414635,0.9999005565619602,0.7699180602234936,,0.7910113602164974,0.9786050804033167,0.9989420456001001,0.9998044133623063,0.9998467357726566,True,gaaf,4,0.01/pi,burgers,False,2025,0.08,MS_hard_burgers_n4_gaaf_s2025
0.9994024767749072,0.8817615799219443,0.777140158391914,0.7632551898968088,0.7612327871690019,,,,,,0.8973133312149749,0.7980546405447436,0.7847044969867661,0.7827219312439323,0.9819810763168592,0.9770741357823441,0.9759534407481033,0.9992923437597692,0.9987654856132526,0.9998999575449251,0.7698933909348343,,0.7909858125515274,0.9785945412254312,0.9989387924144298,0.9998043132749248,0.9998468476532714,True,gaaf,4,0.01/pi,burgers,False,2025,0.12,MS_hard_burgers_n4_gaaf_s2025
0.999402562077552,0.8817592167139333,0.77712825279451,0.7632367317896648,0.7612081350711367,,,,,,0.8973098301141904,0.7980414651760116,0.7846849225300534,0.7826962415014075,0.981978254804007,0.9770666709078004,0.9759411201049258,0.9992903793001873,0.9987602584542232,0.9998993548635431,0.7698686045114251,,0.7909601525060315,0.9785839124446766,0.9989354648233475,0.9998042083494691,0.9998469591458498,True,gaaf,4,0.01/pi,burgers,False,2025,0.16,MS_hard_burgers_n4_gaaf_s2025
0.9994026474934247,0.8817569075582739,0.7771164681825424,0.7632184257054548,0.7611836103016799,,,,,,0.8973063779555134,0.7980284032311313,0.7846654881601272,0.7826706664782884,0.9819754462848825,0.9770591858091398,0.975928747547025,0.9992883760915929,0.9987549654296223,0.9998987485398294,0.76984392937193,,0.790934591271974,0.9785732190615793,0.9989320626111778,0.9998040983611398,0.999847070870735,True,gaaf,4,0.01/pi,burgers,False,2025,0.2,MS_hard_burgers_n4_gaaf_s2025
0.9994027327745395,0.8817545393893622,0.7771045900932967,0.7632000282408614,0.7611589592252418,,,,,,0.897302871768431,0.7980152530762161,0.7846459641568874,0.7826449665421517,0.9819726311546735,0.9770516496744189,0.9759162882030866,0.9992863325749679,0.9987496043004576,0.9998981385281368,0.7698191194018732,,0.7909088965156494,0.9785624300472399,0.9989285853581574,0.9998039835830226,0.9998471825539741,True,gaaf,4,0.01/pi,burgers,False,2025,0.24,MS_hard_burgers_n4_gaaf_s2025
0.9994028180077893,0.8817521732233277,0.7770927411629153,0.7631816731335059,0.7611343205505726,,,,,,0.8972993672759464,0.7980021303396622,0.78462647713781,0.7826192732269113,0.9819698222581565,0.9770440812525834,0.9759037634078542,0.9992842500238346,0.9987441770275041,0.9998975248510352,0.7697943153399092,,0.7908832015497758,0.9785515664407922,0.9989250342799154,0.9998038637635729,0.9998472941015629,True,gaaf,4,0.01/pi,burgers,False,2025,0.28,MS_hard_burgers_n4_gaaf_s2025
0.999402902816213,0.8817498118321672,0.7770809374635032,0.7631633798032194,0.7611097117731894,,,,,,0.8972958731589497,0.7979890588718959,0.7846070544154169,0.7825936119818423,0.9819670230964821,0.977036484446286,0.9758911759058582,0.9992821282747172,0.9987386830728711,0.9998969075164915,0.7697695324591698,,0.7908575297203825,0.9785406295466418,0.9989214079645762,0.9998037387448789,0.9998474055046951,True,gaaf,4,0.01/pi,burgers,False,2025,0.32,MS_hard_burgers_n4_gaaf_s2025
0.9994029877626914,0.8817474313537413,0.7770691148967155,0.7631450786815361,0.7610850634343566,,,,,,0.897292358673317,0.7979759655511501,0.784587617040212,0.7825679039075886,0.9819642240711406,0.9770288476408012,0.9758785142678389,0.9992799669684989,0.998733122127111,0.999896286532149,0.7697446943959463,,0.7908317956144328,0.9785296078685007,0.998917708098035,0.9998036092508968,0.9998475172054578,True,gaaf,4,0.01/pi,burgers,False,2025,0.36,MS_hard_burgers_n4_gaaf_s2025
0.9994030725151481,0.8817450267450038,0.7770572637007951,0.7631267550784515,0.7610603626371129,,,,,,0.8972888240356995,0.797962847872149,0.7845681578251062,0.7825421434086852,0.9819614242698549,0.9770211682194925,0.9758657764297048,0.9992777661195816,0.9987274943396534,0.9998956618766462,0.7697197990047603,,0.7908060039365068,0.9785185008012853,0.9989139328439419,0.9998034743723015,0.9998476286264022,True,gaaf,4,0.01/pi,burgers,False,2025,0.4,MS_hard_burgers_n4_gaaf_s2025
0.999403157065284,0.8817426445659207,0.7770454966219343,0.7631085409308258,0.7610357423576674,,,,,,0.897285312520839,0.7979498135466792,0.7845488035376139,0.7825164585401881,0.9819586388377958,0.9770134681723321,0.9758529841876449,0.9992755262802351,0.998721799601701,0.9998950333872296,0.7696949766593155,,0.7907802800332243,0.9785073299324886,0.998910083218199,0.9998033344173084,0.9998477400439796,True,gaaf,4,0.01/pi,burgers,False,2025,0.44,MS_hard_burgers_n4_gaaf_s2025
0.9994032417657092,0.8817402441253174,0.7770337118989624,0.7630903189291508,0.7610110802196313,,,,,,0.8972817817548735,0.7979367589490689,0.7845294348004135,0.7824907247582289,0.9819558534836946,0.9770057275986327,0.975840116762208,0.9992732472280004,0.998716038535067,0.9998944013231179,0.7696700971033021,,0.7907544921121026,0.9784960719601598,0.9989061591519188,0.9998031896335556,0.9998478516030738,True,gaaf,4,0.01/pi,burgers,False,2025,0.48,MS_hard_burgers_n4_gaaf_s2025
0.999403326008704,0.8817378269877596,0.7770219136655188,0.7630720867878379,0.760986373808367,,,,,,0.8972782410748402,0.7979236991159047,0.784510061220673,0.7824649518155621,0.9819530689971884,0.976997945679771,0.9758271731161973,0.9992709286295106,0.9987102103868998,0.9998937655739095,0.7696451706310357,,0.7907286619680726,0.9784847310906903,0.9989021616160539,0.9998030400593281,0.9998479629284052,True,gaaf,4,0.01/pi,burgers,False,2025,0.52,MS_hard_burgers_n4_gaaf_s2025
0.9994034104028702,0.8817354119291922,0.7770101496815891,0.7630539161614679,0.7609617023696019,,,,,,0.8972746996865065,0.7979106681713136,0.7844907393912866,0.7824392034966926,0.9819502920997969,0.9769901371091536,0.9758141707345389,0.9992685715519323,0.9987043169442185,0.9998931262058207,0.7696202657948806,,0.7907028430768158,0.9784733190657948,0.9988980896611829,0.9998028853025753,0.9998480743397985,True,gaaf,4,0.01/pi,burgers,False,2025,0.56,MS_hard_burgers_n4_gaaf_s2025
0.9994034946024449,0.8817329645244855,0.7769983528481208,0.7630357186003288,0.7609369752974515,,,,,,0.8972711306648613,0.7978976090591083,0.7844713918446254,0.7824134001349988,0.9819475163869045,0.9769822884221556,0.9758010947850196,0.9992661750240115,0.9986983564687975,0.9998924831044899,0.7695953051991801,,0.7906769684462267,0.9784618258591729,0.9988939424873725,0.9998027250174447,0.9998481854349347,True,gaaf,4,0.01/pi,burgers,False,2025,0.6,MS_hard_burgers_n4_gaaf_s2025
0.9994035788557695,0.8817305407503724,0.7769866128544834,0.7630175944534424,0.7609122863391737,,,,,,0.8972675821231765,0.7978846019163405,0.7844521089857626,0.7823876259361094,0.9819447463912505,0.9769744069607702,0.9757879508312879,0.9992637394707244,0.998692329639068,0.9998918363290443,0.7695703609716481,,0.7906511017101354,0.9784502518845395,0.9988897219524958,0.9998025604003742,0.9998482968771059,True,gaaf,4,0.01/pi,burgers,False,2025,0.64,MS_hard_burgers_n4_gaaf_s2025
0.9994036626265309,0.8817280744609053,0.7769748349810506,0.7629994389499969,0.7608875364590181,,,,,,0.8972640004569418,0.7978715673994907,0.7844328020547092,0.7823617976250729,0.9819419802793238,0.9769664890939808,0.9757747371835515,0.9992612648798113,0.9986862364469624,0.9998911858691254,0.7695453552336673,,0.7906251796918775,0.978438600589554,0.9988854273485696,0.9998023904919354,0.9998484080267902,True,gaaf,4,0.01/pi,burgers,False,2025,0.68,MS_hard_burgers_n4_gaaf_s2025
0.9994037465879804,0.8817256105949228,0.7769630698657507,0.7629813124761555,0.76086278213411,,,,,,0.8972604176101892,0.7978585400797372,0.784413514635771,0.7823359550543203,0.9819392150440869,0.9769585340484616,0.9757614518113505,0.9992587519783112,0.9986800778870132,0.9998905317352301,0.769520333550137,,0.7905992319053604,0.9784268669079538,0.998881059235436,0.9998022155944398,0.9998485191644181,True,gaaf,4,0.01/pi,burgers,False,2025,0.72,MS_hard_burgers_n4_gaaf_s2025
0.9994038300816798,0.881723147881624,0.7769513381215283,0.7629632357399183,0.7608380501086603,,,,,,0.8972568421752418,0.7978455532065734,0.7843942803729423,0.782310137628078,0.9819364576251239,0.9769505490665747,0.9757481039522313,0.9992561998339211,0.998673852906507,0.9998898739821456,0.7694953256842425,,0.7905733004070749,0.9784150599992972,0.9988766158844828,0.999802035387703,0.9998486302915917,True,gaaf,4,0.01/pi,burgers,False,2025,0.76,MS_hard_burgers_n4_gaaf_s2025
0.999403913780962,0.881720665750793,0.776939599346133,0.7629451685205867,0.7608132972469531,,,,,,0.8972532452414139,0.7978325547715539,0.7843750471712714,0.7822842904251565,0.9819337039224311,0.9769425297500464,0.9757346877694191,0.9992536088312731,0.9986675615588017,0.9998892124780027,0.7694702886670466,,0.7905473308209318,0.9784031759998837,0.9988720993771057,0.9998018503675776,0.9998487413268005,True,gaaf,4,0.01/pi,burgers,False,2025,0.8,MS_hard_burgers_n4_gaaf_s2025
0.9994039974060418,0.8817181752332368,0.7769278608596883,0.7629271056396861,0.7607885122834362,,,,,,0.8972496409292633,0.7978195569558075,0.7843558153026914,0.7822584079499042,0.9819309518841352,0.976934471087024,0.9757211969740022,0.9992509792879093,0.9986612044107409,0.9998885472332625,0.7694452070110874,,0.7905213133664117,0.9783912063751828,0.9988675092248903,0.9998016604127774,0.9998488524279111,True,gaaf,4,0.01/pi,burgers,False,2025,0.84,MS_hard_burgers_n4_gaaf_s2025
0.9994040805304589,0.8817156651201086,0.776916116440542,0.7629090593290995,0.7607637187148495,,,,,,0.8972460246013255,0.7978065619489848,0.7843366049192247,0.7822325211168655,0.9819282040244576,0.9769263805073866,0.9757076421491596,0.9992483109228267,0.998654781326119,0.9998878783485217,0.7694201148129884,,0.7904952890537427,0.9783791640481231,0.9988628442714794,0.9998014649444654,0.9998489633460658,True,gaaf,4,0.01/pi,burgers,False,2025,0.88,MS_hard_burgers_n4_gaaf_s2025
0.9994041639983088,0.8817131891360998,0.7769044540096093,0.7628911122037366,0.7607389916901399,,,,,,0.8972424358565417,0.7977936392050737,0.7843174799878673,0.7822066867345704,0.9819254653281259,0.9769182622080866,0.9756940255501587,0.9992456042080227,0.9986482927457615,0.999887205779411,0.7693950660969024,,0.7904692946796255,0.9783670466387795,0.9988581067953123,0.9998012650716838,0.9998490745352208,True,gaaf,4,0.01/pi,burgers,False,2025,0.92,MS_hard_burgers_n4_gaaf_s2025
0.9994042470984174,0.8817106689671232,0.7768927392217523,0.7628731196745611,0.7607141880481987,,,,,,0.8972388096529065,0.7977806714229148,0.7842983136786597,0.7821807793558004,0.9819227266663529,0.9769101030375936,0.9756803337653982,0.999242858664415,0.9986417377690279,0.9998865294147515,0.7693699442199607,,0.7904432300328801,0.9783548472175925,0.9988532945290118,0.9998010595501131,0.9998491853774333,True,gaaf,4,0.01/pi,burgers,False,2025,0.96,MS_hard_burgers_n4_gaaf_s2025
0.9994043303041142,0.8817081584616502,0.7768810624859611,0.7628551877401992,0.7606894164654415,,,,,,0.8972351909450847,0.7977677376920335,0.7842791997596362,0.7821548952934368,0.9819199937780162,0.9769019145525868,0.9756665803085267,0.9992400749883803,0.9986351181255284,0.9998858494972807,0.7693448354105611,,0.7904171699405312,0.9783425728435747,0.9988484091638635,0.9998008492208018,0.9998492963892837,True,gaaf,4,0.01/pi,burgers,False,2025,1.0,MS_hard_burgers_n4_gaaf_s2025
0.9985114822151901,0.9665896276385528,0.9259301927676951,0.9074840550684324,0.8478584865904932,,,,,,0.9784297027290395,0.9417663366138928,0.9229015078373425,0.8643310890875382,0.9859738238765448,0.9662626103850832,0.9100547458960914,0.9854845747173715,0.9289302032836069,0.9728906553267263,0.6308223024465148,,0.6662237877899385,0.7764115977412266,0.819251353118777,0.8332731592842344,0.8400784225256192,True,gaaf,4,0.01/pi,burgers,True,2025,0.0,MS_hard_burgers_n4_gaaf_s2025_r1
0.9985200694451773,0.9667441738144676,0.923613630839724,0.9018312673258846,0.8435880096075039,,,,,,0.9785264481787507,0.9397136645564116,0.9176978225604961,0.8607066436174495,0.9852581276304336,0.963706781309409,0.910543289735443,0.9854629029451943,0.9339304932044833,0.9758280321906517,0.5960766420776362,,0.6321380968906779,0.7510725288619801,0.80628113894347,0.8246605517562239,0.8348082671746989,True,gaaf,4,0.01/pi,burgers,True,2025,0.04,MS_hard_burgers_n4_gaaf_s2025_r1
0.9985279431407641,0.9668893351147932,0.9211931705551235,0.8958602915295036,0.8390777200763638,,,,,,0.978617930670663,0.9375547679341588,0.9121642671635378,0.8567980061380067,0.984443106212229,0.9608159613924745,0.9105806658313442,0.9854315722233407,0.9388422369853783,0.9786756052607469,0.560600502076415,,0.5969052463997633,0.7231361241856085,0.7915260854009711,0.8152884749615873,0.8289951440269174,True,gaaf,4,0.01/pi,burgers,True,2025,0.08,MS_hard_burgers_n4_gaaf_s2025_r1
0.9985350800874098,0.9670245314338143,0.9186960687310017,0.8896353712140257,0.834339281625514,,,,,,0.9787037603890033,0.9353111457141945,0.9063533389820702,0.8526055979499791,0.9835284141857464,0.9575841506076295,0.9100981089898246,0.9853743878864973,0.9435669995882164,0.9814044204340491,0.5251383147664442,,0.5612819795793947,0.6931589008230722,0.7752586114517761,0.8053562729769578,0.8228907311706439,True,gaaf,4,0.01/pi,burgers,True,2025,0.12,MS_hard_burgers_n4_gaaf_s2025_r1
0.9985414555825487,0.9671491945192208,0.9161568732493165,0.8832486353525523,0.8294311702413131,,,,,,0.978783562953367,0.9330115112190636,0.9003462110470358,0.8481755552489282,0.9825191663174058,0.9540337828153661,0.90905745191816,0.9852730988184261,0.9479769922621101,0.9839736525581141,0.49031085693173404,,0.5259183535641792,0.661653570227389,0.7576261502702312,0.7949489147202577,0.8166244223806508,True,gaaf,4,0.01/pi,burgers,True,2025,0.16,MS_hard_burgers_n4_gaaf_s2025_r1
0.9985470479837012,0.9672628042146575,0.9136169070398337,0.87682763578863,0.8244841415049124,,,,,,0.9788569906842798,0.9306917497709812,0.8942615474298516,0.8436279029227836,0.9814274323207567,0.9502307256713952,0.9074906259302652,0.9851164696874933,0.9519341804951684,0.986330349763202,0.4566034976150335,,0.4913429783450383,0.6290827422646288,0.7385973325965148,0.7839602545522683,0.8101289520858992,True,gaaf,4,0.01/pi,burgers,True,2025,0.2,MS_hard_burgers_n4_gaaf_s2025_r1
0.9985518366663064,0.9673648714442308,0.9111223829589478,0.8705383554570869,0.8197262786971821,,,,,,0.9789237182611371,0.9283935895614539,0.888259702921638,0.8391846471421216,0.9802730046668596,0.9462948819486116,0.9055445790528197,0.9849101511758703,0.9553286454931867,0.9884167903796557,0.4244121760180947,,0.4580080213328409,0.5959197875755993,0.7179840518025701,0.7720576541596094,0.8030932092863091,True,gaaf,4,0.01/pi,burgers,True,2025,0.24,MS_hard_burgers_n4_gaaf_s2025_r1
0.9985558009391178,0.9674549443049276,0.9087213400263779,0.8645789230976809,0.8154824582632878,,,,,,0.9789834497871177,0.9261620310408322,0.8825371150908097,0.835171804869433,0.979083113845746,0.9423989734193109,0.903503571717413,0.984680994807885,0.9581281236647475,0.9901895721576783,0.3941893439162204,,0.4264410286905362,0.5628471960406148,0.695694013642115,0.7588438483460073,0.7950068126064174,True,gaaf,4,0.01/pi,burgers,True,2025,0.28,MS_hard_burgers_n4_gaaf_s2025_r1
0.9985589227154049,0.9675326089345759,0.9064592760973676,0.8591548898988536,0.8120715417415351,,,,,,0.9790359118847756,0.9240413502192028,0.8773013604062201,0.8319171075147166,0.9778906355869227,0.9387438453513794,0.9017054790084251,0.9844662649250143,0.9603773828302112,0.991630048847898,0.3666394784248177,,0.39745400202691733,0.5310551077562637,0.6722861648126989,0.7443434149773811,0.78542293463318,True,gaaf,4,0.01/pi,burgers,True,2025,0.32,MS_hard_burgers_n4_gaaf_s2025_r1
0.9985611860358298,0.9675975038099309,0.9043741152983318,0.8544365730663483,0.8095758303098178,,,,,,0.9790808648656025,0.9220702281979495,0.8727272452560422,0.8295166338804683,0.9767306674104504,0.9355100334078374,0.9003144431386292,0.9842889256741045,0.9620886738784169,0.992716149010372,0.3427428930266354,,0.3721691145732996,0.502302645806471,0.6493809094018689,0.7294925470277198,0.7745519757254973,True,gaaf,4,0.01/pi,burgers,True,2025,0.36,MS_hard_burgers_n4_gaaf_s2025_r1
0.9985625743568047,0.9676492899160051,0.9024912079322202,0.8505199633486417,0.8077574099856812,,,,,,0.9791180908256949,0.9202766853767808,0.868916220670303,0.8277483565915216,0.9756358098298231,0.9328114681383605,0.899223276378185,0.9841412384947812,0.9632008743578367,0.993430648686857,0.3233704915202816,,0.35159498124757876,0.47831380982666466,0.6290951257340964,0.715859454476874,0.7636431718386087,True,gaaf,4,0.01/pi,burgers,True,2025,0.4,MS_hard_burgers_n4_gaaf_s2025_r1
0.9985630746324182,0.9676876891688931,0.9008204087956327,0.8474202597732803,0.8063090171412693,,,,,,0.9791474081300493,0.9186747370221932,0.865888952997402,0.826321701488035,0.974631576173314,0.9306843053936456,0.8982694432006525,0.9839960838995303,0.9637138087390864,0.9938160704550909,0.30878971069552164,,0.33607830224209967,0.45993874876018,0.6128688506863115,0.7046832492894879,0.7542420115242087,True,gaaf,4,0.01/pi,burgers,True,2025,0.44,MS_hard_burgers_n4_gaaf_s2025_r1
0.9985626733209968,0.9677124581140789,0.899356005278346,0.8450944216546563,0.8050708381909917,,,,,,0.9791686644464421,0.9172637499372033,0.8636076956111579,0.8250906775933,0.9737333536145156,0.9291079634775832,0.897400795977047,0.9838317882457714,0.9637321434509314,0.9939566747683515,0.29858808155983296,,0.3252163552638827,0.44697583878265745,0.6010285904317784,0.6963534583613707,0.7471567638764434,True,gaaf,4,0.01/pi,burgers,True,2025,0.48,MS_hard_burgers_n4_gaaf_s2025_r1
0.9985613593877565,0.9677233943509974,0.8980804909821634,0.8434701519118846,0.8040243215683115,,,,,,0.9791817321529775,0.9160315059671296,0.8620052041052735,0.8240451533951313,0.9729463618399535,0.9280330164271957,0.8966493040208552,0.9836454716865818,0.963399706529225,0.993933038207794,0.2918990430026055,,0.3181034803897363,0.43848990915458175,0.5930242032435429,0.6905177378949168,0.742286942105471,True,gaaf,4,0.01/pi,burgers,True,2025,0.52,MS_hard_burgers_n4_gaaf_s2025_r1
0.9985591238344147,0.967720353792593,0.896970590283791,0.8424651891487488,0.8032043047054368,,,,,,0.9791865248305335,0.914959622876839,0.8610039205384656,0.8232242333824148,0.9722682589158531,0.9273996877618267,0.8960630141897896,0.9834500548162921,0.9628512481950108,0.9938057620557088,0.28769176223834514,,0.31364608751833195,0.43322580721592097,0.5878317963379802,0.6864318803040749,0.7390351663161963,True,gaaf,4,0.01/pi,burgers,True,2025,0.56,MS_hard_burgers_n4_gaaf_s2025_r1
0.9985559569456602,0.9677032284749488,0.8960041284799094,0.8419969544029479,0.8026374753668042,,,,,,0.97918298579879,0.9140299662914412,0.8605254958104586,0.8226570893218877,0.9716934681276077,0.927147175417751,0.8956710685228029,0.9832643026303377,0.962196493159149,0.9936177378278668,0.285022895934678,,0.31083648876732106,0.429974715844112,0.5843609824924593,0.6833132286004958,0.7367325616974245,True,gaaf,4,0.01/pi,burgers,True,2025,0.6,MS_hard_burgers_n4_gaaf_s2025_r1
0.9985518541887568,0.9676719586370355,0.8951648915245368,0.8419851038339994,0.8023234438244649,,,,,,0.9791710817219392,0.9132292834108725,0.8604933154433629,0.8223454146083535,0.9712169889613547,0.9272164447471408,0.8954786218501984,0.9831034098271343,0.9615176739712463,0.9934001523069834,0.2831618342296181,,0.3088908337077531,0.42777147503083485,0.5817026425497638,0.6805354268585938,0.7348421742551248,True,gaaf,4,0.01/pi,burgers,True,2025,0.64,MS_hard_burgers_n4_gaaf_s2025_r1
0.9985468083935316,0.9676265313192189,0.8944448185270608,0.8423528285118776,0.8022400258009269,,,,,,0.9791508233403783,0.9125513903771141,0.8608338006819928,0.8222690410059691,0.9708366494631382,0.927551247968432,0.8954741276523103,0.9829738003644846,0.9608702943102381,0.9931758821289831,0.28161944868441746,,0.3072823363243786,0.42595260142762387,0.5792156498287296,0.6776861742208707,0.7330065623415873,True,gaaf,4,0.01/pi,burgers,True,2025,0.68,MS_hard_burgers_n4_gaaf_s2025_r1
0.9985408168635853,0.9675669742958091,0.893843335966503,0.8430289240751693,0.8023548892819964,,,,,,0.9791222417278568,0.9119966210335081,0.8614784652865207,0.8223973041700648,0.9705533938463827,0.9280994965977384,0.8956375450457055,0.9828726569468464,0.9602850145213524,0.9929603807380737,0.2801258990815202,,0.30571888722576157,0.42413831938139807,0.5765208715803853,0.6745545894414243,0.7310329497702105,True,gaaf,4,0.01/pi,burgers,True,2025,0.72,MS_hard_burgers_n4_gaaf_s2025_r1
0.9985338775857021,0.9674933693722362,0.8933650201610365,0.8439511832786741,0.8026355922844864,,,,,,0.9790854076325922,0.9115696845000728,0.8623672537124276,0.8226987217965611,0.9703701588530327,0.9288154921101693,0.8959462461613071,0.9827907573975966,0.9597713001784705,0.9927619225193411,0.2785881970469957,,0.30409819488901174,0.42218177830309994,0.5734562576392549,0.6710915030943239,0.7288626569586445,True,gaaf,4,0.01/pi,burgers,True,2025,0.76,MS_hard_burgers_n4_gaaf_s2025_r1
0.998525989709734,0.9674058327853623,0.8930163847937631,0.845068720183085,0.8030547089026296,,,,,,0.9790404153011018,0.9112767111412289,0.8634508703749068,0.8231459544240115,0.9702900874517979,0.9296615396572513,0.8963778177126266,0.9827162638553959,0.9593224602981799,0.9925824108864703,0.2770370795439326,,0.30245118321267916,0.4201020137660975,0.5700156842435636,0.6673591954698742,0.7265346221262405,True,gaaf,4,0.01/pi,burgers,True,2025,0.8,MS_hard_burgers_n4_gaaf_s2025_r1
0.9985171549119181,0.9673045304979098,0.8928033901247897,0.846343140847487,0.8035908732687312,,,,,,0.9789873917097308,0.9111229411360836,0.8646919040374617,0.8237168850969677,0.970314998444357,0.9306085128789863,0.8969106606715619,0.9826378526221656,0.9589208762035641,0.9924186893845245,0.27557796459167516,,0.30088932108221167,0.41801928333330807,0.5662898062463538,0.663484042114923,0.7241517307001891,True,gaaf,4,0.01/pi,burgers,True,2025,0.84,MS_hard_burgers_n4_gaaf_s2025_r1
0.9985073744232364,0.9671896661473842,0.89272954264313,0.8477473786716829,0.8042271720674798,,,,,,0.9789264936503709,0.9111110088146457,0.8660637114777414,0.8243932332255446,0.9704443149661903,0.9316348340828311,0.8975234122038124,0.982546430190616,0.9585426502214518,0.9922641936081652,0.2743486594920421,,0.29955907196819176,0.41609809322009683,0.5624139793460317,0.6596152379935328,0.7218484078951873,True,gaaf,4,0.01/pi,burgers,True,2025,0.88,MS_hard_burgers_n4_gaaf_s2025_r1
0.9984966541813837,0.967061489102751,0.8927949501793966,0.8492630267135359,0.8049488894487542,,,,,,0.9788579010591336,0.9112401212459322,0.867547842539368,0.8251585639379007,0.9706746444761328,0.9327244229501109,0.8981942766723148,0.9824355312691562,0.95816140622368,0.9921106635686887,0.273486610778552,,0.29860647029677045,0.4145020275858978,0.5585264242054746,0.6558917727270854,0.7197606742581906,True,gaaf,4,0.01/pi,burgers,True,2025,0.92,MS_hard_burgers_n4_gaaf_s2025_r1
0.9984849983942875,0.9669202773231043,0.8929962946739899,0.8508773995672997,0.8057420486219398,,,,,,0.9787818207718281,0.9115061051669803,0.8691311910355398,0.8259970793937298,0.9709999240643997,0.9338644571897334,0.898901070179505,0.9823009623429992,0.9577515319054296,0.9919497205245089,0.27310908742950557,,0.29815557797575704,0.4133654033598736,0.5547417691876932,0.6524215514077688,0.7180031999119397,True,gaaf,4,0.01/pi,burgers,True,2025,0.96,MS_hard_burgers_n4_gaaf_s2025_r1
0.9984724153758417,0.9667663605661816,0.8933271654837677,0.8525805717287294,0.8065927509190495,,,,,,0.9786984880961541,0.9119017886782391,0.8708031765580534,0.8268931388946124,0.971411904101386,0.9350434280964391,0.8996218381553847,0.9821400710348083,0.9572907029423623,0.9917741741861513,0.27330153160176385,,0.2982958596379813,0.41277698067192964,0.5511357510659666,0.6492692222737719,0.7166515427837233,True,gaaf,4,0.01/pi,burgers,True,2025,1.0,MS_hard_burgers_n4_gaaf_s2025_r1
0.9993297459448615,0.9639636629273,0.8657178853918359,0.7722958251829734,0.741714447685667,,,,,,0.972901498860827,0.8830848757882317,0.7942995928129298,0.7648695588586069,0.9676226145445321,0.9129130591268604,0.8924863244485262,0.9861154629900032,0.976901888865949,0.9988044036063656,0.7187195035857689,,0.7427009546161111,0.8767048458613018,0.9690813145652261,0.9965654778637479,0.9993907674362221,True,gaaf,4,0.01/pi,burgers,False,777,0.0,MS_hard_burgers_n4_gaaf_s777
0.9993298504989567,0.9639589470364395,0.8656525670568102,0.7721251292273105,0.7415002511131756,,,,,,0.9728965937209003,0.8830217876686174,0.7941333973976439,0.7646603882960139,0.9675940596179062,0.9128095746047087,0.8923483112574752,0.9860916181483291,0.9768594813964165,0.9988016698064218,0.7185144066022768,,0.7424999517560166,0.8765694800519589,0.9690384689537065,0.9965629463207671,0.9993915979354335,True,gaaf,4,0.01/pi,burgers,False,777,0.04,MS_hard_burgers_n4_gaaf_s777
0.9993299009952393,0.9639501623379209,0.865571703622025,0.7719286917318919,0.7412570482441189,,,,,,0.9728884674922889,0.8829447552835751,0.7939433507532905,0.7644241472727739,0.9675615163726082,0.9126956900574882,0.8921975145628609,0.9860661150504889,0.9768142898180733,0.9987987842053131,0.7182785288383424,,0.742270116583568,0.8764199664481903,0.9689921335134495,0.9965600663401322,0.9993923896450553,True,gaaf,4,0.01/pi,burgers,False,777,0.08,MS_hard_burgers_n4_gaaf_s777
0.9993298978999948,0.9639373192699647,0.865475330723666,0.7717065893703239,0.7409849364370322,,,,,,0.9728771262406376,0.882853805774383,0.7937295178211936,0.764160920317308,0.9675249922902385,0.9125714361296395,0.8920339786645266,0.9860389607371299,0.9767663279043078,0.9987957478910942,0.7180119813550977,,0.7420115469141846,0.876256359530533,0.9689423278113306,0.9965568407428418,0.9993931430190394,True,gaaf,4,0.01/pi,burgers,False,777,0.12,MS_hard_burgers_n4_gaaf_s777
0.9993298406691018,0.9639203959014518,0.8653633712045176,0.771458697410289,0.7406837833486577,,,,,,0.9728625540306616,0.8827488728090337,0.7934917863285958,0.7638705874608939,0.967484468616329,0.9124367632474885,0.8918576472018721,0.9860101465317102,0.9767155831295493,0.9987925605174885,0.7177146123852627,,0.7417241039852828,0.8760785888958329,0.9688890318176071,0.9965532670539217,0.9993938571936324,True,gaaf,4,0.01/pi,burgers,False,777,0.16,MS_hard_burgers_n4_gaaf_s777
0.9993297294733087,0.9638994042796301,0.8652358903851043,0.7711851519448958,0.7403537567932704,,,,,,0.9728447602630135,0.8826300151821317,0.7932302830309031,0.7635533062373363,0.9674399658101981,0.9122917365477605,0.8916686074988605,0.9859796851525922,0.9766620789133844,0.9987892236705679,0.7173866084511883,,0.7414079637375093,0.8758867569586177,0.968832277466708,0.9965493494730808,0.9993945326378011,True,gaaf,4,0.01/pi,burgers,False,777,0.2,MS_hard_burgers_n4_gaaf_s777
0.9993295645804618,0.9638743522905369,0.8650928726588841,0.7708859208170394,0.7399948255573271,,,,,,0.9728237501216841,0.8824972144342934,0.7929449715299256,0.7632090403331085,0.9673914677162969,0.9121363198537505,0.8914668202201518,0.9859475717721158,0.9766058087178434,0.9987857372264088,0.7170279342026229,,0.7410630856587469,0.8756808194335067,0.9687720556866537,0.9965450872636826,0.999395169123815,True,gaaf,4,0.01/pi,burgers,False,777,0.24,MS_hard_burgers_n4_gaaf_s777
0.9993293458913305,0.9638452226927128,0.8649342945574401,0.7705610034413842,0.7396070053187106,,,,,,0.9727995088814316,0.8823504487927334,0.7926358510314652,0.7628378044133638,0.9673389776707028,0.9119705344067847,0.8912523186140124,0.9859138120274447,0.9765467840375563,0.9987821021546134,0.7166386100455467,,0.7406894889942411,0.8754608145886296,0.9687083809708942,0.9965404823033406,0.9993957668173788,True,gaaf,4,0.01/pi,burgers,False,777,0.28,MS_hard_burgers_n4_gaaf_s777
0.9993290734177135,0.9638120356290697,0.8647601944358467,0.7702104478668319,0.739190354731406,,,,,,0.9727720538734516,0.8821897533724548,0.7923029656294283,0.7624396525390841,0.9672824947667727,0.9117943758283612,0.8910251018689854,0.9858784040957884,0.9764850038838989,0.9987783187223566,0.7162186913616158,,0.7402872247629552,0.8752267376981817,0.9686412498116105,0.9965355342123793,0.9993963252886425,True,gaaf,4,0.01/pi,burgers,False,777,0.32,MS_hard_burgers_n4_gaaf_s777
0.9993287471471388,0.9637747618414392,0.8645704851172272,0.7698341448792668,0.7387447738821,,,,,,0.9727413595324216,0.8820150456904751,0.79194620909164,0.7620144865616166,0.9672220015042524,0.911607813354406,0.8907851448446965,0.9858413457969051,0.9764204689777605,0.9987743876881662,0.7157680788585249,,0.7398561951014976,0.8749785646778888,0.9685706642559402,0.9965302445524935,0.9993968446231629,True,gaaf,4,0.01/pi,burgers,False,777,0.36,MS_hard_burgers_n4_gaaf_s777
0.999328366637921,0.9637334183730409,0.864365233034067,0.7694322232713368,0.7382704025539057,,,,,,0.9727074432703562,0.881826392734102,0.7915657098995849,0.7615624459702364,0.9671575136782954,0.9114108978539788,0.8905325046756557,0.9858026468191556,0.9763531916572091,0.9987703089998381,0.7152869327154724,,0.7393965597669557,0.8747163672115483,0.968496644000157,0.9965246149153841,0.9993973253777572,True,gaaf,4,0.01/pi,burgers,False,777,0.4,MS_hard_burgers_n4_gaaf_s777
0.9993279329429147,0.9636880089207238,0.8641444206213802,0.7690046630359589,0.7377672495546986,,,,,,0.9726703014819058,0.881623763777121,0.7911614299338703,0.7610835190082077,0.9670890176089723,0.911203605664788,0.8902671739489044,0.9857623055585706,0.9762831780748983,0.9987660844516749,0.7147752487712695,,0.7389082937272391,0.874440127728123,0.9684191906803279,0.9965186465647379,0.9993977667626065,True,gaaf,4,0.01/pi,burgers,False,777,0.44,MS_hard_burgers_n4_gaaf_s777
0.9993274453722334,0.9636385182092896,0.863908030275138,0.7685514735006791,0.7372353292704603,,,,,,0.9726299249242607,0.8814071498806509,0.7907333868244791,0.7605777282611613,0.9670165172816557,0.9109859596955969,0.8899891794131304,0.9857203276226362,0.9762104355380553,0.9987617140895757,0.7142330577306228,,0.7383914357626685,0.874149885266214,0.9683383178619586,0.9965123409884726,0.9993981694330932,True,gaaf,4,0.01/pi,burgers,False,777,0.48,MS_hard_burgers_n4_gaaf_s777
0.9993269038233082,0.9635849468495314,0.8636560148151765,0.7680725678842986,0.7366745547876569,,,,,,0.9725863144591428,0.8811765068093157,0.7902814964526906,0.7600449886190764,0.9669399864998672,0.9107578959469177,0.8896984513123471,0.9856767029035399,0.9761349505202763,0.9987571977013386,0.713660259945494,,0.7378458880757058,0.873845558430567,0.9682540058546324,0.9965056964534589,0.9993985327617031,True,gaaf,4,0.01/pi,burgers,False,777,0.52,MS_hard_burgers_n4_gaaf_s777
0.9993263088830319,0.9635273025991986,0.8633884408055599,0.7675680972790125,0.7360851222889846,,,,,,0.9725394729027819,0.8809318884320037,0.7898058916323203,0.7594854758891357,0.9668594498108599,0.9105194934835381,0.8893951001952358,0.9856314465611763,0.9760567530196698,0.9987525376582328,0.7130570755828938,,0.7372718496584566,0.8735272764528527,0.9681662948637072,0.996498718767552,0.9993988574065984,True,gaaf,4,0.01/pi,burgers,False,777,0.56,MS_hard_burgers_n4_gaaf_s777
0.9993256599720218,0.963465574638766,0.8631052521332905,0.7670379892746377,0.7354669611478534,,,,,,0.9724893942506315,0.8806732482170622,0.7893065096578089,0.7588991286834884,0.9667748871179697,0.9102707142846097,0.8890790858711067,0.9855845549690485,0.9759758383483497,0.9987477339108471,0.7124234271627075,,0.7366692526155723,0.8731949930821663,0.9680751773363933,0.9964914069123925,0.9993991429022283,True,gaaf,4,0.01/pi,burgers,False,777,0.6,MS_hard_burgers_n4_gaaf_s777
0.9993249575255821,0.9633997645036986,0.8628064580169233,0.7664822954216222,0.7348201418784709,,,,,,0.9724360766225874,0.8804005876150196,0.7887833896649858,0.7582860035838386,0.9666862995763549,0.9100115814854092,0.8887504425548619,0.9855360356805964,0.9758922194600579,0.9987427871318004,0.7117594022102791,,0.7360381696671937,0.8728487543838523,0.9679806727674044,0.9964837635234619,0.9993993898415545,True,gaaf,4,0.01/pi,burgers,False,777,0.64,MS_hard_burgers_n4_gaaf_s777
0.9993242014025879,0.9633298771967506,0.8624920698793791,0.7659010376394054,0.7341447084633239,,,,,,0.9723795249459724,0.8801139177604727,0.788236551930259,0.7576461417075268,0.9665936861846957,0.9097420936104875,0.8884091808510307,0.9854858874298942,0.9758058998642307,0.9987376984768139,0.7110650439776302,,0.735378641198989,0.8724885690942207,0.967882783183067,0.9964757896595962,0.9993995979213968,True,gaaf,4,0.01/pi,burgers,False,777,0.68,MS_hard_burgers_n4_gaaf_s777
0.9993233918654393,0.9632558931683224,0.862162022168565,0.7652941477877874,0.7334406070867495,,,,,,0.9723197202511801,0.8798131723859257,0.7876659239877222,0.7569794831856447,0.9664970300145028,0.9094622274340829,0.8880552844778601,0.9854341102961743,0.9757168828990704,0.9987324685745191,0.7103402979349134,,0.7346906061666845,0.8721144205130718,0.9677815126787578,0.9964674865089718,0.9993997669168285,True,gaaf,4,0.01/pi,burgers,False,777,0.72,MS_hard_burgers_n4_gaaf_s777
0.9993225285427159,0.9631778178191431,0.8618163200457928,0.7646616718129133,0.7327078984054824,,,,,,0.972256669126115,0.8794983593031578,0.7870715522845058,0.756286088407245,0.9663963263653025,0.9091719960629019,0.8876887742313816,0.9853807113060038,0.9756251797979558,0.9987270979351041,0.7095852474615533,,0.733974147055167,0.8717263439029374,0.967676880146197,0.996458856641148,0.9993998977720656,True,gaaf,4,0.01/pi,burgers,False,777,0.76,MS_hard_burgers_n4_gaaf_s777
0.9993216116648508,0.963095656427409,0.8614550079308818,0.764003699582324,0.7319467074658137,,,,,,0.9721903743119259,0.8791695156184643,0.7864535157907915,0.7555660697102481,0.966291590147705,0.9088714397336982,0.8873097123127331,0.985325695789871,0.9755308049417173,0.9987215881671291,0.7088000213933884,,0.7332293799123907,0.8713244047891613,0.9675689014938668,0.9964499025181218,0.9993999900574217,True,gaaf,4,0.01/pi,burgers,False,777,0.8,MS_hard_burgers_n4_gaaf_s777
0.9993206415309892,0.9630094067167233,0.8610780434163571,0.7633201957321851,0.7311570128388624,,,,,,0.9721208316282925,0.8788265961193621,0.7858117723341487,0.7548193971357917,0.9661827994261202,0.9085605289940588,0.8869180744009392,0.9852690643987331,0.9754337619855682,0.9987159398825224,0.7079845940833499,,0.7324562701400283,0.8709085738567962,0.9674575785491417,0.9964406242114264,0.9994000434801521,True,gaaf,4,0.01/pi,burgers,False,777,0.84,MS_hard_burgers_n4_gaaf_s777
0.9993196176705871,0.9629190550133943,0.8606853980311261,0.7626111454871013,0.7303388236845915,,,,,,0.9720480314775419,0.8784695778301512,0.7851463111027919,0.754046082465303,0.9660699502463439,0.9082392654234714,0.886513876322948,0.9852108187665972,0.975334058702765,0.9987101543052371,0.7071390059672259,,0.7316548597383952,0.8704788887259911,0.9673429305109953,0.9964310270887556,0.9994000592797745,True,gaaf,4,0.01/pi,burgers,False,777,0.88,MS_hard_burgers_n4_gaaf_s777
0.9993185406081925,0.9628246022580643,0.8602770737145894,0.7618765933554218,0.7294922016651536,,,,,,0.9719719711116731,0.878098454446016,0.7844571629971818,0.7532461721540779,0.9659530399747241,0.9079076659460911,0.8860971439799056,0.9851509658768351,0.9752317063265342,0.9987042318681271,0.7062633064786535,,0.7308251830060143,0.8700353657400842,0.9672249637405654,0.9964211095881313,0.9994000365398459,True,gaaf,4,0.01/pi,burgers,False,777,0.92,MS_hard_burgers_n4_gaaf_s777
0.9993174103253928,0.9627260570792394,0.8598530788522795,0.7611165709173078,0.7286172032823877,,,,,,0.9718926574267768,0.8777132313593335,0.7837443533138841,0.7524197145867138,0.9658320615361455,0.9075657262360594,0.8856678854112982,0.98508950692389,0.9751267114225931,0.9986981736729619,0.7053575664561279,,0.7299673020318914,0.8695780215034141,0.967103689535408,0.996410874638981,0.9993999755539158,True,gaaf,4,0.01/pi,burgers,False,777,0.96,MS_hard_burgers_n4_gaaf_s777
0.9993162261854753,0.9626233915891694,0.8594133446752183,0.7603310232735209,0.7277137911415815,,,,,,0.9718100698882001,0.8773138508014771,0.7830078368466451,0.7515666810712579,0.9657070038994081,0.9072134426800015,0.8852261076558106,0.98502644572342,0.975019083015373,0.9986919806234,0.7044217617413852,,0.7290812008102171,0.8691068722125758,0.9669791219333257,0.9964003248025829,0.9993998768694656,True,gaaf,4,0.01/pi,burgers,False,777,1.0,MS_hard_burgers_n4_gaaf_s777
0.9973498937123508,0.9734511920461285,0.9588635945784267,0.902216613500774,0.8990380803590389,,,,,,0.9857870702164098,0.974353613558477,0.9266645188570484,0.9240238274144654,0.9930720105239822,0.9748075866118748,0.9614531835383179,0.9763702806635506,0.9651615724634062,0.97714787545781,0.6483817185167757,,0.6895986034135888,0.751031958797456,0.75372042170463,0.8010141587236089,0.8300246578613307,True,gaaf,4,0.01/pi,burgers,True,777,0.0,MS_hard_burgers_n4_gaaf_s777_r1
0.9972059039794582,0.9728099776002618,0.9568968373377914,0.8992076340964396,0.8930969580591324,,,,,,0.9855953218016559,0.9733542158538314,0.9240679305758397,0.919308615362257,0.9931339783341889,0.9738621109166794,0.9599743738401932,0.9759433814545742,0.9658876351431954,0.9777466254180373,0.6119269478030974,,0.6562406713306693,0.7287284778245972,0.7379910619021752,0.790101310009922,0.8214893942826992,True,gaaf,4,0.01/pi,burgers,True,777,0.04,MS_hard_burgers_n4_gaaf_s777_r1
0.997045435746323,0.9719228806050481,0.9542349027770807,0.8965079183103476,0.886944740405001,,,,,,0.9852987677934177,0.9718346532866825,0.9217825651238226,0.9143095371928149,0.9931686972353022,0.9730773486687941,0.9584691719369841,0.9760114763971635,0.9668871742275185,0.9785371067608307,0.5763348523368977,,0.6233127499225666,0.7072044856964531,0.7243819204031715,0.7812588641286992,0.8141831773290606,True,gaaf,4,0.01/pi,burgers,True,777,0.08,MS_hard_burgers_n4_gaaf_s777_r1
0.9968702324645219,0.9707450673301435,0.9507503002128352,0.8937409070844169,0.8803125724711859,,,,,,0.9848587999474211,0.9696480620610108,0.9194787139045206,0.9087842833060589,0.9931096880253676,0.9722770244959574,0.9568181029417753,0.9764647951567109,0.9681014321883676,0.9795784558421009,0.5416152255816359,,0.5907852753062972,0.6862533030939574,0.7126458817309854,0.774087191787552,0.8078279950222901,True,gaaf,4,0.01/pi,burgers,True,777,0.12,MS_hard_burgers_n4_gaaf_s777_r1
0.996682067799581,0.9692578723864473,0.9463451605639548,0.8905498506615265,0.8729902720157163,,,,,,0.9842492193646393,0.9666655306356289,0.9168285860898387,0.902537983391666,0.9928747923513654,0.9712442814609322,0.9548598286634719,0.9771879277368922,0.9694435794049054,0.9808923028819326,0.5077993978466558,,0.5586546982886714,0.6655551275198784,0.7024122008913517,0.7681039826965963,0.8021467487516286,True,gaaf,4,0.01/pi,burgers,True,777,0.16,MS_hard_burgers_n4_gaaf_s777_r1
0.9964827554063526,0.9674837109490178,0.9409872967380298,0.8866494393456438,0.8648486084029348,,,,,,0.9834679293653826,0.9628138216543659,0.9135563492862239,0.8954449059924066,0.9923711722182356,0.9697304903309418,0.9523673635091168,0.9780750187791514,0.9707916497373943,0.9824645272287525,0.47494160688670656,,0.5269468213806291,0.6446398485379902,0.6931771332473429,0.7627667753106434,0.796860291519385,True,gaaf,4,0.01/pi,burgers,True,777,0.2,MS_hard_burgers_n4_gaaf_s777_r1
0.996274167759676,0.9654920771557629,0.9347537169980129,0.8818955300946542,0.8558844596487434,,,,,,0.9825437281160784,0.9581230310694321,0.9095102658015883,0.8874956663557253,0.9915090572609382,0.9675011195079172,0.9490654708089198,0.9790394936895587,0.9719841742872323,0.984249284533646,0.4431466808799645,,0.4957509464196703,0.6229120028847223,0.6842770798428319,0.757446122370257,0.7916621684537731,True,gaaf,4,0.01/pi,burgers,True,777,0.24,MS_hard_burgers_n4_gaaf_s777_r1
0.9960582493888205,0.9633898031299063,0.9278850367312957,0.8763982076262244,0.8463359897260543,,,,,,0.981532993498852,0.9527873197077061,0.9047831866297716,0.8789188395810726,0.9902457762921681,0.964473622926093,0.9447756639654824,0.9800217793932575,0.9728404772148211,0.9861786077159422,0.41266985007302315,,0.4653376696037318,0.5998633895577434,0.6748665997222574,0.7513522127066544,0.7861598135628276,True,gaaf,4,0.01/pi,burgers,True,777,0.28,MS_hard_burgers_n4_gaaf_s777_r1
0.9958370345270154,0.9612926347297922,0.9208270777975618,0.8706332289322881,0.8368595705108725,,,,,,0.9805031248280771,0.9472136761469526,0.8998359093955375,0.8703718512062796,0.9886692713296369,0.9609396925351587,0.9397404334555334,0.9809883226265015,0.9732309695837171,0.9881722822029577,0.38413654106834344,,0.43641933022395846,0.5756385495702171,0.6640575083173572,0.7435303055505529,0.7797869838182041,True,gaaf,4,0.01/pi,burgers,True,777,0.32,MS_hard_burgers_n4_gaaf_s777_r1
0.995612653726869,0.9592850970969643,0.9141735059132007,0.8654040019992941,0.8286254257524944,,,,,,0.9795063832644763,0.9419692765774969,0.8954666210087354,0.8630578077848992,0.9870506506744249,0.9576732086896409,0.9349886251903563,0.9819326754459089,0.973247121791458,0.9900848862349438,0.35910363448198485,,0.41081421675514196,0.5522994048491513,0.6520568909664489,0.7337293601640493,0.7721018106493622,True,gaaf,4,0.01/pi,burgers,True,777,0.36,MS_hard_burgers_n4_gaaf_s777_r1
0.9953873336584125,0.9573888586953232,0.9084424156862213,0.8615573332036304,0.8228366629856324,,,,,,0.9785576517204013,0.9375565034435508,0.8925150181658126,0.858237423978942,0.9857370762836694,0.9556253805637646,0.9320404175698792,0.9829106136344489,0.973373843063233,0.991730809987256,0.33994249414690825,,0.39135964411786217,0.5341270600647819,0.6417037136035835,0.7241650920773167,0.7640033021228496,True,gaaf,4,0.01/pi,burgers,True,777,0.4,MS_hard_burgers_n4_gaaf_s777_r1
0.9951633895848228,0.9555624867280152,0.9038402737366519,0.859435397362757,0.8192770343007632,,,,,,0.9776324509118106,0.9341712050998816,0.8913060236385671,0.8556930844853355,0.9849357077255962,0.9552528051604466,0.9311031838031462,0.9839748567312683,0.9736908011677068,0.993009603900639,0.32666940793406735,,0.3782512837594064,0.5225033304677538,0.6344027477339436,0.7163819939895537,0.7569889815020747,True,gaaf,4,0.01/pi,burgers,True,777,0.44,MS_hard_burgers_n4_gaaf_s777_r1
0.9949432071270243,0.9537363268640241,0.9002542859999383,0.8586708088614671,0.8169385086841847,,,,,,0.9766885157298943,0.9316928849978408,0.891458758835362,0.8543688035468242,0.9846288434516899,0.9562991806149765,0.9313594372605317,0.9850930824576261,0.9738615765305864,0.9938353566218028,0.31743324457428973,,0.3694923410505789,0.5156771704278839,0.6290710316001379,0.7097360859003663,0.751480886915803,True,gaaf,4,0.01/pi,burgers,True,777,0.48,MS_hard_burgers_n4_gaaf_s777_r1
0.9947292091607619,0.9518584264977943,0.8974256855525923,0.8586243226019922,0.8152528536230197,,,,,,0.9756948707424763,0.9298601546066164,0.8923226824594143,0.8536635459161789,0.9846661919639721,0.9581768553315478,0.932287484900685,0.9861839612029004,0.9738587846765512,0.994265836817367,0.31083408596292306,,0.36354399755909395,0.5120939133781588,0.6249875546508601,0.7038396898059737,0.7472690394565453,True,gaaf,4,0.01/pi,burgers,True,777,0.52,MS_hard_burgers_n4_gaaf_s777_r1
0.9945238249897466,0.9499208203918128,0.8951031279850157,0.8587892349313704,0.8139644500881483,,,,,,0.9746479553730677,0.9284249278930118,0.8933767320804895,0.853302691160921,0.9848831054396163,0.9603473296189933,0.9335892122236256,0.9871810858268877,0.9737874465524409,0.9944231115107593,0.3060025453823836,,0.3594438505952256,0.5106572779580076,0.6218672624404418,0.6986750991006004,0.7440411936515549,True,gaaf,4,0.01/pi,burgers,True,777,0.56,MS_hard_burgers_n4_gaaf_s777_r1
0.9943294418681361,0.9479562240953291,0.8931065803513835,0.8588976653978032,0.8129364879554634,,,,,,0.9735687854645455,0.9272139488205094,0.894337352506111,0.8531364441294259,0.9851600366273161,0.962470518897439,0.9350473279243032,0.9880597723746027,0.9737258557276458,0.9944156636999614,0.3023619845810253,,0.3565490035828737,0.5105298019752621,0.6195203324117401,0.694235355915604,0.7415234105605365,True,gaaf,4,0.01/pi,burgers,True,777,0.6,MS_hard_burgers_n4_gaaf_s777_r1
0.9941483573639394,0.9460183338162025,0.8913313898066344,0.8588567863345863,0.8120857465070904,,,,,,0.9724902884139844,0.9261296651802177,0.895097626154343,0.8530720825019241,0.9854303167970856,0.9643848363689009,0.9365074567630024,0.9888238660672192,0.973706000045415,0.9943198588490471,0.29952784822334205,,0.35442858501709007,0.511106256727986,0.6177717001988957,0.6904531223921184,0.739510332768856,True,gaaf,4,0.01/pi,burgers,True,777,0.64,MS_hard_burgers_n4_gaaf_s777_r1
0.9939827314158236,0.9441630870466108,0.8897292146325082,0.8586611182440773,0.8113579354927812,,,,,,0.9714460142440539,0.9251292399721717,0.8956410181270111,0.8530485158519348,0.9856653649051491,0.9660375475771164,0.9378725492087938,0.9894855402649015,0.9737279399829102,0.9941836756086304,0.2972529399695492,,0.3528048612296565,0.5119926788825164,0.616464367337681,0.6872371393690654,0.7378641165753606,True,gaaf,4,0.01/pi,burgers,True,777,0.68,MS_hard_burgers_n4_gaaf_s777_r1
0.9938345306051161,0.9424388944359456,0.8882865312479987,0.8583362223192831,0.8107165212730196,,,,,,0.9704648962474753,0.924202726783631,0.8959852916721741,0.8530247769843777,0.9858575685435906,0.9674274933005196,0.9390890571334097,0.9900547456747035,0.973776348042207,0.9940359449355329,0.29538509489104803,,0.35150659896552644,0.5129559574337628,0.6154690220358007,0.6845058652135292,0.7364993953384474,True,gaaf,4,0.01/pi,burgers,True,777,0.72,MS_hard_burgers_n4_gaaf_s777_r1
0.9937054863671727,0.9408847070664254,0.8870085190227414,0.8579130529244617,0.8101372108683391,,,,,,0.9695708340662219,0.9233575083056748,0.8961564479185953,0.8529741609903904,0.9860084774851154,0.9685716379590268,0.9401307392447813,0.9905367897447647,0.9738315971149891,0.993894224163279,0.2938331352960335,,0.3504310899696462,0.5138647570712723,0.6146832076857545,0.6821972918097324,0.7353647818244651,True,gaaf,4,0.01/pi,burgers,True,777,0.76,MS_hard_burgers_n4_gaaf_s777_r1
0.9935970511480964,0.9395317173976062,0.8859091184704457,0.8574198754344208,0.8096048849445068,,,,,,0.9687842097783043,0.922609112897848,0.8961800598475556,0.8528808050196033,0.9861225550022623,0.9694894714822619,0.9409855388243155,0.9909334175963299,0.9738750326816481,0.9937693787136124,0.29254353090437835,,0.34951822565929386,0.514643203003371,0.6140254490804686,0.6802653553751649,0.7344289453300429,True,gaaf,4,0.01/pi,burgers,True,777,0.8,MS_hard_burgers_n4_gaaf_s777_r1
0.9935103648438034,0.9384054986210187,0.8850055769374591,0.8568819322470888,0.8091116161560507,,,,,,0.9681232878852808,0.9219763626815396,0.8960803759143758,0.8527374204396205,0.986204544191728,0.9701976537909289,0.9416471615846146,0.9912447603317062,0.9738904197957184,0.9936674383966625,0.2914861612914618,,0.34873501269912505,0.5152426122625775,0.6134293709492834,0.6786726448593148,0.7336724407246042,True,gaaf,4,0.01/pi,burgers,True,777,0.84,MS_hard_burgers_n4_gaaf_s777_r1
0.9934462306258689,0.9375272003317464,0.884315635343863,0.856323566376587,0.808655420961396,,,,,,0.9676047100608312,0.9214789078420059,0.8958819671781101,0.8525438218379303,0.9862587071202328,0.9707095389209937,0.9421109003588444,0.9914711085867988,0.9738637412411337,0.9935900789811333,0.29064723726379155,,0.3480681572313351,0.5156290662265497,0.6128407271087536,0.6773851925018807,0.7330843573894741,True,gaaf,4,0.01/pi,burgers,True,777,0.88,MS_hard_burgers_n4_gaaf_s777_r1
0.9934050992027215,0.9369136290265582,0.8838560258294967,0.8557701254820523,0.8082391644336179,,,,,,0.9672430819921151,0.9211358647310864,0.8956112803025447,0.8523056752606766,0.9862888669980379,0.9710363823922181,0.9423722374384473,0.9916141316142135,0.9737825337605748,0.993534795009842,0.2900251558086208,,0.3475198103321488,0.5157794143373023,0.6122154294859821,0.6763696434431389,0.7326607344601489,True,gaaf,4,0.01/pi,burgers,True,777,0.92,MS_hard_burgers_n4_gaaf_s777_r1
0.9933870652642725,0.9365765644812605,0.8836414921532971,0.8552489499595304,0.8078695668579715,,,,,,0.9670499738648847,0.9209648563110049,0.8952973784725954,0.8520333646545682,0.9862986918629716,0.9711888614125318,0.9424271193832156,0.991677547321343,0.973635401906643,0.9934953249541764,0.2896271179796629,,0.34710381484818387,0.5156802706101995,0.6115168789438064,0.6755915387692146,0.7324026351963039,True,gaaf,4,0.01/pi,burgers,True,777,0.96,MS_hard_burgers_n4_gaaf_s777_r1
0.9933918742411456,0.9365218104107969,0.8836840253419227,0.8547892788355718,0.8075561191207777,,,,,,0.9670327440928321,0.9209811974316457,0.8949716880506194,0.8517407474126985,0.986291967967532,0.9711782877226536,0.9422728695667353,0.9916673099295179,0.9734117862310139,0.9934624866334802,0.2894650923226592,,0.34684087151040754,0.5153263569148331,0.6107114484506792,0.6750135690750241,0.7323127006807588,True,gaaf,4,0.01/pi,burgers,True,777,1.0,MS_hard_burgers_n4_gaaf_s777_r1
0.9894065284502771,0.9471667749420728,0.8460135021500531,0.8046853972577872,0.8194244840721102,,,,,,0.9811494716875039,0.9089579910289088,0.8713579442106776,0.8752678101557265,0.9612886634375627,0.9339755933452638,0.9300621004218375,0.9912480068742864,0.9757309456846324,0.9846187975786223,0.7834036386169076,,0.8191042989491529,0.8476762304352635,0.7861424630852426,0.7739064248879993,0.7782246994822787,True,gaaf,5,0.01/pi,burgers,False,1234,0.0,MS_hard_burgers_n5_gaaf_s1234
0.990150677071025,0.9504243367432486,0.8558483772748983,0.815207261585128,0.8354575946386313,,,,,,0.9820326013274523,0.9146206456016744,0.8775770421566087,0.8871743201121852,0.963570819528589,0.9368452612050262,0.9386291229152132,0.9912079973721366,0.9771068633367149,0.9848075926838217,0.7611858451781222,,0.8003223452079146,0.8364054901887077,0.7803627970910005,0.7673470443375388,0.7812514452252537,True,gaaf,5,0.01/pi,burgers,False,1234,0.04,MS_hard_burgers_n5_gaaf_s1234
0.9908725208190706,0.9534433671979909,0.8662867749651254,0.8277089046509696,0.8515851536092878,,,,,,0.9828488013362189,0.9208796813138733,0.8856631464136169,0.8997986559078288,0.9662854042462624,0.9410426994059439,0.9479590533050631,0.9914566339682309,0.9791988686721842,0.9852857309598649,0.7381712795346586,,0.7810127408680755,0.8252324167830855,0.7755985359462809,0.7624198066537082,0.7855658062504505,True,gaaf,5,0.01/pi,burgers,False,1234,0.08,MS_hard_burgers_n5_gaaf_s1234
0.9915645192662988,0.9562357597132877,0.8771060424904346,0.8416461770926528,0.8666904175937928,,,,,,0.9836206235349308,0.9275711954635049,0.8952107871827113,0.9121180594114041,0.9694018184022508,0.9463764021850058,0.9574130871612686,0.991985734771307,0.9819105095967956,0.9860562923354491,0.7141558003231216,,0.7608020294618001,0.8137070032390522,0.7715078768640818,0.7588809667449472,0.7904268969207371,True,gaaf,5,0.01/pi,burgers,False,1234,0.12,MS_hard_burgers_n5_gaaf_s1234
0.9922209261862507,0.9588270946059605,0.8880272759384787,0.8563308969227899,0.8797988186455258,,,,,,0.9843726491747761,0.9344637084211428,0.905629564616907,0.9230694325590383,0.9728528790231261,0.952531155672281,0.9661996950089918,0.9927324027826379,0.9850145284133115,0.9870552515616816,0.688986760969428,,0.7393054917507693,0.8012052480034803,0.767572278539683,0.7562090823769521,0.7950391912690394,True,gaaf,5,0.01/pi,burgers,False,1234,0.16,MS_hard_burgers_n5_gaaf_s1234
0.9928376418055556,0.9612609189886967,0.8987172058976894,0.8711170027845793,0.8903171176145812,,,,,,0.9851325559840879,0.941271477816122,0.9162980900007202,0.9317716186500551,0.9765210759135309,0.9591384977708003,0.973465460034761,0.9935908882915341,0.988055941623022,0.9881217245744508,0.6625424325468561,,0.7161495403677097,0.7869639452381773,0.7631375044436849,0.753770456975716,0.7986529837282301,True,gaaf,5,0.01/pi,burgers,False,1234,0.2,MS_hard_burgers_n5_gaaf_s1234
0.9934120318896563,0.9635945986472126,0.9088189443584112,0.885645701358362,0.8983711188533035,,,,,,0.9859278198536282,0.9477012921813296,0.9268082786090263,0.9379317164138457,0.9802406144962466,0.9659202763536643,0.9786075772781045,0.9944466933999864,0.9903543242666882,0.989024219882807,0.6346477585738114,,0.690934169112766,0.7700740246916117,0.7575305764089584,0.7511056132507754,0.8007984049370869,True,gaaf,5,0.01/pi,burgers,False,1234,0.24,MS_hard_burgers_n5_gaaf_s1234
0.9939427465699828,0.9658835797442169,0.9178907084597563,0.8999592439686378,0.9046913288208283,,,,,,0.9867769639278388,0.9534088034537782,0.9371301931508429,0.9419301846796728,0.9837356952245839,0.9727852944444073,0.9814847704989764,0.995253031674389,0.9912280904867068,0.9895204513028502,0.6052927206558245,,0.6634172788533024,0.7495504017520677,0.7499313252380317,0.7479383621644401,0.8013230948538093,True,gaaf,5,0.01/pi,burgers,False,1234,0.28,MS_hard_burgers_n5_gaaf_s1234
0.9944295146787537,0.9681571619272946,0.9253459583614994,0.9140898064946289,0.9097676448433393,,,,,,0.9876778683618618,0.9579326652567747,0.9472935366316153,0.9442100651800286,0.9865707730454047,0.9795701871042106,0.9820999183167551,0.9960466003829236,0.9903163170805279,0.9895560653431242,0.5752444408870326,,0.6341370529134085,0.7249249559752705,0.7392964177150697,0.7436244530266616,0.7997997071591217,True,gaaf,5,0.01/pi,burgers,False,1234,0.32,MS_hard_burgers_n5_gaaf_s1234
0.9948729346033599,0.9703986981623681,0.930840312695106,0.9268478424566425,0.9135503104884275,,,,,,0.9886006946447384,0.9610083917847733,0.9563236107906641,0.9450977022442903,0.9884139225717093,0.9853175961556634,0.9807597556183837,0.9965971005336746,0.9880749522617784,0.9896903851190741,0.5469946746338193,,0.6056772760811954,0.6982066657999431,0.7261734364624253,0.73747675079288,0.795124597981984,True,gaaf,5,0.01/pi,burgers,False,1234,0.36,MS_hard_burgers_n5_gaaf_s1234
0.9952742604623048,0.972546748883064,0.9346701991816916,0.936149060822497,0.916315605845928,,,,,,0.9894938369318744,0.9628859509128452,0.9625244366872323,0.9453909297145762,0.9893326266223309,0.9887358809813572,0.9788080337765104,0.9964170604940629,0.9858849052632263,0.9905001770802979,0.524708491233488,,0.5827250828737535,0.6747747958218159,0.7142437972372466,0.7305415406110425,0.7878653750749343,True,gaaf,5,0.01/pi,burgers,False,1234,0.4,MS_hard_burgers_n5_gaaf_s1234
0.9956351893492598,0.9745207055157243,0.9374361182263765,0.9417920440730984,0.9184269490319098,,,,,,0.9903023810272099,0.9640379827239015,0.9658348379545844,0.9456025754338466,0.9896290053391893,0.9900008086747785,0.9772206103766707,0.9955824910344638,0.9843877212733759,0.9915406917718891,0.5095909857055969,,0.5669070156000034,0.657545110421958,0.7057751286484127,0.7243156285561159,0.7804408637912759,True,gaaf,5,0.01/pi,burgers,False,1234,0.44,MS_hard_burgers_n5_gaaf_s1234
0.9959576550464367,0.9762537199479608,0.939603099915727,0.9450203209183483,0.9201245933086662,,,,,,0.9909869932407269,0.9648121320092133,0.967355742446615,0.9458462050452058,0.9895754125204691,0.9901247477127095,0.9761703267773009,0.9944801897705147,0.9834284910312121,0.9923968712550714,0.49964649044775716,,0.5563185455191428,0.6454637352127971,0.7000202362758928,0.7189460439746554,0.7737650131614627,True,gaaf,5,0.01/pi,burgers,False,1234,0.48,MS_hard_burgers_n5_gaaf_s1234
0.9962436424530727,0.9777110893364583,0.9414198715062434,0.9468816407984524,0.9215540014222446,,,,,,0.9915312165441481,0.9653825814009874,0.9679530194789817,0.9461281355922281,0.989343690991626,0.9898193089733395,0.9755782362456409,0.9933601297361969,0.982802903787408,0.9930480247561102,0.49279889178871844,,0.548833329884888,0.6367570473738378,0.6958031098190758,0.7141573947167024,0.7676708180448222,True,gaaf,5,0.01/pi,burgers,False,1234,0.52,MS_hard_burgers_n5_gaaf_s1234
0.9964950206776259,0.978888289823024,0.9429890818732183,0.9479274928851409,0.9227196400057891,,,,,,0.9919366106322424,0.9658141334440777,0.9680505157490863,0.9463692755540606,0.9890257537937986,0.9893938586666458,0.975287584163358,0.9923226059860516,0.9823827335285407,0.9935673828477734,0.48772994308820034,,0.5430764749502117,0.6301335346186475,0.6924487595128619,0.7098290121202022,0.7619867622140363,True,gaaf,5,0.01/pi,burgers,False,1234,0.56,MS_hard_burgers_n5_gaaf_s1234
0.996713414615191,0.979798517644554,0.9443415391585996,0.9484030870416308,0.9235422668204119,,,,,,0.9922134927668799,0.9661220294907436,0.9678173531876012,0.946449489364468,0.9886653785240387,0.9889436326768756,0.9751311967795789,0.9913896221497747,0.9820786047173518,0.9940001483798816,0.48369620288489223,,0.5382752586107022,0.6247998260097898,0.6896647481653895,0.7059635113419648,0.7567262857198792,True,gaaf,5,0.01/pi,burgers,False,1234,0.6,MS_hard_burgers_n5_gaaf_s1234
0.9969001088919347,0.9804608583306949,0.9454844836394017,0.948418029213365,0.9239384225510491,,,,,,0.9923738363220207,0.9663079042395076,0.9673189311060815,0.946265711478282,0.9882828077633458,0.9884852765113324,0.9749787880116478,0.9905510561487122,0.9818224986837621,0.9943611824907101,0.4802845616097851,,0.5340095257503915,0.6202913928860034,0.6873214271767448,0.7025781318780724,0.7519857232864136,True,gaaf,5,0.01/pi,burgers,False,1234,0.64,MS_hard_burgers_n5_gaaf_s1234
0.9970560014847267,0.9808936202008719,0.946423777435073,0.948031293650233,0.9238641224873603,,,,,,0.9924280373546894,0.9663748757424672,0.9665872336461672,0.9457618895275509,0.9878891097681409,0.9880167899926067,0.9747542023927285,0.9897865941989903,0.9815684980193368,0.9946548804626897,0.4772544614419772,,0.530043487788422,0.6163329566452408,0.6853334314234268,0.6996588004990578,0.7478455460895425,True,gaaf,5,0.01/pi,burgers,False,1234,0.68,MS_hard_burgers_n5_gaaf_s1234
0.9971815957215979,0.9811119893067236,0.9471690531300204,0.9472809137257182,0.9233188845939042,,,,,,0.9923842965798257,0.9663302338649884,0.9656430364316898,0.9449272457850155,0.9874924230571568,0.9875351431905347,0.9744269375554063,0.9890745863027623,0.9812917673109932,0.9948868506690605,0.4744502895589374,,0.5262312382746319,0.61274910063564,0.6836195260465238,0.6971592444280816,0.7443280014414737,True,gaaf,5,0.01/pi,burgers,False,1234,0.72,MS_hard_burgers_n5_gaaf_s1234
0.9972770376679787,0.9811278894965237,0.9477315781658183,0.9461907693924615,0.9223287713251196,,,,,,0.9922490451438312,0.9661833033460727,0.9644995344330554,0.943778416758528,0.9870996768845286,0.9870380863716527,0.9739935288967413,0.9883952557687772,0.9809817485651882,0.9950658767593008,0.4717553793664377,,0.5224674212844308,0.6094122406263395,0.6820956775538399,0.6950135463425751,0.7413972035542964,True,gaaf,5,0.01/pi,burgers,False,1234,0.76,MS_hard_burgers_n5_gaaf_s1234
0.9973421946660086,0.9809505564030996,0.9481209603228279,0.9447716479306761,0.9209268281705406,,,,,,0.9920275144237009,0.9659428056018701,0.9631619141908413,0.9423407845593085,0.9867165515318451,0.9865225322417682,0.9734609743843984,0.9877317197101239,0.9806343136825261,0.9952019814280779,0.46907034789099117,,0.5186642292326296,0.6062157118480026,0.6806780905773315,0.6931477518824416,0.7389779091366451,True,gaaf,5,0.01/pi,burgers,False,1234,0.8,MS_hard_burgers_n5_gaaf_s1234
0.997376760816194,0.980587115413249,0.9483428703020853,0.9430222828470988,0.9191397219410864,,,,,,0.9917241134599695,0.965615134944456,0.9616273056158345,0.9406360512818754,0.9863471455628349,0.9859832925741953,0.972836567929888,0.9870701966013404,0.9802465774471768,0.99530455447931,0.46630543159914667,,0.5147432474027188,0.603062675124609,0.6792880561964401,0.6914877286311858,0.7369763972461331,True,gaaf,5,0.01/pi,burgers,False,1234,0.84,MS_hard_burgers_n5_gaaf_s1234
0.9973803941827871,0.9800430790456945,0.9483982288198346,0.9409313882592625,0.9169819774712692,,,,,,0.9913426201393924,0.9652036947067674,0.9598856729531624,0.9386767258959163,0.9859938337365258,0.9854126384712918,0.9721235138379725,0.9863998481294234,0.9798148491069048,0.9953815197695577,0.46338037799139187,,0.5106348665568158,0.5998634910902018,0.6778558843148623,0.6899636709042298,0.7352959823853118,True,gaaf,5,0.01/pi,burgers,False,1234,0.88,MS_hard_burgers_n5_gaaf_s1234
0.9973528641549416,0.9793227516060599,0.9482834819584681,0.9384804071160908,0.9144557488289411,,,,,,0.9908862505626377,0.9647090261170165,0.9579213663916916,0.936465502595869,0.9856574475489138,0.9848004757280284,0.9713202302677996,0.9857125291842526,0.9793346299681865,0.9954392256510698,0.46022700217485163,,0.5062802926688923,0.5965364959741758,0.6763226129178197,0.6885119701505933,0.7338458472973964,True,gaaf,5,0.01/pi,burgers,False,1234,0.92,MS_hard_burgers_n5_gaaf_s1234
0.9972942106018684,0.9784296121642146,0.9479915417387605,0.9356464285508308,0.9115532631089973,,,,,,0.9903576577699783,0.9641293329610754,0.9557148231611354,0.9339968380626134,0.9853376411859219,0.9841348110854576,0.970421185122837,0.9850024761361359,0.9788012857745446,0.9954825892718984,0.4567922441998092,,0.5016338324138835,0.5930096628365605,0.674640000714054,0.6870756460392151,0.7325451551621642,True,gaaf,5,0.01/pi,burgers,False,1234,0.96,MS_hard_burgers_n5_gaaf_s1234
0.9972048974474675,0.9773667412173095,0.9475130364419061,0.932405231077376,0.9082603518025479,,,,,,0.9897589442383298,0.9634611971709015,0.9532444465846135,0.9312593972445529,0.9850333407556101,0.9834024451795759,0.9694182094993213,0.9842660737259638,0.9782107166099226,0.9955152367514699,0.4530398563895394,,0.4966638893354291,0.5892213826038797,0.672768635099923,0.6856031990116936,0.7313235822922695,True,gaaf,5,0.01/pi,burgers,False,1234,1.0,MS_hard_burgers_n5_gaaf_s1234
0.9596022694149168,0.8401290997875183,0.8487580232326264,0.8252543834204306,0.6565842411944723,,,,,,0.9499775012751179,0.9408704264635354,0.9306999468894858,0.8246598213696924,0.9703982159769927,0.9705209580410067,0.8980261195265729,0.9771214581993052,0.8584618759907069,0.9065424791144875,0.660201954046834,,0.804324961775397,0.8610842008001874,0.8218750205769135,0.9046959441139917,0.9481004452686811,True,gaaf,5,0.01/pi,burgers,False,2025,0.0,MS_hard_burgers_n5_gaaf_s2025
0.9578799259019949,0.8380826254895534,0.8443493022142187,0.8074345395258383,0.6273860169666073,,,,,,0.95043929147807,0.9393708064321664,0.9223250858081257,0.8084944296521455,0.9701977231488501,0.9718951169702401,0.8908850448380881,0.9754959284290274,0.8444959412617775,0.9009518158801422,0.6270142430926241,,0.7856163299762223,0.8527086471479774,0.8020731502383747,0.8952887796588779,0.9493711597212536,True,gaaf,5,0.01/pi,burgers,False,2025,0.04,MS_hard_burgers_n5_gaaf_s2025
0.9561411457207896,0.8361919280520662,0.840173103552135,0.7880709661236175,0.5986098710268598,,,,,,0.9509568659555967,0.9378651743880037,0.9126254467464008,0.7912337446136787,0.9697880178743012,0.971770156752697,0.8820364181537595,0.9728331681008217,0.8308951107452422,0.8964455718405427,0.592160279702549,,0.7641508289864279,0.8414892868149476,0.7799508408793703,0.8840550169668907,0.9508626821642895,True,gaaf,5,0.01/pi,burgers,False,2025,0.08,MS_hard_burgers_n5_gaaf_s2025
0.9543930189095093,0.8344650901568821,0.8363039923247857,0.7679251572712176,0.5709613745380165,,,,,,0.9515246972149773,0.9363691343714032,0.9020777188055359,0.7733051924202894,0.9691733748074071,0.970221155674554,0.8717317870354595,0.9692944221607911,0.8182230169932245,0.8932299998816806,0.5567263421242709,,0.7402957597741178,0.827317471638408,0.7560445421656271,0.871297418068225,0.951931225796375,True,gaaf,5,0.01/pi,burgers,False,2025,0.12,MS_hard_burgers_n5_gaaf_s2025
0.9526432404271932,0.8329096947244051,0.8328049953736788,0.7478842338757457,0.5449660316950355,,,,,,0.9521367658387483,0.9348947253332743,0.8912902182705309,0.7550287847965342,0.9683581589470819,0.9675060305855988,0.8600884005357229,0.9651756602355894,0.8066201790812632,0.8911648836852878,0.5217585837613452,,0.7145551696138944,0.8102382586916861,0.7309715873271003,0.8573805526253593,0.9519282663624198,True,gaaf,5,0.01/pi,burgers,False,2025,0.16,MS_hard_burgers_n5_gaaf_s2025
0.950900103461529,0.8315327522799096,0.8297253886324982,0.7287537623411144,0.5210234064503979,,,,,,0.952786608137471,0.9334531152905404,0.8808238134756907,0.7367466884927446,0.967351877731047,0.9639475354633401,0.847348293643639,0.9607787652367172,0.795939689290125,0.890000210607613,0.4881569344335907,,0.6875559275035897,0.7905081930557855,0.7053571464562789,0.8426786588436216,0.9504326013612103,True,gaaf,5,0.01/pi,burgers,False,2025,0.2,MS_hard_burgers_n5_gaaf_s2025
0.9491724556385474,0.8303405243501752,0.8270993091672886,0.7111006157366783,0.4995109545985612,,,,,,0.9534673508939047,0.9320558901554222,0.8710551069170249,0.7189831076865634,0.9661728533685243,0.9598272283322226,0.8340720407300033,0.9563119152098309,0.7860891409459303,0.8896506834716844,0.4566386366172192,,0.6600435045094405,0.7686368747635163,0.6797981333582265,0.827522416551202,0.9473719943594909,True,gaaf,5,0.01/pi,burgers,False,2025,0.24,MS_hard_burgers_n5_gaaf_s2025
0.9474696392779706,0.8293385168248107,0.824946228993585,0.6952283299331207,0.48079651021527325,,,,,,0.9541718374042653,0.9307149814913684,0.8621615678502481,0.7023878526556568,0.9648490855464015,0.9553521933063108,0.8209505529876501,0.9518870084097877,0.7771705181250247,0.8900905341855293,0.427764559299351,,0.6328900282198919,0.745433863523873,0.6548910175784578,0.8122130195971383,0.9429060760123845,True,gaaf,5,0.01/pi,burgers,False,2025,0.28,MS_hard_burgers_n5_gaaf_s2025
0.9458014549171245,0.8285313744791221,0.8232715898615466,0.6812354798430488,0.46512885315874386,,,,,,0.9548926812141485,0.9294406931077681,0.8541794408051793,0.6875319935999652,0.9634157882209519,0.9506647607427101,0.8085716800492354,0.9475712670109022,0.7693588223719618,0.8912366692013424,0.4019823907826663,,0.6070920924647636,0.7220665252610899,0.6313062809286532,0.7971692329687561,0.9372800851948899,True,gaaf,5,0.01/pi,burgers,False,2025,0.32,MS_hard_burgers_n5_gaaf_s2025
0.9441780869281039,0.8279228489081778,0.8220679983398433,0.6690672670769684,0.4525762664906683,,,,,,0.9556223808933485,0.9282391609480575,0.847040720879496,0.6747949310183688,0.9619111426528226,0.9458391554693049,0.7973777401916085,0.9434083545901031,0.7627967156468303,0.8930393449463343,0.3796093948369462,,0.5836302699758363,0.6998704174769665,0.6097526957028981,0.7829582396156627,0.9308235284934914,True,gaaf,5,0.01/pi,burgers,False,2025,0.36,MS_hard_burgers_n5_gaaf_s2025
0.9426099940519603,0.827515726141246,0.8213168082735461,0.6585382608452851,0.443039552311549,,,,,,0.9563534180852172,0.9271103708983897,0.8405743769729908,0.6643346026752912,0.9603717398726721,0.9408644424494245,0.787651135104038,0.9393981531852919,0.7575442663042904,0.8955185168720835,0.36073588003609,,0.5631888671556623,0.6799145390154036,0.5907700383946622,0.7701012172704224,0.9239161035350327,True,gaaf,5,0.01/pi,burgers,False,2025,0.4,MS_hard_burgers_n5_gaaf_s2025
0.9411078325159558,0.8273117466147176,0.8209903985249603,0.6493602055081286,0.4362963047453113,,,,,,0.9570783322452845,0.926047384637033,0.834514658531301,0.6560959761946095,0.9588291113136135,0.9356456957874273,0.7794839344246264,0.9354805335568454,0.753546902578199,0.8986866499355597,0.3451733619362356,,0.545978297806122,0.6627129596063897,0.5745580799376233,0.7588891705266867,0.916886940898922,True,gaaf,5,0.01/pi,burgers,False,2025,0.44,MS_hard_burgers_n5_gaaf_s2025
0.9396823531090461,0.8273116415181763,0.821054570067524,0.6411874370805523,0.4320551402460451,,,,,,0.9577898338860409,0.9250368305792072,0.8285376838940448,0.6498606032840256,0.9573079185786324,0.9300318846927473,0.7727919477264592,0.9315453145589601,0.7506408900619188,0.9024776220635722,0.33251705480583016,,0.5317847859494753,0.6482517524795056,0.5609838596763042,0.7493555988909442,0.9099620270255061,True,gaaf,5,0.01/pi,burgers,False,2025,0.48,MS_hard_burgers_n5_gaaf_s2025
0.9383442458833491,0.8275150559335758,0.8214708373115497,0.6336702282276209,0.4300117479727023,,,,,,0.9584809003334044,0.9240604667234604,0.8223147176191141,0.6453274280022697,0.9558256657042297,0.9238570692971587,0.7673836328987436,0.9274608680619273,0.748603720603958,0.9067351396259578,0.32227042129903427,,0.5201537936942897,0.6361952004508284,0.5497128385653761,0.7413553800879118,0.9032768299384463,True,gaaf,5,0.01/pi,burgers,False,2025,0.52,MS_hard_burgers_n5_gaaf_s2025
0.9371040514438503,0.8279205102322658,0.8221983263927934,0.6265038432586999,0.42989164779477645,,,,,,0.9591448271935572,0.9230968813069129,0.8155635497446315,0.6421887156135716,0.9543934961063981,0.9169810250149838,0.7630399819366026,0.923106677688675,0.7472153396459813,0.9112382017580024,0.31395298811516076,,0.5105681191935724,0.6260953450506781,0.5403498454375206,0.7346600331162075,0.8969045617677261,True,gaaf,5,0.01/pi,burgers,False,2025,0.56,MS_hard_burgers_n5_gaaf_s2025
0.9359719957725727,0.8285254041704581,0.8231952450486737,0.6194508333756341,0.4314627267531429,,,,,,0.9597753224684558,0.922123508603558,0.8080758699471927,0.640169094889467,0.95301758394246,0.909310911267313,0.7595592795472877,0.9183929948381258,0.746293359087606,0.9157314245729086,0.30715394255136724,,0.5025529855068422,0.6175206799461829,0.5325279915369117,0.729026803177967,0.8908710415461033,True,gaaf,5,0.01/pi,burgers,False,2025,0.6,MS_hard_burgers_n5_gaaf_s2025
0.9349578664986361,0.8293260492626785,0.8244200529356334,0.6123483109501603,0.4345275837622361,,,,,,0.9603665895030573,0.9211182829703001,0.7997268879085255,0.6390344780760651,0.9517006266782938,0.9008103829764537,0.7567711207690319,0.913270098325688,0.7457014769346806,0.919946891808307,0.3015453297906917,,0.4957169451159852,0.6101112357911096,0.5259447647138076,0.7242339376533115,0.8851605485140958,True,gaaf,5,0.01/pi,burgers,False,2025,0.64,MS_hard_burgers_n5_gaaf_s2025
0.9340708359836054,0.830317573664656,0.8258317657421309,0.6050994891859236,0.4389052519625806,,,,,,0.9609133493435251,0.9200607989756222,0.790469472588385,0.638583914670917,0.9504431053271978,0.891496230546067,0.7545305319852567,0.9077271778426869,0.7453412338015944,0.9236204880165919,0.2968755002111781,,0.4897576360708415,0.6035896172818015,0.5203676137246463,0.7200961451670883,0.8797213133659916,True,gaaf,5,0.01/pi,burgers,False,2025,0.68,MS_hard_burgers_n5_gaaf_s2025
0.9333193550210037,0.8314940197020138,0.8273905523590094,0.5976630487160675,0.44441229771270174,,,,,,0.9614109145065736,0.9189333358289854,0.780324384769925,0.6386372717615949,0.9492444750717677,0.8814329528157385,0.7527080698573771,0.9017880958390367,0.7451383278976391,0.9265074503615187,0.29295455547710353,,0.48445005823125226,0.5977510324992322,0.5156235760823206,0.716468203826407,0.8744756485109512,True,gaaf,5,0.01/pi,burgers,False,2025,0.72,MS_hard_burgers_n5_gaaf_s2025
0.9327109836322977,0.8328483266025587,0.8290579982063989,0.5900398530925046,0.45084809436086287,,,,,,0.9618552149458717,0.9177214277827431,0.7693669869336878,0.6390241544175124,0.9481038609075827,0.8707238150922387,0.7511805497095665,0.8955053458377976,0.7450310114500988,0.9284010738445628,0.2896383497614327,,0.4796300583595672,0.5924479541059327,0.5115866988498625,0.7132458239008099,0.8693328911139153,True,gaaf,5,0.01/pi,burgers,False,2025,0.76,MS_hard_burgers_n5_gaaf_s2025
0.9322522459063122,0.8343723207981018,0.830797074160058,0.5822617377660556,0.45799125695558174,,,,,,0.9622428109135269,0.9164141673273664,0.7577159493820879,0.6395819201471501,0.947020629217793,0.859503158944502,0.7498300543744567,0.8889543171762738,0.7449651253360215,0.9291530665137081,0.2868181106913439,,0.47518158907573654,0.5875769385116919,0.5081676512484048,0.7103655986707996,0.8642055255384955,True,gaaf,5,0.01/pi,burgers,False,2025,0.8,MS_hard_burgers_n5_gaaf_s2025
0.9319485334480815,0.836056834884429,0.832572674066558,0.5743823019485711,0.4656023801396463,,,,,,0.9625709326556473,0.9150043656187821,0.7455208942543983,0.6401562927910716,0.9459945723776808,0.8479272145973288,0.7485454927448763,0.8822275357594525,0.7448923852285743,0.9286914349165137,0.28440922724501666,,0.4710220473835159,0.5830652103713495,0.5053033155059574,0.7078026292301212,0.8590230300473534,True,gaaf,5,0.01/pi,burgers,False,2025,0.84,MS_hard_burgers_n5_gaaf_s2025
0.9318039615109003,0.8378916921942733,0.8343516853868508,0.5664681493189802,0.47343644954898906,,,,,,0.9628374621298803,0.9134884817185887,0.7329508552440962,0.640609180194387,0.9450260619324321,0.8361646381835066,0.7472296340175788,0.8754281596237865,0.7447736801639642,0.9270303123173774,0.28234589983127123,,0.4670939620387133,0.5788621986674044,0.5029503006078334,0.7055670654724263,0.8537427128172729,True,gaaf,5,0.01/pi,burgers,False,2025,0.88,MS_hard_burgers_n5_gaaf_s2025
0.9318212585576011,0.8398658034634333,0.8361033615292508,0.5585917010877454,0.48125762711509923,,,,,,0.9630409498330628,0.9118664032989208,0.7201820880391038,0.6408261547130573,0.9441159201879603,0.8243858598390924,0.7458055476560853,0.8686636216359975,0.7445832414582455,0.9242680462928659,0.2805769405148063,,0.4633579755978315,0.57493307330996,0.5010798828824286,0.7036966756151616,0.8483547455736336,True,gaaf,5,0.01/pi,burgers,False,2025,0.92,MS_hard_burgers_n5_gaaf_s2025
0.932001728400604,0.84196722349137,0.8377994736405516,0.5508253027644768,0.48885353210654525,,,,,,0.963180558634017,0.9101410706289783,0.7073875561707756,0.6407224953362965,0.9432653146037844,0.8127539498443774,0.744221503493669,0.8620389220363197,0.7443107340811106,0.9205736795922147,0.27906271941230326,,0.4597870995261442,0.5712532982367704,0.49967299399359727,0.7022475908345654,0.8428830183913407,True,gaaf,5,0.01/pi,burgers,False,2025,0.96,MS_hard_burgers_n5_gaaf_s2025
0.9323451475681773,0.8441832707865465,0.8394145962948831,0.5432359984288374,0.4960471179897451,,,,,,0.9632560906156065,0.9083181198677337,0.6947274611373666,0.6402464966181198,0.9424755592489145,0.8014157613329298,0.7424524809336785,0.8556505361080385,0.7439621559309647,0.9161642837907722,0.27777347620316384,,0.45636341532216107,0.5678052187762707,0.4987169048624968,0.7012826662005914,0.8373798421090208,True,gaaf,5,0.01/pi,burgers,False,2025,1.0,MS_hard_burgers_n5_gaaf_s2025
0.9897016952463397,0.954421242572773,0.8785165290627942,0.8441873863003695,0.860899523099327,,,,,,0.9851240168508003,0.9336687920731118,0.8872409813744228,0.8889139677984332,0.9748333269770455,0.9267422364349038,0.9180259355860803,0.9318025621871652,0.8941799817142962,0.9629038030700516,0.6966200030661359,,0.7699354077479617,0.829754265444414,0.8828503203165924,0.7411150362497205,0.6639189334883439,True,gaaf,5,0.01/pi,burgers,False,777,0.0,MS_hard_burgers_n5_gaaf_s777
0.9896225758596319,0.9536877909867474,0.8729765957446439,0.8351187526046184,0.849627839145667,,,,,,0.9847385112428757,0.9295948747216225,0.8804383086180262,0.8817492686606736,0.9722125364893082,0.923073176174927,0.9160215723463544,0.931844374254854,0.8962258163959418,0.9637057069520577,0.6618731899746007,,0.7408289810453752,0.809935477137018,0.8750687114307427,0.7313238233995744,0.6485802273369135,True,gaaf,5,0.01/pi,burgers,False,777,0.04,MS_hard_burgers_n5_gaaf_s777
0.989541697064669,0.9529185736149886,0.8675660540413652,0.8251148040131111,0.8362374603747741,,,,,,0.9843309564291082,0.9255526978801053,0.872719219820701,0.8726469963074626,0.9695650473109225,0.9187015795244079,0.9124263203603085,0.9320690608591258,0.8984988390515848,0.9645942810371365,0.6256672201079093,,0.7093754792256043,0.7871802060379707,0.8651390155755823,0.7224880495583863,0.6359179551276748,True,gaaf,5,0.01/pi,burgers,False,777,0.08,MS_hard_burgers_n5_gaaf_s777
0.9894590173982135,0.9521120495074402,0.8622912044874612,0.8131692327150183,0.820235732689547,,,,,,0.9839004488188481,0.9215589010012672,0.8632507041791536,0.8609861485101123,0.9669304885947223,0.9130132107960766,0.9064252057062537,0.9325431946382678,0.9005915906557109,0.965468683075135,0.5893206456288121,,0.6766349400657841,0.7620163128028694,0.8531415470379569,0.7156814802695766,0.6268387959210121,True,gaaf,5,0.01/pi,burgers,False,777,0.12,MS_hard_burgers_n5_gaaf_s777
0.9893744978865334,0.9512665050948729,0.8571083534023652,0.7981433675346787,0.8016044525154993,,,,,,0.9834459258332174,0.9175860771674339,0.8509212064071927,0.8464487411692353,0.9643189366987497,0.9049562355582844,0.8973335355272419,0.9328786965451497,0.901739784464974,0.9664056306148645,0.5540308964269418,,0.6436940182235664,0.7351677537347798,0.8392525623260696,0.7117542437325852,0.6220646131009611,True,gaaf,5,0.01/pi,burgers,False,777,0.16,MS_hard_burgers_n5_gaaf_s777
0.9892881035857376,0.9503802198758602,0.8519261370320589,0.7796145652655153,0.7817092133141688,,,,,,0.9829662745482768,0.9135619200925658,0.8350787309308574,0.8299458535353355,0.961707128600653,0.89364295512181,0.8855993173543192,0.9321357812924015,0.9010982581366951,0.9675486606556959,0.5195814517652598,,0.6104482383897558,0.7065048850914804,0.8235076911271734,0.7106036590232546,0.6220736966334671,True,gaaf,5,0.01/pi,burgers,False,777,0.2,MS_hard_burgers_n5_gaaf_s777
0.9891998045950935,0.949451375924276,0.8466129948080181,0.757044900166998,0.7649972026000249,,,,,,0.9824602759934687,0.9093738975367792,0.8148398213588907,0.8154199100724019,0.959039304339949,0.8780291563022181,0.8746187703716766,0.9286740327896645,0.8986845093933716,0.9676334128799946,0.4859600869922209,,0.5769520940969548,0.6760198192893813,0.8057319403720097,0.7113894851219262,0.6248101017777785,True,gaaf,5,0.01/pi,burgers,False,777,0.24,MS_hard_burgers_n5_gaaf_s777
0.9891095783755693,0.9484781353296902,0.8410140774218446,0.7314418503062702,0.7531692362428437,,,,,,0.9819266581453086,0.9048836361391417,0.7909213933787845,0.8047205172843234,0.9562349611881499,0.8587057335293642,0.866532742500014,0.9215876674432941,0.8953014516869298,0.9641274205985586,0.45386545703336756,,0.544023694545835,0.6445721232831271,0.7862661661526504,0.712810490165579,0.6268191695611538,True,gaaf,5,0.01/pi,burgers,False,777,0.28,MS_hard_burgers_n5_gaaf_s777
0.9890174053226526,0.9474586504694229,0.8349802001191395,0.7079773259238815,0.7440900937501841,,,,,,0.9813641104391285,0.8999542035857442,0.7686954846673826,0.796211358457113,0.9532069151427232,0.8409163444154499,0.8603883908886517,0.9145213140094639,0.8914834728708307,0.9585624361785909,0.42510136846864816,,0.5137503998670728,0.6145640314230154,0.7666487178043122,0.7134833951946601,0.6262183470961611,True,gaaf,5,0.01/pi,burgers,False,777,0.32,MS_hard_burgers_n5_gaaf_s777
0.988923272890979,0.9463910164261777,0.8284048692390137,0.6889245681062093,0.7363513749111557,,,,,,0.9807712545094802,0.8944868201265599,0.7507851296480099,0.7887643209891743,0.9498887746450119,0.8273550760067993,0.8552949635333935,0.9101587410546192,0.8875251001683685,0.9531319674940537,0.40004648081415833,,0.48686760585696903,0.5872133017698156,0.7483455288094456,0.713008329447823,0.6230726970657013,True,gaaf,5,0.01/pi,burgers,False,777,0.36,MS_hard_burgers_n5_gaaf_s777
0.9888271746440318,0.9452734362806028,0.821256277893016,0.6734878902190077,0.7293177533841151,,,,,,0.9801467605116976,0.8884535589813926,0.7365463656452841,0.7818638578853931,0.9462621383433065,0.8174425816524089,0.850772415403062,0.9084380490707475,0.8835006256795925,0.9482839516241257,0.37858183785851096,,0.46352940023738787,0.5630965284176509,0.7323200680298518,0.7113175874944541,0.6179339042093279,True,gaaf,5,0.01/pi,burgers,False,777,0.4,MS_hard_burgers_n5_gaaf_s777
0.9887291137942056,0.9441041238791004,0.8135849614417233,0.660610490342898,0.7227115202170405,,,,,,0.9794892822239767,0.8819065487227192,0.7249617203281173,0.7752982601729983,0.9423675652382549,0.8101770722523264,0.8466161312996021,0.9086666047618005,0.8794409185777392,0.9439157198000288,0.3605648937568578,,0.4437578955870913,0.5425272096238453,0.7189688823892453,0.7085361830056658,0.6113539015503854,True,gaaf,5,0.01/pi,burgers,False,777,0.44,MS_hard_burgers_n5_gaaf_s777
0.9886290987327213,0.9428814033807694,0.8055057094556202,0.6496246800528733,0.7164159170719396,,,,,,0.9787975338016351,0.8749608692529655,0.7153589929165685,0.7689947465160798,0.9382937784898793,0.8048771477492223,0.842757229070377,0.910238018077533,0.8753625772686845,0.9398833932581518,0.34565139163738245,,0.42727863409891353,0.5253805356347218,0.7081345560682641,0.7048728169220294,0.603771798955815,True,gaaf,5,0.01/pi,burgers,False,777,0.48,MS_hard_burgers_n5_gaaf_s777
0.9885271438840438,0.9416037035828896,0.7971658523221673,0.6401501523749229,0.7103813461776748,,,,,,0.978070289452162,0.8677633189110029,0.7073329516223362,0.7629322161585687,0.9341541044374897,0.8011191168811045,0.8391735750453277,0.9126848447165552,0.8712524646458181,0.9360725412697497,0.3333171354859357,,0.4135679113033606,0.5111763245572383,0.6992763898560678,0.7004606548040894,0.5954953804843178,True,gaaf,5,0.01/pi,burgers,False,777,0.52,MS_hard_burgers_n5_gaaf_s777
0.9884232754760721,0.9402695969835586,0.7887165143825915,0.6319546917725454,0.7046103307866264,,,,,,0.9773064115115769,0.8604637631952952,0.7006184696166385,0.7571338668184506,0.9300635056700626,0.7986182124944513,0.8358845431020971,0.9156509000468646,0.8671126519642396,0.9324086170141249,0.32312246840574343,,0.40218565331629963,0.49950143537723496,0.6920194472860066,0.6955761290643624,0.5867524210715321,True,gaaf,5,0.01/pi,burgers,False,777,0.56,MS_hard_burgers_n5_gaaf_s777
0.9883175285510607,0.9388778948196724,0.7802946048063569,0.6248742585597188,0.6991152609110505,,,,,,0.9765049184198459,0.8531971471241774,0.6950187569861771,0.7516263835937081,0.9261237730450825,0.7971607139418189,0.8329096254572387,0.9188703453189617,0.8629492303668962,0.9288422196312901,0.3146850959581494,,0.3927465075918444,0.48998629400607624,0.6861073192853341,0.690522674514474,0.5777023498177513,True,gaaf,5,0.01/pi,burgers,False,777,0.6,MS_hard_burgers_n5_gaaf_s777
0.9882099436903058,0.9374275796816713,0.7720151821890207,0.6187773605072209,0.6939061541913214,,,,,,0.9756649546479952,0.84607613926335,0.6903751966493559,0.7464286283417735,0.9224175796291961,0.7965757465238121,0.8302575937930373,0.9221535617369263,0.8587684442303725,0.9253406447335945,0.3076760718302745,,0.38491425970501253,0.48230368695522474,0.6813480537677229,0.6855543245864781,0.5684525549990415,True,gaaf,5,0.01/pi,burgers,False,777,0.64,MS_hard_burgers_n5_gaaf_s777
0.9881005764436924,0.9359179295707766,0.7639701857291472,0.6135517250376247,0.6889899522699673,,,,,,0.9747858596182493,0.839189968002244,0.6865560364345115,0.7415522043123591,0.9190074329165027,0.7967236855067705,0.8279280384305413,0.9253737273598441,0.8545811334979817,0.9218864700109096,0.30183484401472294,,0.37842211047365487,0.4761972087037218,0.6776229822399208,0.6808821395344111,0.559088402161613,True,gaaf,5,0.01/pi,burgers,False,777,0.68,MS_hard_burgers_n5_gaaf_s777
0.987989486773768,0.9343484803411444,0.7562305804071227,0.609100501241648,0.684369115168,,,,,,0.9738671639704887,0.8326068027030177,0.6834525869197287,0.7370009376059322,0.915937824422527,0.7974913744964477,0.8259117070106059,0.9284528929258974,0.8504023442658214,0.9184760227966023,0.296963011947931,,0.37306755140692455,0.4714775284720514,0.6748670892518147,0.6766733741844311,0.5496908434480486,True,gaaf,5,0.01/pi,burgers,False,777,0.72,MS_hard_burgers_n5_gaaf_s777
0.9878767504318553,0.9327191137727899,0.7488491874278596,0.6053406542879234,0.6800407310304776,,,,,,0.9729086375452927,0.8263766850932098,0.6809764863029892,0.7327709519830335,0.9132376540566914,0.7987880490329728,0.8241913013673254,0.9313490889941771,0.8462500111649671,0.9151168543264598,0.29290871572198485,,0.3686946551175143,0.46800105285117444,0.6730346338418352,0.6730430246085913,0.5403439480594764,True,gaaf,5,0.01/pi,burgers,False,777,0.76,MS_hard_burgers_n5_gaaf_s777
0.9877624494725821,0.9310300931396435,0.7418638309149157,0.6022012891903628,0.6759984738525909,,,,,,0.9719103338488522,0.8205347599137115,0.679056308298446,0.7288534832086484,0.9109230151752329,0.8005407761890531,0.8227447045672965,0.9340448539990758,0.8421436669763994,0.911823349112354,0.28955066521180184,,0.3651760179043522,0.46564783538481286,0.6720698183081153,0.6700466697459005,0.5311284335685071,True,gaaf,5,0.01/pi,burgers,False,777,0.8,MS_hard_burgers_n5_gaaf_s777
0.9876466808407496,0.9292820401969879,0.7352999726332954,0.5996217067874817,0.6722348615256263,,,,,,0.9708725613547707,0.8151039506858255,0.677633777533996,0.725237762290041,0.9089995496720231,0.8026898635238289,0.8215482464571455,0.936538096275265,0.8381031109261191,0.9086122105221367,0.2867865524267919,,0.36239986380576605,0.46430588293584335,0.6718923932561057,0.6676824120437059,0.5221086344776285,True,gaaf,5,0.01/pi,burgers,False,777,0.84,MS_hard_burgers_n5_gaaf_s777
0.9875295509684571,0.9274760078667956,0.729173068562997,0.5975493627729803,0.6687422715924137,,,,,,0.9697959424181286,0.8100972783749485,0.6766604841413946,0.7219126677181034,0.9074644739737775,0.8051851309683287,0.8205784517990514,0.9388359258311023,0.8341468067635291,0.9054986294024078,0.28453174630214706,,0.360270149854599,0.46387220424117565,0.6724097873654697,0.6659141995432769,0.5133308837731149,True,gaaf,5,0.01/pi,burgers,False,777,0.88,MS_hard_burgers_n5_gaaf_s777
0.9874111791820952,0.9256134670415699,0.7234907976494799,0.5959381742704908,0.6655112568905746,,,,,,0.9686814024938071,0.8055201001927058,0.6760951614670914,0.7188652915389365,0.9063085165446183,0.8079828847710261,0.8198108120859553,0.9409501449429652,0.8302893542364237,0.902495285615594,0.2827268967072864,,0.3587177034622912,0.46426860710267137,0.6735486516237258,0.6647078347463765,0.5048421650446047,True,gaaf,5,0.01/pi,burgers,False,777,0.92,MS_hard_burgers_n5_gaaf_s777
0.9872916962506862,0.9236963928066356,0.7182548082325855,0.5947468196223809,0.6625322784044473,,,,,,0.9675302336986126,0.8013718329445988,0.6759013559740867,0.7160829453025698,0.905517414306896,0.8110434130275284,0.8192220511951949,0.9428941364131499,0.8265429094318681,0.8996129679470204,0.28133704180008,,0.35769954660021286,0.4654414630917772,0.6752561572731949,0.6640337682846493,0.49670285533049596,True,gaaf,5,0.01/pi,burgers,False,777,0.96,MS_hard_burgers_n5_gaaf_s777
0.9871712459510127,0.9217271505500291,0.7134619851568226,0.5939381023183611,0.6597997785461245,,,,,,0.9663440139572499,0.7976472243127982,0.676046411888173,0.7135572595740879,0.9050732156235306,0.8143302991711568,0.8187944163918198,0.9446816909467097,0.8229186113853841,0.8968574736230547,0.2803195228914587,,0.35715880272011497,0.4673106574846898,0.6774277585691021,0.6638021310991743,0.48894557285705453,True,gaaf,5,0.01/pi,burgers,False,777,1.0,MS_hard_burgers_n5_gaaf_s777
0.9949112426225007,0.9557307072198953,0.9185448784190942,0.8828920688232748,0.8847534904361305,,,,,,0.9782315653743031,0.9438328462403759,0.9106217252159029,0.9116350241354453,0.9850785652471592,0.9551252071976725,0.9572529704608261,0.980356173652989,0.9759629143759543,0.9938253608259382,0.8107729652350083,,0.8415143448943254,0.8804800273088815,0.8522675918170945,0.851818344705461,0.8829039769835025,True,gaaf,6,0.01/pi,burgers,False,1234,0.0,MS_hard_burgers_n6_gaaf_s1234
0.9949866196357452,0.9551377204789515,0.9211974400747278,0.8856011935433277,0.8822625102666054,,,,,,0.9777953745480111,0.9459679932468343,0.9120419916042138,0.9091030782240952,0.9862466837887465,0.9557076848731925,0.9562156066388013,0.980448631531161,0.9751647110646052,0.9930421111429267,0.7838319383432437,,0.8210681702721374,0.872719231387938,0.848571479348228,0.8481448014853431,0.8807300608816345,True,gaaf,6,0.01/pi,burgers,False,1234,0.04,MS_hard_burgers_n6_gaaf_s1234
0.9950458484322188,0.9546289407601024,0.9236585226976675,0.8889397763708503,0.8802129690445746,,,,,,0.9774138098217168,0.9481082472989324,0.9142284459222223,0.9070261912108404,0.9875746680107531,0.9570890192757723,0.9555314023890947,0.9809088073290992,0.9745371316281513,0.9921717305275463,0.7564088811845356,,0.7997118688763719,0.8642731538833572,0.8448937438808457,0.8444705382701877,0.8789358344051921,True,gaaf,6,0.01/pi,burgers,False,1234,0.08,MS_hard_burgers_n6_gaaf_s1234
0.9950892501894837,0.9542216411707932,0.9258833636959647,0.8927142747327635,0.8782791919314272,,,,,,0.9771100651931935,0.9501958706885405,0.9170350337689721,0.9051442290210507,0.9889653852392147,0.9590707997479682,0.9549314272779376,0.9816010533663715,0.9739177126764165,0.9912354844211951,0.727978988419941,,0.7768549286178289,0.8544654119874295,0.8407796402921948,0.8406814551900359,0.8774481319918044,True,gaaf,6,0.01/pi,burgers,False,1234,0.12,MS_hard_burgers_n6_gaaf_s1234
0.9951174072305564,0.9539190322946071,0.9278011610087121,0.8967643212987694,0.876273385426555,,,,,,0.9768941216031973,0.9521337085625181,0.9203422122977656,0.9033023166322193,0.9902990889461849,0.9615181884666534,0.9542240993765638,0.9824414758852511,0.9731556905860478,0.9902334422338951,0.6983031318288506,,0.7521276597921633,0.8426092987062166,0.8356484181622558,0.8366031654991096,0.8761938802647473,True,gaaf,6,0.01/pi,burgers,False,1234,0.16,MS_hard_burgers_n6_gaaf_s1234
0.9951311319051408,0.953713517850927,0.9293560498566549,0.9009215610236054,0.8740953941678431,,,,,,0.9767649564797223,0.9538271700228298,0.9240086799154752,0.9014072236237793,0.9914654768782754,0.9643053018501208,0.953271485797583,0.9833872621932396,0.9721328687188233,0.9891460773040958,0.6673654895524228,,0.7253575896502095,0.8280156862347635,0.8287654414172141,0.8318752158310716,0.8749848108297104,True,gaaf,6,0.01/pi,burgers,False,1234,0.2,MS_hard_burgers_n6_gaaf_s1234
0.9951314289876961,0.953590410129351,0.9305406632797129,0.9049595800608504,0.8716979313275467,,,,,,0.9767136140705387,0.9552254000946089,0.9278155484484899,0.8993950826976218,0.992400154455563,0.9672598275782558,0.951974716285043,0.9844046819429866,0.9707762993263586,0.98794567588702,0.6354020059589519,,0.6966325697659554,0.810121055401787,0.8192989364977125,0.8258600387495026,0.8733845893447341,True,gaaf,6,0.01/pi,burgers,False,1234,0.24,MS_hard_burgers_n6_gaaf_s1234
0.9951194534692647,0.953531478462036,0.9313977074188066,0.9085839595970068,0.8691123488002677,,,,,,0.976726445696912,0.9563334520537334,0.9314524902994888,0.8972622729937654,0.9930978030738756,0.9701423098576266,0.9503192435014816,0.985429577667397,0.9690911364797954,0.9866310702653296,0.6030426454267956,,0.6664966625548577,0.7888398573350278,0.8066105678996637,0.8177406502913653,0.8706568982970866,True,gaaf,6,0.01/pi,burgers,False,1234,0.28,MS_hard_burgers_n6_gaaf_s1234
0.9950964684524333,0.9535179072957086,0.931992479429818,0.9115028206292733,0.8665260713018111,,,,,,0.9767879828875894,0.9571919134285612,0.9345898170169552,0.8951549695868881,0.9935948607233496,0.972698716565318,0.9484738450205882,0.9863674372749924,0.9672345106850786,0.985289263927312,0.5715373703112885,,0.6362560637912881,0.765121086880814,0.7908832057943223,0.8070629806377658,0.8660305914688067,True,gaaf,6,0.01/pi,burgers,False,1234,0.32,MS_hard_burgers_n6_gaaf_s1234
0.9950638025023048,0.9535324506491677,0.9323835678848347,0.9135440511220051,0.8642600479668063,,,,,,0.9768831460484251,0.9578480183013,0.9370039240320783,0.8933614964501373,0.993941066215295,0.9747591023124625,0.9467840642008152,0.9871420568495932,0.9655184370730803,0.9841115926755364,0.5426609976632999,,0.6079273199453529,0.7411212916607572,0.773611284068673,0.7945143398037646,0.8593593080293921,True,gaaf,6,0.01/pi,burgers,False,1234,0.36,MS_hard_burgers_n6_gaaf_s1234
0.995022808504004,0.953560734111361,0.9326103696977796,0.9147142568301172,0.8625615230680966,,,,,,0.9769986811135699,0.9583389542182678,0.9386476815256145,0.8921121985065626,0.9941798402107572,0.9762901611153953,0.9455557963163885,0.9877334839391495,0.9642287719341867,0.9832817840478539,0.51786522858614,,0.5832864081113449,0.7191779436437323,0.7569255412861515,0.7817650104991442,0.851420117022563,True,gaaf,6,0.01/pi,burgers,False,1234,0.4,MS_hard_burgers_n6_gaaf_s1234
0.994974831252686,0.9535918068416548,0.932695786381623,0.915153742361431,0.8614391246422614,,,,,,0.9771238730599132,0.9586895217331111,0.9396142440047687,0.8914103948993535,0.9943419820958388,0.9773608692862515,0.9448592505122047,0.9881665991819302,0.9634450605118441,0.9828493152311589,0.49747210903637085,,0.5628886606050153,0.7004553205394302,0.7422185889968906,0.7702380925883243,0.8432963669387057,True,gaaf,6,0.01/pi,burgers,False,1234,0.44,MS_hard_burgers_n6_gaaf_s1234
0.9949211735615549,0.9536181158315988,0.932654055964943,0.9150499113912414,0.8607243967179413,,,,,,0.9772507083114992,0.958916425628363,0.9400540434635962,0.8910868281744457,0.9944472198020846,0.9780750865860998,0.9445673728102608,0.9884787970833511,0.9630657062019276,0.9827405045794197,0.48087474736791397,,0.546221712327809,0.6848417650572414,0.7297431089815521,0.7604347735753123,0.835707196504533,True,gaaf,6,0.01/pi,burgers,False,1234,0.48,MS_hard_burgers_n6_gaaf_s1234
0.9948630779722432,0.9536351210978276,0.9324971969133615,0.914576971165438,0.8602217407281637,,,,,,0.9773736602750395,0.9590329702358326,0.9401142548846964,0.8909456906852581,0.994507932889147,0.9785274979780059,0.9445027153583729,0.9887005467420167,0.962937621957528,0.9828475763718821,0.4672226595715041,,0.5324539257012143,0.6717163192147882,0.7191816344495814,0.7522592776481091,0.8289516421242002,True,gaaf,6,0.01/pi,burgers,False,1234,0.52,MS_hard_burgers_n6_gaaf_s1234
0.9948017031984744,0.9536407240318368,0.9322381701119371,0.9138732442756282,0.8597877015426091,,,,,,0.9774892944575375,0.9590518166910175,0.9399145980262514,0.8908426559146471,0.9945323104892323,0.9787901723626072,0.9445231269033363,0.9888518991724734,0.9629342781486102,0.9830818140467,0.45580327487650235,,0.520871215209799,0.6604772178136665,0.7101369688731167,0.7454427179365462,0.823091068743714,True,gaaf,6,0.01/pi,burgers,False,1234,0.56,MS_hard_burgers_n6_gaaf_s1234
0.9947381145527152,0.9536346383815497,0.9318915167598374,0.9130399189837255,0.8593412893327002,,,,,,0.977595783429399,0.9589858664481085,0.9395444270674653,0.8906951036801566,0.9945263226108241,0.9789144186664142,0.9445390104420829,0.9889454114796371,0.9629722837788867,0.9833834097678527,0.4461146555306865,,0.510971307327469,0.650692442546056,0.7023021121195837,0.7397328349033955,0.8180850273551764,True,gaaf,6,0.01/pi,burgers,False,1234,0.6,MS_hard_burgers_n6_gaaf_s1234
0.9946732749949048,0.953617832646768,0.9314727367576515,0.9121470589269429,0.8588489115116746,,,,,,0.9776924712991468,0.958848131750717,0.9390672757871119,0.8904674653990774,0.9944947605137741,0.9789361534690589,0.9445034796488901,0.988989310221919,0.9630035702315801,0.98371558811749,0.4378292299632409,,0.5024317579229229,0.6420915498456721,0.6954781321600013,0.7349448831788564,0.8138620450455648,True,gaaf,6,0.01/pi,burgers,False,1234,0.64,MS_hard_burgers_n6_gaaf_s1234
0.9946080418012624,0.953592042083961,0.9309972737950246,0.9112407527835218,0.8583065099329162,,,,,,0.9777794837597283,0.9586512000100278,0.9385266410654008,0.8901538096268388,0.9944417055031883,0.9788804860904289,0.9443979927609921,0.9889893554925889,0.9630035894010103,0.9840569642321874,0.43074135409522735,,0.4950563829856883,0.6345210806558648,0.6895499291700754,0.7309607425528164,0.8103507632562399,True,gaaf,6,0.01/pi,burgers,False,1234,0.68,MS_hard_burgers_n6_gaaf_s1234
0.9945431665024416,0.9535594062814028,0.9304796374162716,0.9103495139431971,0.8577259492376398,,,,,,0.9778574318013202,0.9584067222693472,0.9379511778557142,0.8897645590205207,0.9943707162583493,0.9787649475788623,0.9442208550498592,0.9889497614325325,0.9629620447240049,0.9843958629051748,0.4247250547391788,,0.48873087221647366,0.6279031034192,0.684458654921302,0.727714083468881,0.8074910934660519,True,gaaf,6,0.01/pi,burgers,False,1234,0.72,MS_hard_burgers_n6_gaaf_s1234
0.9944792971101865,0.9535221903511029,0.9299327881468388,0.9094892938574044,0.8571255686998152,,,,,,0.9779271881475394,0.9581250550059296,0.9373587375964861,0.8893172433896429,0.9942848954292762,0.9786015727693627,0.943979022477144,0.9888735813354458,0.9628764723843576,0.9847265450153538,0.41970309651067517,,0.48339003745783937,0.6222035074439022,0.6801791905176762,0.72517370494088,0.8052360924283788,True,gaaf,6,0.01/pi,burgers,False,1234,0.76,MS_hard_burgers_n6_gaaf_s1234
0.994416984274486,0.9534826090547068,0.9293678771697751,0.9086675605322141,0.8565246411404205,,,,,,0.9779897321977096,0.9578151187511823,0.9367596375394533,0.8888309671340134,0.9941869285752445,0.9783984324315133,0.9436829994193119,0.9887629099815025,0.9627482166691446,0.9850468483957348,0.415626994690421,,0.478996616335636,0.617411111568673,0.6767044402920672,0.7233299068392721,0.8035504081462149,True,gaaf,6,0.01/pi,burgers,False,1234,0.8,MS_hard_burgers_n6_gaaf_s1234
0.9943566859674418,0.9534427117496624,0.9287941482356031,0.9078861614539132,0.8559400503104748,,,,,,0.9780460527205947,0.9574843629881352,0.9361590035275497,0.8883230531066333,0.9940790953086764,0.9781607166401848,0.9433436196236034,0.9886191228216928,0.9625800112561946,0.9853565955082638,0.4124625785216198,,0.47552594188464564,0.6135223149635882,0.6740332383335479,0.7221825360636615,0.8024065773372144,True,gaaf,6,0.01/pi,burgers,False,1234,0.84,MS_hard_burgers_n6_gaaf_s1234
0.9942987751425858,0.9534043178052071,0.9282190731529307,0.9071435157546381,0.8553848695357071,,,,,,0.9780970879588169,0.9571388977889289,0.93555860496194,0.8878075219386729,0.993963319400238,0.9778916075461255,0.9429703863708772,0.9884430278189688,0.9623745710576798,0.9856565889180038,0.410181483498844,,0.4729569724454229,0.6105320710582235,0.6721624736918794,0.7217325742972237,0.8017815369000848,True,gaaf,6,0.01/pi,burgers,False,1234,0.88,MS_hard_burgers_n6_gaaf_s1234
0.9942435493935803,0.9533689888780967,0.9276485133586871,0.9064360068952019,0.8548675722648391,,,,,,0.9781436863317639,0.9567836175892164,0.9349580319910289,0.887294175357816,0.9938412029657584,0.9775928608280317,0.9425703328218397,0.9882350125219727,0.962133584017956,0.9859477959940495,0.4087538026989567,,0.47126444236782256,0.6084256151647045,0.6710792228274922,0.7219737883021283,0.8016522094628828,True,gaaf,6,0.01/pi,burgers,False,1234,0.92,MS_hard_burgers_n6_gaaf_s1234
0.9941912354499179,0.9533380317335153,0.9270869580166214,0.9057590385636483,0.8543922221840538,,,,,,0.9781866042381776,0.9564223958028947,0.9343556479442621,0.8867886732597706,0.9937140666021802,0.9772653144611647,0.9421477693426277,0.987995208541998,0.9618573732089404,0.9862308384288456,0.4081445535950328,,0.4704151887662606,0.6071747697407305,0.6707568502824192,0.7228879212454575,0.8019928505120926,True,gaaf,6,0.01/pi,burgers,False,1234,0.96,MS_hard_burgers_n6_gaaf_s1234
0.9941420018238843,0.9533124974672585,0.9265377376623519,0.9051075830331382,0.8539590504254279,,,,,,0.9782264860363593,0.9560582382096585,0.9337490971145315,0.8862930018867252,0.9935829957764049,0.9769092047777643,0.9417044937995861,0.9877235860934076,0.9615449467130842,0.9865058117893023,0.40831276320426285,,0.4703675430686245,0.6067380947370246,0.6711550453005808,0.7244441820942163,0.8027746298639781,True,gaaf,6,0.01/pi,burgers,False,1234,1.0,MS_hard_burgers_n6_gaaf_s1234
0.9777983668245779,0.9395101395326381,0.8977209585030042,0.8680087828424548,0.9075855541496949,,,,,,0.9888446956512509,0.966642776278569,0.9469986292180401,0.9709946869237711,0.9889267086251702,0.9763026844353608,0.9851502417370535,0.9934228130985491,0.993468601319723,0.989275693629616,0.6447437064262163,,0.766703272046377,0.8208000257914977,0.8502060421585851,0.8549500730440144,0.8571381961394828,True,gaaf,6,0.01/pi,burgers,False,2025,0.0,MS_hard_burgers_n6_gaaf_s2025
0.9778557610857684,0.9366695741156581,0.8929913326870215,0.864431335150309,0.9004854545963832,,,,,,0.9875559698862071,0.9638133058157198,0.9439007331162367,0.9672201314233223,0.9888509607063887,0.9758006766366077,0.9847215652450452,0.9935954848798949,0.9936844565913389,0.9903165635845227,0.6116015561746074,,0.7421222217763789,0.8076738539524352,0.8400325933320454,0.8451478751517429,0.8460923160747229,True,gaaf,6,0.01/pi,burgers,False,2025,0.04,MS_hard_burgers_n6_gaaf_s2025
0.9778237246889255,0.933306264209871,0.8882677284455847,0.8614305210589733,0.8934088069106498,,,,,,0.9860270708854864,0.960915004139796,0.9411932798331597,0.9632487009942506,0.9889429866237611,0.975786970111559,0.9845630755988674,0.9938638468919482,0.9940223028440768,0.9914819453193079,0.5796709046663463,,0.7177179927519217,0.7954342791189264,0.8307192052805074,0.8358636298071945,0.8355672724070932,True,gaaf,6,0.01/pi,burgers,False,2025,0.08,MS_hard_burgers_n6_gaaf_s2025
0.9777185039007152,0.9295336662086718,0.8836129557767628,0.8590018047743107,0.8864644235304686,,,,,,0.9842873293209164,0.957974125069133,0.9388847671383366,0.9590911678072258,0.9891728929048261,0.9762001912598774,0.9846172515406518,0.9942034735669866,0.9944697999445257,0.9927423465542227,0.5487133430303358,,0.6930813184773599,0.7834864567558882,0.82180140112496,0.8267359629228475,0.8252587221567927,True,gaaf,6,0.01/pi,burgers,False,2025,0.12,MS_hard_burgers_n6_gaaf_s2025
0.9775594333167442,0.925536287148209,0.8791058209759621,0.8571734271427099,0.8797709591811699,,,,,,0.9824038800414922,0.9550341739627322,0.9370072416509418,0.9547726214942166,0.9895035963323526,0.9769643807903142,0.9847965567367463,0.9945893500810659,0.9949932878753196,0.9940731813969368,0.5185479506805064,,0.6678576730492245,0.7711892427758332,0.8128158500138041,0.8174086851508344,0.8148731430817366,True,gaaf,6,0.01/pi,burgers,False,2025,0.16,MS_hard_burgers_n6_gaaf_s2025
0.9773666472930869,0.9215518791406481,0.8748498311691537,0.8560063657954358,0.873473523511498,,,,,,0.9804799717962385,0.9521640593652152,0.9356252784364509,0.9503524798200883,0.989894514019681,0.9780072277129871,0.984983405245995,0.9949972674081171,0.9955338575760676,0.9954472852062576,0.4890865613132154,,0.641777114286831,0.7578418017413981,0.8032691628216682,0.8075117080987303,0.8041204548274629,True,gaaf,6,0.01/pi,burgers,False,2025,0.2,MS_hard_burgers_n6_gaaf_s2025
0.9771588836091379,0.9178354763417766,0.8709736719572938,0.8555677074982353,0.8677531860765386,,,,,,0.9786415612535081,0.9494618125415903,0.9348217536514942,0.9459428412870441,0.9903039493471861,0.9792689146806177,0.9850315504357249,0.9954065805373775,0.9959997162779427,0.9968158473171657,0.4603453310263747,,0.614680117514456,0.7426752451050538,0.7925637407897242,0.7966137978438088,0.7926906572372636,True,gaaf,6,0.01/pi,burgers,False,2025,0.24,MS_hard_burgers_n6_gaaf_s2025
0.9769517550829468,0.9146115853681666,0.8676212731555163,0.8558783687240652,0.8628379042615254,,,,,,0.9770126161960759,0.9470512497015785,0.9346555762998903,0.9417355295953328,0.9906934262250636,0.9806973327715129,0.9847893673253963,0.9958073720957671,0.9962593093230561,0.9980687072559824,0.4324831754371152,,0.5865959586468964,0.7249214855995895,0.7799223771437266,0.7841548571522533,0.7802332176774083,True,gaaf,6,0.01/pi,burgers,False,2025,0.28,MS_hard_burgers_n6_gaaf_s2025
0.9767566342749399,0.9120298962867663,0.864930975241922,0.8568546045743493,0.8590667815036471,,,,,,0.9756870755348729,0.9450683429663032,0.9351018708147962,0.9380964050745572,0.9910387357402747,0.9822298931727877,0.9842263293484038,0.9962087669018704,0.9961896106625872,0.9989921865939408,0.4059791478634381,,0.55803286116964,0.7041745692462099,0.7645027805661675,0.7693872161376364,0.7663514543510351,True,gaaf,6,0.01/pi,burgers,False,2025,0.32,MS_hard_burgers_n6_gaaf_s2025
0.9765802391120695,0.9101430450006219,0.8630023162886917,0.8582930933410319,0.8570332657413089,,,,,,0.9747103438032425,0.9436307252788461,0.936017645411593,0.9357595026414606,0.9913417064011448,0.9837692373844007,0.9837620214034797,0.9966200714354815,0.9959238468487607,0.9994065257839173,0.3822990137771658,,0.531020353464411,0.6818821542276261,0.7467300593198679,0.7522142367263673,0.7509944345413012,True,gaaf,6,0.01/pi,burgers,False,2025,0.36,MS_hard_burgers_n6_gaaf_s2025
0.9764248559043633,0.908915299884034,0.861857306611742,0.8599313233994137,0.8570959871612926,,,,,,0.9740789584550448,0.9427937336349516,0.9371823346430361,0.9353211956506194,0.9916240538421406,0.9851821577412396,0.9840487965955337,0.9970041557068998,0.9958862501814664,0.9994977046629423,0.3640437126094479,,0.5095359996928325,0.6627002767933023,0.730430169671713,0.7357011426951763,0.7358196456282005,True,gaaf,6,0.01/pi,burgers,False,2025,0.4,MS_hard_burgers_n6_gaaf_s2025
0.9762890653210182,0.9082538349858242,0.8614247451794829,0.8615484064173285,0.8585450403911503,,,,,,0.9737555022928408,0.9425255827340796,0.9384003900679105,0.9362455616590084,0.9919049262651113,0.9863656670020748,0.9849701300052067,0.9973079486626881,0.9961475018616576,0.9995386006620693,0.35193772459573713,,0.49521153060676393,0.6494771958124037,0.7186490646769418,0.7231300072200303,0.723088645626088,True,gaaf,6,0.01/pi,burgers,False,2025,0.44,MS_hard_burgers_n6_gaaf_s2025
0.9761687903127302,0.908044389331676,0.8615649784182303,0.8630184516624735,0.8603940831498363,,,,,,0.973687834832233,0.9427256514658782,0.9395603598585953,0.9376231739230287,0.9921869918847596,0.9872953209392183,0.9860002608451187,0.9975206007421583,0.9964830222509915,0.9995897033635004,0.34425008989660083,,0.4861609678740442,0.6407920689288064,0.7104506804894887,0.7142447431415893,0.7132828077513721,True,gaaf,6,0.01/pi,burgers,False,2025,0.48,MS_hard_burgers_n6_gaaf_s2025
0.9760584157100802,0.9081769103177999,0.8621137233303892,0.8642910194048609,0.8621119275685447,,,,,,0.9738233171944036,0.9432653244492074,0.9406167311554582,0.9389596439295771,0.9924591224113763,0.9879966595293016,0.9868537438423779,0.9976613404855095,0.996758914600501,0.9996430610269588,0.33925127471266986,,0.48031405679930994,0.6346932477924206,0.7042400770851655,0.7077686424144453,0.7059130272120633,True,gaaf,6,0.01/pi,burgers,False,2025,0.52,MS_hard_burgers_n6_gaaf_s2025
0.9759518147488295,0.9085577329223885,0.8629182222779004,0.865354511684874,0.8635205893934568,,,,,,0.9741155543071087,0.9440226181425573,0.9415562557971978,0.9400929235178515,0.9927059564271851,0.9885072217306785,0.9874640610623682,0.997752778658709,0.9969461584270022,0.9996904155751565,0.3359014075342356,,0.4764286620429627,0.6300530347161504,0.6991688685424626,0.7028572797318956,0.700420569223327,True,gaaf,6,0.01/pi,burgers,False,2025,0.56,MS_hard_burgers_n6_gaaf_s2025
0.9758431282231105,0.9091120275278332,0.8638557389364684,0.8662133355278341,0.864596563021043,,,,,,0.9745259131814382,0.944899907868913,0.9423783875564546,0.941001494547758,0.9929153285943807,0.9888603661112213,0.9878496932340054,0.9978117325731378,0.9970557321097852,0.9997277576370626,0.3336006449784083,,0.4737927046875398,0.6262710129287705,0.6948506378495551,0.6990278056140027,0.6963359505524855,True,gaaf,6,0.01/pi,burgers,False,2025,0.6,MS_hard_burgers_n6_gaaf_s2025
0.9757272820464413,0.9097817420884101,0.8648371092744799,0.8668782634650639,0.8653704401858936,,,,,,0.9750228147527323,0.9458273118949939,0.9430876268261879,0.9417100565700522,0.9930808392350509,0.9890826646096282,0.9880498789772238,0.9978491919320693,0.9971073339056765,0.9997543415713462,0.33198754923073065,,0.47197846484232875,0.62301106017674,0.6910926295161747,0.6959893794521813,0.6932962599688496,True,gaaf,6,0.01/pi,burgers,False,2025,0.64,MS_hard_burgers_n6_gaaf_s2025
0.9756002424957648,0.9105223296416097,0.8658021052466379,0.8673628450435785,0.865885651988779,,,,,,0.9755805553469281,0.9467585199533641,0.9436909097237125,0.9422527260088897,0.9932011413271403,0.9891953081442257,0.9881024015504386,0.9978720692275046,0.9971184695182465,0.9997711411952603,0.3308358780961997,,0.47072062496882294,0.6200811392644839,0.6877847943202746,0.6935562933635084,0.6910371006994357,True,gaaf,6,0.01/pi,burgers,False,2025,0.68,MS_hard_burgers_n6_gaaf_s2025
0.975459086339119,0.9112997201935036,0.8667123562365837,0.8676817316080466,0.8661834779907314,,,,,,0.9761782694493628,0.9476645736852862,0.9441963819534562,0.9426606836025333,0.9932781884901272,0.9892156317195357,0.9880381305408553,0.9978846642702759,0.9971019845043618,0.9997796996679718,0.32999868319609943,,0.4698499907643163,0.6173721699258563,0.6848557684849298,0.6916033597527558,0.6893706078684985,True,gaaf,6,0.01/pi,burgers,False,2025,0.72,MS_hard_burgers_n6_gaaf_s2025
0.9753019140444934,0.9120878867755895,0.8675448167026444,0.8678495679919129,0.8662986987119683,,,,,,0.9767991343793274,0.9485283511236833,0.9446125481552529,0.9429592024905029,0.9933156727030122,0.9891580485955014,0.98788108364006,0.9978896329695236,0.997066559469373,0.9997815675376786,0.32937661264132134,,0.4692548307689334,0.6148225937686963,0.6822534669133029,0.6900413049440616,0.6881626788269193,True,gaaf,6,0.01/pi,burgers,False,2025,0.76,MS_hard_burgers_n6_gaaf_s2025
0.9751277099931648,0.9128670228633735,0.8682867036291366,0.8678802256969192,0.8662592063432377,,,,,,0.9774297373111565,0.9493404244156483,0.944947659153061,0.9431678528075184,0.993317950883631,0.9890346216087007,0.9876498222222349,0.9978886322116363,0.9970178908213143,0.9997781069551899,0.3289006580454099,,0.46885925309825544,0.6123984688158126,0.6799371659991579,0.688803907807356,0.6873165223014129,True,gaaf,6,0.01/pi,burgers,False,2025,0.8,MS_hard_burgers_n6_gaaf_s2025
0.974936173334765,0.9136221395400553,0.8689318870936266,0.8677862888735771,0.8660867952658325,,,,,,0.9780595245522263,0.950096206246818,0.945209274946621,0.9433014425020625,0.993289416875499,0.9888554101508323,0.9873587428016785,0.9978827065411684,0.9969596891402646,0.999770455085092,0.3285225945974118,,0.4686109792804908,0.61008227418312,0.6778742617624115,0.6878412346908976,0.6867619331130155,True,gaaf,6,0.01/pi,burgers,False,2025,0.84,MS_hard_burgers_n6_gaaf_s2025
0.9747275308276804,0.914341995955003,0.8694784353640934,0.8675788008278548,0.8657982255031176,,,,,,0.9786803406459602,0.9507941080114538,0.9454040878599426,0.9433710707550782,0.993234178945902,0.9886287759429202,0.987019102767662,0.9978725380475908,0.9968943992598276,0.9997595429738122,0.3282097316009683,,0.4684746987556062,0.6078670228826151,0.6760393141132881,0.6871162107126535,0.6864487600442898,True,gaaf,6,0.01/pi,burgers,False,2025,0.88,MS_hard_burgers_n6_gaaf_s2025
0.9745023956769296,0.9150182941204508,0.8699270430016888,0.8672672455682282,0.8654062662730009,,,,,,0.9792860067444602,0.951434356668454,0.9455378607519761,0.9433849878894546,0.993155922752587,0.9883616329195483,0.9866397438312275,0.9978585895957965,0.9968236538236933,0.9997461255729173,0.32794165758515237,,0.46842792614012035,0.6057528565873568,0.674413490071618,0.6866023939859632,0.6863424452649929,True,gaaf,6,0.01/pi,burgers,False,2025,0.92,MS_hard_burgers_n6_gaaf_s2025
0.9742616354050257,0.9156450420199912,0.8702799864846171,0.866859604361488,0.8649205325459765,,,,,,0.979871959061957,0.9520182524846035,0.9456154612780008,0.9433492721918603,0.9930578732746066,0.9880596741117983,0.9862276180590539,0.9978411926679033,0.9967485570997161,0.9997308104554561,0.3277086082719056,,0.46845902132483347,0.6037457892143008,0.6729848409853882,0.686283054243196,0.6864215561233759,True,gaaf,6,0.01/pi,burgers,False,2025,0.96,MS_hard_burgers_n6_gaaf_s2025
0.9740062765874823,0.9162180637767905,0.8705404940888688,0.8663625488857701,0.8643482488257115,,,,,,0.9804349335875401,0.9525477175822648,0.9456409663584595,0.9432683849976744,0.9929428152632407,0.9877275777245395,0.985788192131613,0.997820594207849,0.9966698557089918,0.9997140819717937,0.3275099244844232,,0.46856533741834877,0.6018565079064557,0.6717477782299358,0.6861498821086802,0.6866754199655144,True,gaaf,6,0.01/pi,burgers,False,2025,1.0,MS_hard_burgers_n6_gaaf_s2025
0.9965324290708868,0.9861227374300747,0.9639394533590514,0.9193967820118994,0.9211998800802633,,,,,,0.9942600465271095,0.9757578727259799,0.9434970986077028,0.9443547981156905,0.9912819133636586,0.959827843014961,0.9472891032432648,0.9743955824381272,0.9433864309767337,0.960245196231488,0.8377587323760185,,0.8659252815225357,0.8710879289042927,0.8660919613260826,0.8786764046694779,0.9465042383187207,True,gaaf,6,0.01/pi,burgers,False,777,0.0,MS_hard_burgers_n6_gaaf_s777
0.9964672058966612,0.9861366181689415,0.9638446061150315,0.9162291342571126,0.909079485545631,,,,,,0.9944564750743061,0.9762707008688996,0.9410657650314551,0.9354979874440291,0.9915881685434772,0.9584031712686468,0.9415759477861477,0.9741402221587407,0.9421199418841381,0.9606402887779929,0.81656210003743,,0.8507797959267702,0.8603363286179488,0.8600648773521176,0.8771717779811661,0.9438487064799772,True,gaaf,6,0.01/pi,burgers,False,777,0.04,MS_hard_burgers_n6_gaaf_s777
0.9964002607346084,0.9860439683634533,0.9634053062372582,0.9129723200587411,0.8946727558848135,,,,,,0.9945667167596584,0.9764713102826941,0.9384724282709516,0.9246864234440759,0.9917918020752734,0.9569590335785241,0.934765930035178,0.9740827338775178,0.9403391404435418,0.9613126633457899,0.7927532760212932,,0.8330063456787794,0.8474255495943546,0.8525844008548635,0.8754235893804636,0.94185585889016,True,gaaf,6,0.01/pi,burgers,False,777,0.08,MS_hard_burgers_n6_gaaf_s777
0.9963313636688597,0.9858424361207793,0.9625825851590266,0.9094848942285307,0.8778715397146564,,,,,,0.9945769110260197,0.9763165083564116,0.9355979608547444,0.9116210115993053,0.9918628938167924,0.9552929041026998,0.9264113230443114,0.9741532113336884,0.9376988497812085,0.9618421581927856,0.7665118391893402,,0.8125441214018193,0.8322271711410666,0.8436829545396405,0.8734277371707495,0.941065845081228,True,gaaf,6,0.01/pi,burgers,False,777,0.12,MS_hard_burgers_n6_gaaf_s777
0.996260304584835,0.9855411044610622,0.9613851444246354,0.9057855038244527,0.8588466408616523,,,,,,0.9944819926309783,0.9758009151344429,0.9324626163495908,0.8962268920626498,0.9917704222403524,0.9533027230294041,0.9161655539393664,0.9743701925081513,0.9339763532044928,0.9618249676002897,0.7379204463124602,,0.7892484122824526,0.8144620137980665,0.8333643322853452,0.8712429242546303,0.9415533534735192,True,gaaf,6,0.01/pi,burgers,False,777,0.16,MS_hard_burgers_n6_gaaf_s777
0.9961868956076583,0.9851600008109638,0.9598765434988269,0.902130348926296,0.838165027538657,,,,,,0.9942871849203454,0.9749642004833178,0.929301348362571,0.8788211101278257,0.9914810181826912,0.9510808848037581,0.9040167206163306,0.9748641981157335,0.9292418477338967,0.9610448526407238,0.7070789009065253,,0.7629879612873559,0.7937618074970618,0.8216289558953384,0.8688644793021713,0.9429637194225741,True,gaaf,6,0.01/pi,burgers,False,777,0.2,MS_hard_burgers_n6_gaaf_s777
0.9961109812113722,0.9847270639758348,0.9581826086423084,0.8989846985281305,0.8166928774955673,,,,,,0.9940076489986829,0.9738986643502288,0.9265488153078111,0.8600736870737776,0.9909699491515723,0.9489461984712246,0.8903158544325445,0.9758173628937769,0.9237319330381956,0.9594154406723635,0.6742576546016782,,0.7338029624531537,0.7698088513285203,0.8084167437199379,0.8659609296640329,0.9446257681565723,True,gaaf,6,0.01/pi,burgers,False,777,0.24,MS_hard_burgers_n6_gaaf_s777
0.9960324413648424,0.9842731275640313,0.9564901136110068,0.8968402332490973,0.7954441210386907,,,,,,0.9936663011993591,0.9727510969519063,0.9246823511047032,0.8408933217953993,0.9902505238039946,0.9473379489158882,0.8756650067766011,0.9773117095370005,0.9174963478320679,0.9567289649079149,0.64001589869896,,0.7020635710524827,0.742486380814164,0.7932740829089142,0.8613911861105014,0.9455988414674958,True,gaaf,6,0.01/pi,burgers,False,777,0.28,MS_hard_burgers_n6_gaaf_s777
0.9959511972337892,0.9838263494635917,0.9550166124951902,0.895955813022735,0.7757548186152743,,,,,,0.9932904164567349,0.9717016883964446,0.9239763414154407,0.822618828067731,0.989406210614148,0.9465690314102878,0.8610528635085964,0.9791750830424164,0.9103771981813353,0.9526331445621984,0.6056898143924753,,0.6690635914728223,0.7125050991875584,0.7753638198066496,0.853103348258631,0.9447470297245757,True,gaaf,6,0.01/pi,burgers,False,777,0.32,MS_hard_burgers_n6_gaaf_s777
0.9958672176479528,0.9834079514534195,0.9539401445824237,0.8962073804277312,0.7595787529465917,,,,,,0.9929080586218493,0.9709059448382096,0.9243365394347575,0.8073354658974836,0.9885828468920347,0.9465856875945784,0.8482358439482447,0.980973829816779,0.9028477709924073,0.94739366121322,0.5742938374780755,,0.6381175711794895,0.6828254804106373,0.755326069427147,0.8402436805688138,0.9414040969902806,True,gaaf,6,0.01/pi,burgers,False,777,0.36,MS_hard_burgers_n6_gaaf_s777
0.9957805208504338,0.9830306068934381,0.9533262220768688,0.8972253426057909,0.7485797063656299,,,,,,0.9925452706179931,0.9704284481360018,0.9254147302883767,0.7969230103023811,0.9879241454438032,0.9470410796325149,0.8390515074613629,0.982281008556178,0.8963957712857438,0.9424034170753999,0.549233531275872,,0.6132136739005021,0.6577896482000373,0.7364355304992287,0.8255976231235317,0.9363227260073116,True,gaaf,6,0.01/pi,burgers,False,777,0.4,MS_hard_burgers_n6_gaaf_s777
0.9956911781332461,0.9826996602463838,0.9531129341474973,0.8986475993619599,0.7425842258078825,,,,,,0.9922244155780696,0.9702254517774088,0.9268632566567871,0.7913666260842829,0.9875012282612162,0.9476228750861857,0.8337642350348985,0.9829647909442222,0.8919748715910687,0.9387828009297563,0.5309156472775,,0.5951192839244565,0.6388652571565925,0.7208004234110397,0.8123018025913403,0.9308469504821986,True,gaaf,6,0.01/pi,burgers,False,777,0.44,MS_hard_burgers_n6_gaaf_s777
0.9955993157334034,0.9824160785602631,0.953155892338955,0.900197317157744,0.7402035914709449,,,,,,0.9919634459860279,0.9701840380508314,0.928421350865318,0.789335870831565,0.9872920110815765,0.9481785690117323,0.8313873307869244,0.9831250748919337,0.8894147817762383,0.936632248552462,0.5174972367166447,,0.5820178106519437,0.6247155157974335,0.7080479995350286,0.8011674173604839,0.9256417872675122,True,gaaf,6,0.01/pi,burgers,False,777,0.48,MS_hard_burgers_n6_gaaf_s777
0.9955051147710142,0.9821795095740726,0.9532869676195902,0.9016901148282499,0.7401681837648948,,,,,,0.9917756033293466,0.9701768674470054,0.9299176651314813,0.7895749663730627,0.987209921535246,0.9486647385716305,0.83093768982644,0.9829259969298032,0.888248650447149,0.9356636941704504,0.507294979854051,,0.5721630974401596,0.6138561453863324,0.6974136801459486,0.7919583537449066,0.9208538004071211,True,gaaf,6,0.01/pi,burgers,False,777,0.52,MS_hard_burgers_n6_gaaf_s777
0.9954088123153968,0.9819902201588098,0.9533609831043092,0.9030455284195764,0.7416585270781622,,,,,,0.9916691804741282,0.9701044945849233,0.9312752853194673,0.7912670858038223,0.9871511653716147,0.9491048830170123,0.831787215628657,0.9825432277330884,0.8881381670100368,0.9355769756374298,0.4993322791475286,,0.564538683385472,0.6054226166486305,0.6885852666379749,0.7843471663400406,0.9164749086488033,True,gaaf,6,0.01/pi,burgers,False,777,0.56,MS_hard_burgers_n6_gaaf_s777
0.9953106981339529,0.9818495786329379,0.9532859070785115,0.9042658025881558,0.7442032889711543,,,,,,0.9916473514490175,0.9699181372327514,0.9324907712104967,0.7939421410689221,0.9870340852250924,0.9495576255934017,0.8335858539522428,0.9821521217414408,0.8889146290120931,0.9361392788035706,0.4930704586488951,,0.55859198042716,0.598937953896434,0.6815359331543662,0.7780453066749456,0.9124458709948834,True,gaaf,6,0.01/pi,burgers,False,777,0.6,MS_hard_burgers_n6_gaaf_s777
0.9952111134290604,0.9817594433171825,0.953032135549302,0.9053954725002055,0.7475318008720043,,,,,,0.991708192521883,0.9696207891191215,0.9335981288619346,0.797330746334254,0.9868171137440861,0.9500856472308249,0.8361319087767075,0.9819067817411476,0.8904984534002215,0.9371769929186219,0.4881763863198557,,0.5539880849655168,0.5940796563966071,0.6762796231931775,0.7727924716076547,0.9086890227263332,True,gaaf,6,0.01/pi,burgers,False,777,0.64,MS_hard_burgers_n6_gaaf_s777
0.9951104472602217,0.9817211398180095,0.9526215460597072,0.9064881210401883,0.7514772543811246,,,,,,0.991845070862504,0.9692514320987544,0.9346399539698492,0.8012670896556501,0.9864963418382915,0.9507345093078676,0.8392893167482147,0.9819183498209901,0.8928280274119302,0.938561311633789,0.4844150751666388,,0.5504937420849282,0.5905818834844552,0.6727570763711337,0.7683655663874699,0.9051270811107446,True,gaaf,6,0.01/pi,burgers,False,777,0.68,MS_hard_burgers_n6_gaaf_s777
0.9950091308038748,0.9817345497693625,0.9521058232457685,0.9075885086658295,0.7559238909321926,,,,,,0.9920474063815076,0.9688633285975216,0.9356521181178953,0.8056358560076943,0.9860925712626822,0.9515248747051768,0.842947639941616,0.9822448539046972,0.8958252788424158,0.9401964701163952,0.48160161314456684,,0.5479253483764464,0.5882040401879428,0.6708163913566011,0.7645843416161626,0.9016911541421657,True,gaaf,6,0.01/pi,burgers,False,777,0.72,MS_hard_burgers_n6_gaaf_s777
0.9949076333166412,0.9817976200610059,0.9515452786075129,0.9087268034805132,0.7607793441763605,,,,,,0.9923017155619432,0.9685061444509128,0.9366587761975449,0.810344690059619,0.9856374257798325,0.9524542966811349,0.8470050085826972,0.9828938045073687,0.8993874337285509,0.9420094501817905,0.47957588603340784,,0.5461222891260461,0.5867205446514848,0.6702343617352106,0.7613046658285673,0.89832134879865,True,gaaf,6,0.01/pi,burgers,False,777,0.76,MS_hard_burgers_n6_gaaf_s777
0.994806456225268,0.9819063432723845,0.9509942749074045,0.9099191935396252,0.7659604931700137,,,,,,0.992592824273277,0.9682158038990022,0.9376727475824965,0.8153104623525238,0.9851633082207351,0.9535033705362592,0.8513619669869299,0.9838324952713694,0.9033911390388721,0.943941840859827,0.4781887527917302,,0.5449331053834529,0.5859175244282602,0.6707461169920056,0.7584065347789475,0.8949649529472504,True,gaaf,6,0.01/pi,burgers,False,777,0.8,MS_hard_burgers_n6_gaaf_s777
0.9947061247663044,0.9820551136290071,0.9504941234581673,0.9111708433846566,0.7713871605814485,,,,,,0.9929050877250486,0.9680113770915653,0.9386978902378416,0.8204534106202052,0.9846979512315021,0.9546425999306418,0.8559206371140832,0.9850005633842731,0.9077004170161582,0.9459444690542251,0.47729587954366476,,0.5442098484840064,0.585592723030889,0.6720695476263845,0.7557837674949067,0.8915747937312188,True,gaaf,6,0.01/pi,burgers,False,777,0.84,MS_hard_burgers_n6_gaaf_s777
0.9946071843020391,0.9822373576552759,0.9500716064859341,0.9124791576245167,0.776980835251942,,,,,,0.9932235579469727,0.9678965478639917,0.9397317499871813,0.8256961582847694,0.9842623867551457,0.9558383513253225,0.8605869203082401,0.9863216674703853,0.91217517609576,0.9479747117824787,0.47675810454526196,,0.5438090490238366,0.5855590571860676,0.6739238369310007,0.7533391041844366,0.888109273371182,True,gaaf,6,0.01/pi,burgers,False,777,0.88,MS_hard_burgers_n6_gaaf_s777
0.9945101890338712,0.9824462314377834,0.9497408567215118,0.9138364506298573,0.7826660335875465,,,,,,0.9935349789993809,0.9678634052098516,0.9407677520605889,0.8309651862656708,0.9838709746768821,0.9570573599493736,0.8652739699038486,0.9877131946594935,0.9166790236502955,0.9499956542031508,0.4764453918018271,,0.5435961816653533,0.5856500009006623,0.6760429603084978,0.7509838785362086,0.8845335367065614,True,gaaf,6,0.01/pi,burgers,False,777,0.92,MS_hard_burgers_n6_gaaf_s777
0.9944156978716213,0.9826752870252828,0.9495067855978125,0.9152317836071832,0.7883717989842715,,,,,,0.9938285362293513,0.9678969928878852,0.9417967519579091,0.8361923686175584,0.9835324518895563,0.9582697566495771,0.8699049760493757,0.9890940465289433,0.9210855668991419,0.9519758082043892,0.47624228959114817,,0.5434514513449725,0.585725574400395,0.6781863776670461,0.7486410503107607,0.8808222260511946,True,gaaf,6,0.01/pi,burgers,False,777,0.96,MS_hard_burgers_n6_gaaf_s777
0.9943242662361551,0.9829189255773823,0.9493688000515886,0.9166520540669872,0.7940333023418893,,,,,,0.994096277804698,0.9679797215324228,0.9428080025368831,0.841316590766156,0.9832514097128379,0.9594508062553213,0.8744153753822195,0.9903910907078616,0.9252841725256785,0.953889272701848,0.4760547022223863,,0.5432767553349892,0.5856789592376421,0.6801494805824778,0.7462509097838597,0.8769634544414756,True,gaaf,6,0.01/pi,burgers,False,777,1.0,MS_hard_burgers_n6_gaaf_s777
0.9943198338649456,0.9744681352145024,0.9603873753624876,0.9431228294878107,0.8361199852992073,,,,,,0.9923362799275786,0.9808505063591304,0.9619827448530215,0.8810894649742514,0.9906850714582477,0.968267593206287,0.9215660896655069,0.9899970407713405,0.9367638643073688,0.9362102780271203,0.8481644211217008,,0.8709607729078386,0.8903626885851369,0.8491463553137677,0.8157281246503509,0.816217016895404,True,gaaf,7,0.01/pi,burgers,False,1234,0.0,MS_hard_burgers_n7_gaaf_s1234
0.9944743203646205,0.9748278558516534,0.9635695171820187,0.9481676218227808,0.8500215859905631,,,,,,0.9923550019628813,0.9825508942166891,0.9659981688384636,0.8927501621580658,0.991256554530347,0.9719303642550764,0.9317397547543058,0.9915769991845623,0.9424938812377281,0.941614934369755,0.8316611997831037,,0.8593949688265825,0.8849147716088758,0.8410902216011338,0.810304615128331,0.8342582278459912,True,gaaf,7,0.01/pi,burgers,False,1234,0.04,MS_hard_burgers_n7_gaaf_s1234
0.9946243938732748,0.9751303028255963,0.9668144136477047,0.9528799093287482,0.8643613842561102,,,,,,0.9923438135733876,0.9843072079077966,0.9697313820549427,0.9045350572150098,0.9918513636710924,0.9754388008709407,0.9417909533376033,0.9928170180888449,0.9481814307762096,0.9478225268964272,0.8129174516507501,,0.8457031460078736,0.8777658144350818,0.8317342868188439,0.8051426580453366,0.8506825446630006,True,gaaf,7,0.01/pi,burgers,False,1234,0.08,MS_hard_burgers_n7_gaaf_s1234
0.9947706354324088,0.9753811012866858,0.9700020261207453,0.9570966297519661,0.8774988224663772,,,,,,0.9923049987393573,0.986051742847403,0.9730550495514065,0.9149822379563497,0.992438698690149,0.9787042405763724,0.9504857202288796,0.9936968292535396,0.9529977459343153,0.9539257440592882,0.7920163659685832,,0.8296140068656883,0.8684113894905542,0.8205850402681779,0.7996480562521419,0.8630668874329879,True,gaaf,7,0.01/pi,burgers,False,1234,0.12,MS_hard_burgers_n7_gaaf_s1234
0.9949135590764879,0.9755870313332484,0.9730192555469916,0.9607473400427917,0.8885724169545373,,,,,,0.9922414444025486,0.9877199306576719,0.9759138792916168,0.9233439167016161,0.9929903765679847,0.9816737660211045,0.9571945913947972,0.9942599250080011,0.9566001773689365,0.9594050909020977,0.769038668577584,,0.8109441228326699,0.8564744929796744,0.8074609662373098,0.7934157567809244,0.870544294631793,True,gaaf,7,0.01/pi,burgers,False,1234,0.16,MS_hard_burgers_n7_gaaf_s1234
0.9950535949130257,0.9757554886124173,0.9757763561044283,0.9638429094444564,0.8974808787460793,,,,,,0.9921563865164476,0.9892569328970434,0.9783115112236679,0.9295947304034796,0.9934814909519386,0.9843119771444946,0.9619060779004239,0.9945953329145947,0.9590723114442049,0.9641347849186636,0.7438823893326957,,0.7894283858079746,0.841534770347953,0.7922480679396229,0.7860949983274726,0.8734955183004726,True,gaaf,7,0.01/pi,burgers,False,1234,0.2,MS_hard_burgers_n7_gaaf_s1234
0.9951910880277558,0.97589403679864,0.9782154993139415,0.9664468676963995,0.9045030776537009,,,,,,0.9920531953610987,0.9906200744497027,0.9802835393533935,0.9340965586050131,0.9938883257458371,0.986576852997852,0.9649619515099266,0.994796328581257,0.9606800175944837,0.9681723896208824,0.7163711920443138,,0.7647661846752721,0.8230844307567726,0.7746694348783287,0.7772015112694727,0.8725336998118416,True,gaaf,7,0.01/pi,burgers,False,1234,0.24,MS_hard_burgers_n7_gaaf_s1234
0.995326300524207,0.9760100433931631,0.9803094445926327,0.9686409233512042,0.910048769946719,,,,,,0.9919352052191646,0.9917787589735009,0.9818739074117812,0.9373461234572131,0.9941881395023838,0.9884151935246246,0.9668518301713541,0.994927576650121,0.9617388177105223,0.9716102834892109,0.6867289142354923,,0.737066376809549,0.8009204773717018,0.7544866410552654,0.7662139986767849,0.8678864638550365,True,gaaf,7,0.01/pi,burgers,False,1234,0.28,MS_hard_burgers_n7_gaaf_s1234
0.9954594081467273,0.9761103680567385,0.9820559579070435,0.9705058439161466,0.9145479199757149,,,,,,0.9918055784691608,0.9927158242388039,0.9831309851993961,0.9398319869497058,0.9943640339021712,0.9897892882861759,0.9680789526259681,0.995024516929674,0.9625585782820584,0.9745149679763141,0.6561372138806437,,0.707461591933688,0.7758516839554573,0.7321494442393741,0.7530488012241092,0.8596175086342964,True,gaaf,7,0.01/pi,burgers,False,1234,0.32,MS_hard_burgers_n7_gaaf_s1234
0.9955905083298187,0.9762011532121954,0.9834730311790127,0.9721225658722275,0.9183617065206129,,,,,,0.9916672057168117,0.9934303830278177,0.9841176056394485,0.9419259245626257,0.994411627789533,0.9907114612552788,0.9690410754138536,0.9951143344291896,0.9633807389742068,0.9769103615332654,0.626792592862003,,0.6782506725013144,0.7500323493717245,0.7092621612851618,0.7385079884798208,0.8483430466254424,True,gaaf,7,0.01/pi,burgers,False,1234,0.36,MS_hard_burgers_n7_gaaf_s1234
0.9957196248407832,0.97628771619735,0.9845943780404327,0.9735686182870236,0.9217533850681633,,,,,,0.9915226642027569,0.9939381147982467,0.9849074745350034,0.9438575292150975,0.9943413615149792,0.9912465469071613,0.9699822967720519,0.9952271059365857,0.9643459276924431,0.9788070912891326,0.6011318292478887,,0.652117517963404,0.7262736803274933,0.6881280058211964,0.7240734326636433,0.8354999214353191,True,gaaf,7,0.01/pi,burgers,False,1234,0.4,MS_hard_burgers_n7_gaaf_s1234
0.9958467190783086,0.9763744949094927,0.9854632460920093,0.9748978096012622,0.9249026977334787,,,,,,0.9913741865542068,0.9942667679823379,0.9855606085198713,0.9457486109591936,0.9941744657063469,0.9914775260944884,0.9710134397588125,0.9953854750698443,0.9655047489845834,0.9802407064209259,0.580739034854362,,0.6309259979985197,0.7067406311344869,0.6706302411941452,0.7111347553100085,0.8227767818199797,True,gaaf,7,0.01/pi,burgers,False,1234,0.44,MS_hard_burgers_n7_gaaf_s1234
0.995971696803769,0.97646504023588,0.9861252797051405,0.9761268171442276,0.9278999065216151,,,,,,0.9912236572714727,0.9944490067396694,0.9861052909650223,0.9476311148415724,0.9939358919753968,0.9914719283183544,0.9721391692870458,0.9955926124531084,0.9668325671957012,0.9812714398423557,0.5658399452700127,,0.6151060244274151,0.6921630375165367,0.6574662031981373,0.7003732386144071,0.8113578735814524,True,gaaf,7,0.01/pi,burgers,False,1234,0.48,MS_hard_burgers_n7_gaaf_s1234
0.9960944209657838,0.9765620763925091,0.9866227386609311,0.9772441829389217,0.9307570964917671,,,,,,0.9910726353461298,0.9945161836530798,0.9865431522572842,0.9494730040644365,0.9936484837555244,0.9912737729870709,0.9733004554885064,0.9958342664505276,0.96825921533826,0.9819692531530692,0.5556656839689491,,0.6039926504130352,0.6820779784153114,0.6482812578307876,0.6917654077235811,0.8016946458300445,True,gaaf,7,0.01/pi,burgers,False,1234,0.52,MS_hard_burgers_n7_gaaf_s1234
0.9962147214845184,0.9766675663805169,0.9869914469366856,0.9782292315079739,0.9334497226169782,,,,,,0.9909223774076147,0.9944949435213649,0.9868653578588837,0.9512222261935942,0.9933301972969937,0.9909120360124208,0.9744268858454901,0.996089169477489,0.9697089305111621,0.9824053707110592,0.5491186319891304,,0.5965270206006733,0.6755371090557543,0.6422621773476199,0.6849551215048216,0.7937512012768607,True,gaaf,7,0.01/pi,burgers,False,1234,0.56,MS_hard_burgers_n7_gaaf_s1234
0.9963324043467395,0.9767827838623705,0.987260130291507,0.979065894431712,0.9359509870416559,,,,,,0.9907738629538544,0.9944063599756476,0.9870650526282435,0.9528369591582103,0.9929938274751052,0.9904100847540592,0.9754668358619859,0.9963377798725596,0.9711232105934597,0.9826448318373969,0.5451839792163073,,0.5917043726924355,0.6715919005603354,0.6385684605794609,0.6795329576066839,0.7872884702113522,True,gaaf,7,0.01/pi,burgers,False,1234,0.6,MS_hard_burgers_n7_gaaf_s1234
0.9964472642206531,0.9769084278236456,0.9874511761504304,0.9797481414144392,0.9382462235734229,,,,,,0.9906278406065796,0.9942665383326436,0.9871424673422396,0.9542948120559899,0.9926479897054672,0.9897905449827392,0.9763933354539996,0.9965662245995547,0.9724650376797336,0.9827411919367522,0.5430529898880314,,0.5887156106687035,0.6694608280975329,0.6364917505959091,0.6751349213353075,0.7820167319804261,True,gaaf,7,0.01/pi,burgers,False,1234,0.64,MS_hard_burgers_n7_gaaf_s1234
0.9965590927283933,0.9770447020112495,0.9875818709544913,0.9802798063319274,0.9403345798923104,,,,,,0.9904848538601395,0.9940877022468054,0.9871050294816134,0.9555907736906136,0.9922983671429704,0.9890763999354656,0.9771990545561985,0.99676672680169,0.9737151848412461,0.9827358228511194,0.5421181043778664,,0.5869495386833284,0.6685450535635102,0.6354804052891712,0.6714617873982794,0.7776584926843122,True,gaaf,7,0.01/pi,burgers,False,1234,0.68,MS_hard_burgers_n7_gaaf_s1234
0.9966676865689874,0.9771914026213985,0.98766561793611,0.9806720292795501,0.9422255796228457,,,,,,0.9903452767688061,0.9938792530660672,0.9869653662012678,0.9567317342998686,0.9919487707376133,0.9882903734179195,0.9778891552122426,0.9969363940300328,0.9748668259553338,0.9826598616858557,0.5419359714018589,,0.5859587265093311,0.66840154239868,0.6351226602537626,0.668278684626584,0.7739728601801967,True,gaaf,7,0.01/pi,burgers,False,1234,0.72,MS_hard_burgers_n7_gaaf_s1234
0.9967728527481077,0.9773479967025602,0.9877129247231438,0.9809403200421688,0.943934863215211,,,,,,0.9902093438580424,0.9936485840935527,0.986738937923978,0.9577312705236487,0.9916018609741695,0.9874538816881169,0.9784753909275493,0.997075639175195,0.9759208734127596,0.9825366360111749,0.5421891540995456,,0.585422390446088,0.668710134195463,0.6351206536741096,0.6654086561694627,0.7707625314082704,True,gaaf,7,0.01/pi,burgers,False,1234,0.76,MS_hard_burgers_n7_gaaf_s1234
0.9968744187786149,0.9775137061764848,0.9877321430722995,0.9811020834010711,0.9454805279033984,,,,,,0.99007717962488,0.9934016599361845,0.9864420723266947,0.958605625974312,0.9912596104629248,0.9865862250753938,0.9789719695853141,0.9971867937362228,0.9768824150405963,0.9823835869889758,0.5426530508082741,,0.585113668999408,0.6692430786404788,0.635264107383664,0.6627227406592454,0.7678720237397311,True,gaaf,7,0.01/pi,burgers,False,1234,0.8,MS_hard_burgers_n7_gaaf_s1234
0.9969722334720346,0.9776875604962728,0.9877300014356887,0.9811748613155045,0.9468807334403528,,,,,,0.9899488211265454,0.9931434081456118,0.9860905961601917,0.9593712036273548,0.9909235683127596,0.9857041237694779,0.9793931027347098,0.9972730916915694,0.9777583875025326,0.9822137013701997,0.5431695167403895,,0.5848731889167175,0.669839648482088,0.6354072569709578,0.660129061148944,0.7651816309629129,True,gaaf,7,0.01/pi,burgers,False,1234,0.84,MS_hard_burgers_n7_gaaf_s1234
0.9970661729209633,0.9778684578544626,0.9877119567231116,0.9811751855873123,0.9481523109907222,,,,,,0.9898242378964422,0.9928779493607135,0.9856989774043359,0.9600431514307838,0.990594985294443,0.9848215713266278,0.9797517094774661,0.9973380164235618,0.9785561875075421,0.982036580629226,0.5436278794995012,,0.5845898572287657,0.6703873693462604,0.6354512194481913,0.6575637285622234,0.7626010034534639,True,gaaf,7,0.01/pi,burgers,False,1234,0.88,MS_hard_burgers_n7_gaaf_s1234
0.9971561415249798,0.9780552177522902,0.9876824722987846,0.9811180037989661,0.9493101169801871,,,,,,0.9897033577401131,0.9926087759980814,0.9852799456980456,0.9606347285726977,0.9902749094227781,0.9839499788021949,0.9800588846115981,0.9973849256244084,0.9792829006876912,0.9818592302771975,0.5439496657129427,,0.5841853519748976,0.6708065878342518,0.6353292915049036,0.6549821698424347,0.7600619610510304,True,gaaf,7,0.01/pi,burgers,False,1234,0.92,MS_hard_burgers_n7_gaaf_s1234
0.9972420735932467,0.978246613954248,0.987645206257673,0.9810164115343527,0.950366884265632,,,,,,0.9895860748038141,0.9923388593496105,0.9848443526275084,0.9611571552697344,0.9899642171273838,0.9830984095065116,0.9803238233774674,0.9974168644404742,0.979944963444308,0.9816866834891443,0.5440792290779928,,0.5836045154226283,0.671040876741443,0.6349975122901358,0.6523537717952475,0.7575135025959553,True,gaaf,7,0.01/pi,burgers,False,1234,0.96,MS_hard_burgers_n7_gaaf_s1234
0.9973239334009936,0.9784414040643984,0.9876031577010655,0.980881648483346,0.9513333480391677,,,,,,0.9894722607318869,0.9920707288655501,0.9844012417069375,0.9616197357519027,0.9896636416004945,0.9822739073168821,0.9805539757693783,0.997436504486693,0.9805480829110405,0.9815224930325261,0.5439760599144734,,0.5828075129846688,0.6710491552024449,0.6344269570615014,0.6496570127768692,0.7549168163823604,True,gaaf,7,0.01/pi,burgers,False,1234,1.0,MS_hard_burgers_n7_gaaf_s1234
0.9924417551977942,0.9480280931416531,0.9262111819887429,0.8929018056051666,0.8032335081479379,,,,,,0.9565777296971466,0.9074774391653481,0.881343659770368,0.786331870743129,0.9629131577316193,0.9596200225277898,0.8743863565417604,0.9885836188399162,0.9253467090460604,0.9501138689951589,0.750500035095596,,0.7918988264665594,0.8812686307616093,0.8022528476742347,0.8207018056014674,0.7739795236749168,True,gaaf,7,0.01/pi,burgers,False,2025,0.0,MS_hard_burgers_n7_gaaf_s2025
0.9923258864274496,0.9477534806764262,0.9349957010357957,0.8940817652244023,0.8145837672707448,,,,,,0.9579246649112289,0.919582038057249,0.8854096370328043,0.8036959064645155,0.9691284908621026,0.961262015439117,0.8840482109277108,0.986704371618449,0.9227194030044806,0.9510729939776096,0.7191672256439672,,0.7660449909276777,0.8705513459659348,0.7942274766726514,0.8182787857883609,0.7821582292360801,True,gaaf,7,0.01/pi,burgers,False,2025,0.04,MS_hard_burgers_n7_gaaf_s2025
0.9922107140260538,0.947443024816733,0.9428698556319332,0.8949114219683548,0.823304295805163,,,,,,0.959206588215559,0.930922452822973,0.8891046667925934,0.818503722973051,0.974761361007044,0.9621570078668573,0.8909949024852243,0.9844927029713879,0.9193111225228643,0.9512517497758435,0.687450868951908,,0.7390024045915805,0.8575933912146241,0.7847437548989397,0.8159083969059842,0.7887914416396871,True,gaaf,7,0.01/pi,burgers,False,2025,0.08,MS_hard_burgers_n7_gaaf_s2025
0.9920978074895237,0.9471030647355114,0.949603404345613,0.8954313606044171,0.8292616274353682,,,,,,0.9604026882891153,0.9411887817710879,0.8924211670326726,0.830530183896864,0.9796810823346922,0.9624146691008915,0.895335416843259,0.9820435157497553,0.915234491178113,0.9508217801646706,0.6555946277555982,,0.711005413962596,0.8422576383560993,0.7735053654446448,0.8134241058297433,0.7940742353836969,True,gaaf,7,0.01/pi,burgers,False,2025,0.12,MS_hard_burgers_n7_gaaf_s2025
0.9919885682774359,0.9467395558952506,0.9550392183775464,0.8957371947124223,0.8322217057218112,,,,,,0.9615001681804315,0.9501484146163134,0.8954246155347853,0.8394232395477114,0.9837849025302745,0.962211316754967,0.8969974329021719,0.9795285929730799,0.9106161633844737,0.9498156870803206,0.6237901988175829,,0.6822753591578397,0.8244090706086078,0.7603014050037906,0.8106506871621748,0.7981301371037727,True,gaaf,7,0.01/pi,burgers,False,2025,0.16,MS_hard_burgers_n7_gaaf_s2025
0.9918842276869309,0.9463571721278012,0.9591200726595647,0.8959491097340252,0.8322860701191234,,,,,,0.9624919945141812,0.9576706824906147,0.8982085005081945,0.8451371766421609,0.9870199051229575,0.9617550095567686,0.8960513410104299,0.9771750357245124,0.9057410029404487,0.9482033581173632,0.592144573707281,,0.6529679881246215,0.803879896662448,0.7449477590601535,0.8072501358582793,0.8009365178647202,True,gaaf,7,0.01/pi,burgers,False,2025,0.2,MS_hard_burgers_n7_gaaf_s2025
0.9917858553944708,0.9459591646077325,0.9619014966563184,0.8961898212477192,0.8300848602841313,,,,,,0.963375287804487,0.9637443316718816,0.9008680725402086,0.8481504268064848,0.9893998827403868,0.9612521336780508,0.8929626463988638,0.975208236422498,0.9010958315074048,0.9459925131810637,0.5608790062363069,,0.6233635780949186,0.7806817729595136,0.7273817465642335,0.8026021189854364,0.8022228254030254,True,gaaf,7,0.01/pi,burgers,False,2025,0.24,MS_hard_burgers_n7_gaaf_s2025
0.991694364475601,0.9455475575245155,0.9635347557603507,0.8965599915467282,0.8265247531840434,,,,,,0.9641501638056271,0.9684679872667944,0.9034803972224426,0.8492046463458549,0.9910022438811951,0.960871973920302,0.8884697503179245,0.9737769564987326,0.8971815462527887,0.9432368027075546,0.5306797607648697,,0.5942178382595031,0.7555598535340967,0.7080680895003592,0.7960076495501167,0.8012990839074834,True,gaaf,7,0.01/pi,burgers,False,2025,0.28,MS_hard_burgers_n7_gaaf_s2025
0.9916105287920561,0.9451234930712078,0.9642267350616265,0.8971086240391596,0.822566303641239,,,,,,0.9648188148076925,0.9720149532731913,0.9060812388043248,0.8490994179604291,0.9919462954806966,0.9607103302572119,0.8834496320413359,0.9729053374296901,0.8944036240614974,0.9401606856831679,0.5027838873930068,,0.5668916210965278,0.7303394184494794,0.6883476131244557,0.7873462758762353,0.7973037269042985,True,gaaf,7,0.01/pi,burgers,False,2025,0.32,MS_hard_burgers_n7_gaaf_s2025
0.9915349860354941,0.9446875496511543,0.9641965885287772,0.8978295709997407,0.819041373209513,,,,,,0.9653848779296176,0.9745899108216387,0.9086640378973654,0.8486150605536398,0.9923658460987309,0.960784489912585,0.8787499482633316,0.9725105458805684,0.8930047471426811,0.9372081529394246,0.4782766624801483,,0.5426713976497971,0.7070264232250074,0.6698280086783822,0.7773549992899437,0.7901099269908763,True,gaaf,7,0.01/pi,burgers,False,2025,0.36,MS_hard_burgers_n7_gaaf_s2025
0.9914682543330786,0.9442400275494172,0.9636445133727486,0.8986891978836469,0.8163650037923224,,,,,,0.9658529178295642,0.9763936899853248,0.9112056640998071,0.8482664096343449,0.9923877013576411,0.9610655003902554,0.8748394857201696,0.9724673282250768,0.8929036660442488,0.9347307219932796,0.45737107835154606,,0.5219420834936725,0.686558734720198,0.6533660777443516,0.7669343024792372,0.7806171952603597,True,gaaf,7,0.01/pi,burgers,False,2025,0.4,MS_hard_burgers_n7_gaaf_s2025
0.9914107465480796,0.9437811608985593,0.9627368417446717,0.8996542580067762,0.8145362566173375,,,,,,0.9662280713613639,0.9776031100738288,0.9136896700155099,0.8482146159250047,0.9921203270076318,0.9615128064513622,0.8717532006989271,0.9726633054278255,0.8937601769933641,0.9328072214306871,0.43964139009445846,,0.5043439514103838,0.6688811107955848,0.639022750970899,0.7566217800736422,0.7699975423031575,True,gaaf,7,0.01/pi,burgers,False,2025,0.44,MS_hard_burgers_n7_gaaf_s2025
0.9913627707134782,0.9433112154909679,0.9616037268168,0.9007025217222588,0.8133992789436862,,,,,,0.9665157555913787,0.9783638141160875,0.9161115854016052,0.8484457909918688,0.9916509202775112,0.9620900591082643,0.8693455307909047,0.973018976017888,0.8952153249232874,0.9313711550984833,0.42457740975993763,,0.4893762864673771,0.6536680784119716,0.626601244154182,0.7467213491731006,0.7591392761144514,True,gaaf,7,0.01/pi,burgers,False,2025,0.48,MS_hard_burgers_n7_gaaf_s2025
0.9913245469231784,0.9428306157458075,0.9603433942256033,0.9018219918919692,0.8128098400274054,,,,,,0.9667214933446868,0.9787912368755575,0.9184745128180501,0.8489157350953938,0.991047403876585,0.9627675872120398,0.8674658345659595,0.9734842350790482,0.897007532527322,0.9303316401430474,0.41173957621058027,,0.47659745135861165,0.6405735198163992,0.6158520724784615,0.7373860951733848,0.7485771724859003,True,gaaf,7,0.01/pi,burgers,False,2025,0.52,MS_hard_burgers_n7_gaaf_s2025
0.9912962149690223,0.942339942001243,0.9590288059657879,0.9030078006323213,0.8126806763849584,,,,,,0.966850750431553,0.9789752658778474,0.9207846901707581,0.849601983822461,0.9903622058862375,0.9635213050582522,0.8660118456375039,0.9740287831700947,0.8989776467211923,0.9296164211099128,0.4007620401158789,,0.4656406947237782,0.629273945738886,0.6065270309186702,0.7286649694823779,0.7386003990266786,True,gaaf,7,0.01/pi,burgers,False,2025,0.56,MS_hard_burgers_n7_gaaf_s2025
0.9912778396509524,0.9418399720657745,0.9577139859388601,0.9042598244479401,0.8129776065802927,,,,,,0.9669088742499269,0.9789855873622909,0.9230492848421166,0.8505116229495401,0.9896361508240248,0.9643317858110522,0.8649316425704054,0.9746341511414226,0.9010425247899061,0.9291788862655339,0.39135756499527874,,0.45622228638213536,0.6195039203354563,0.59842420988103,0.7205637461575537,0.7293589924367379,True,gaaf,7,0.01/pi,burgers,False,2025,0.6,MS_hard_burgers_n7_gaaf_s2025
0.9912694184954073,0.9413317131079338,0.9564392774078527,0.9055808308304626,0.8137015890170932,,,,,,0.9669010639853137,0.9788765664922492,0.9252754585221444,0.8516723083172292,0.9889017186264466,0.9651836033577739,0.8642090843779572,0.9752883388651576,0.9031661358696422,0.9289924318842093,0.3833092731432952,,0.4481327868886786,0.6110621980234323,0.5913979684300453,0.713073688922734,0.7209258519327167,True,gaaf,7,0.01/pi,burgers,False,2025,0.64,MS_hard_burgers_n7_gaaf_s2025
0.9912708888245952,0.9408163484448449,0.9552352317945236,0.9069753348749411,0.814873039262097,,,,,,0.9668323207387326,0.9786910947736103,0.9274701248205386,0.8531222105654889,0.98818546368193,0.9660648572232228,0.8638502439163868,0.9759826511026382,0.9053388883045825,0.9290439798321412,0.37645600809596297,,0.44122076439820573,0.6038015712384771,0.5853497779519736,0.7061801252866051,0.7133312857539681,True,gaaf,7,0.01/pi,burgers,False,2025,0.68,MS_hard_burgers_n7_gaaf_s2025
0.9912821309485763,0.9402952648039026,0.9541254131161004,0.9084486606041627,0.8165225741157496,,,,,,0.9667074649710227,0.9784634549343902,0.9296397604321741,0.8549039397433507,0.9875098403461186,0.9669667221857968,0.8638752613647062,0.9767099246723201,0.9075655903372654,0.9293300571325457,0.3706803803919912,,0.4353797816090089,0.5976188033642807,0.5802180551528107,0.6998675074536617,0.7065837741819478,True,gaaf,7,0.01/pi,burgers,False,2025,0.72,MS_hard_burgers_n7_gaaf_s2025
0.9913029811280909,0.9397700801448414,0.9531282600866045,0.910006183729544,0.818686157721032,,,,,,0.9665311850904823,0.9782213619544124,0.931790227627855,0.8570615640643668,0.9868943459505517,0.9678828977966941,0.8643139411524061,0.9774635510189849,0.9098593317584668,0.9298547088751606,0.36590078998345993,,0.43054007375597325,0.5924481621748391,0.5759710578857057,0.6941236991481126,0.7006813471293847,True,gaaf,7,0.01/pi,burgers,False,2025,0.76,MS_hard_burgers_n7_gaaf_s2025
0.9913332230720397,0.9392425870458767,0.9522581128634708,0.9116526153212015,0.8214033919852688,,,,,,0.9663080331346499,0.9779871991502169,0.9339264773305995,0.8596400503894573,0.9863562844722598,0.9688091720712653,0.865204653341505,0.9782371568346541,0.9122392566229627,0.9306289876249133,0.3620650173024072,,0.4266621489554461,0.5882567313599198,0.5726017723972584,0.6889423576749185,0.6956177483420627,True,gaaf,7,0.01/pi,burgers,False,2025,0.8,MS_hard_burgers_n7_gaaf_s2025
0.9913726030648446,0.9387148050544267,0.9515260027321552,0.9133913521968932,0.8247170272154869,,,,,,0.9660424745143847,0.9777789018153976,0.9360521388506275,0.8626853349185665,0.9859112572000132,0.9697429174648915,0.8665942327912185,0.9790244605691804,0.9147299471910182,0.9316711016094223,0.3591490420426178,,0.4237360761625603,0.5850451100745035,0.5701279639829945,0.6843273792872561,0.6913860459933776,True,gaaf,7,0.01/pi,burgers,False,2025,0.84,MS_hard_burgers_n7_gaaf_s2025
0.9914208330463021,0.9381889463026322,0.9509397277469067,0.9152238002722437,0.8286728113132671,,,,,,0.9657389075893247,0.9776102569294615,0.938169176013286,0.866244699429607,0.9855732839679368,0.9706826765304941,0.8685386779381022,0.9798195368192567,0.9173623131585765,0.9330070997039055,0.35715604749515917,,0.42178110031233074,0.5828485315171034,0.5685930038556949,0.6802953070809558,0.6879788852830415,True,gaaf,7,0.01/pi,burgers,False,2025,0.88,MS_hard_burgers_n7_gaaf_s2025
0.9914775923837891,0.9376674306862631,0.9505036132317488,0.9171484420083517,0.8333178293240407,,,,,,0.965401706691204,0.9774908410261484,0.9402771853380081,0.8703654827436541,0.985354670222184,0.9716276406376834,0.871102787823972,0.9806170554681749,0.9201740980270308,0.9346710395639878,0.3561166300419997,,0.4208465120236336,0.5817392784669079,0.5680680533439219,0.6768777161840721,0.6853865847423952,True,gaaf,7,0.01/pi,burgers,False,2025,0.92,MS_hard_burgers_n7_gaaf_s2025
0.9915425284450443,0.937152894125413,0.9502181825978483,0.9191599151792231,0.8386957406986513,,,,,,0.9650352537278619,0.9774258323368799,0.9423727351967938,0.8750906756469564,0.9852656678307747,0.9725771362289978,0.8743571775305755,0.9814125061699212,0.9232084740827268,0.9367039426609272,0.3560887373669702,,0.4210120984458502,0.5818274286121511,0.5686527584747589,0.6741219196948686,0.6835936008820539,True,gaaf,7,0.01/pi,burgers,False,2025,0.96,MS_hard_burgers_n7_gaaf_s2025
0.9916152694215097,0.9366481310671385,0.9500792127446994,0.9212481857563932,0.8448370577384291,,,,,,0.964643920753988,0.9774153244993596,0.9444488598295985,0.8804496324515564,0.9853137662485384,0.9735302474690086,0.8783705601631289,0.9822026137337522,0.9265094650852709,0.9391497431042783,0.35715535379999314,,0.42238600568738416,0.5832573772281188,0.5704736063969978,0.672089082614639,0.6825722992274993,True,gaaf,7,0.01/pi,burgers,False,2025,1.0,MS_hard_burgers_n7_gaaf_s2025
0.9976240564398594,0.9958842743125254,0.9929647113432888,0.9068102912438629,0.8800132282027355,,,,,,0.9967386433357158,0.9947000879907759,0.9274004705951268,0.902655343178504,0.9964810730073186,0.930333745843648,0.8973075998108929,0.9388306534728366,0.9105177490816818,0.9716794043768103,0.8149469486144402,,0.8348914448155687,0.8305609853930372,0.8475817631758411,0.8852272765142926,0.90075727139764,True,gaaf,7,0.01/pi,burgers,False,777,0.0,MS_hard_burgers_n7_gaaf_s777
0.9976307360913552,0.9958365139323694,0.9927957863504311,0.9029164052702146,0.8846008461986123,,,,,,0.9967867212419825,0.9945609142005071,0.9239867600039728,0.9076425157211615,0.9964036686784068,0.927784566903153,0.903109413561278,0.9352037546243058,0.9136636438584043,0.9745960687536229,0.7938340632080346,,0.8174510852615932,0.8148226841624916,0.831632063762228,0.8825825658255336,0.8994999320994055,True,gaaf,7,0.01/pi,burgers,False,777,0.04,MS_hard_burgers_n7_gaaf_s777
0.9976374835810254,0.9957887191167064,0.992632296745017,0.8996307785346812,0.8887873664400758,,,,,,0.996831878247829,0.9943846486777732,0.9210402671544313,0.912199957927635,0.996311756098238,0.9257599029714675,0.9085756728010718,0.9318338788002756,0.9164358023834493,0.9771239608407736,0.7705254771428726,,0.797671386166075,0.7971938320230518,0.8136074869034109,0.8794162145730803,0.89596191833024,True,gaaf,7,0.01/pi,burgers,False,777,0.08,MS_hard_burgers_n7_gaaf_s777
0.9976442956534487,0.9957411372160395,0.9924749953107048,0.8969498465029293,0.8921859305855455,,,,,,0.9968741778184682,0.9941764625083334,0.9185696508750192,0.9159684553662238,0.9962041888298238,0.9242307123181741,0.9133132371152956,0.9287340078813162,0.9185450111935745,0.9792930533302489,0.7451740749401318,,0.7755966127511842,0.7776686416018107,0.7934833434208771,0.8752528713536145,0.8903591417259046,True,gaaf,7,0.01/pi,burgers,False,777,0.12,MS_hard_burgers_n7_gaaf_s777
0.9976511716885512,0.9956940099979762,0.9923242297768687,0.8948484927124389,0.8946327163674475,,,,,,0.9969136757681365,0.9939414751884483,0.9165651485125282,0.9187825606540467,0.9960804124901628,0.923153067982521,0.9171321244613176,0.925904342236335,0.9198712027401577,0.9811348319686622,0.71800483999647,,0.7513532628472794,0.7562831524872802,0.771307999150669,0.8697070474977928,0.8830076755919748,True,gaaf,7,0.01/pi,burgers,False,777,0.16,MS_hard_burgers_n7_gaaf_s777
0.9976581105957457,0.9956475670437083,0.9921801669310604,0.8932869111627426,0.8961227752358959,,,,,,0.9969504275888696,0.993684798423429,0.9150042048681267,0.9206184988777192,0.9959406548470664,0.9224765824640272,0.9199856569270857,0.9233369727076131,0.9204102926336086,0.9826513356893264,0.6893493313343684,,0.7251884538641139,0.7331618993571912,0.7472348585608569,0.8624587629999729,0.8741901740036376,True,gaaf,7,0.01/pi,burgers,False,777,0.2,MS_hard_burgers_n7_gaaf_s777
0.9976651104961116,0.9956020333894872,0.9920429623388085,0.8922136988000184,0.8967595431069312,,,,,,0.9969844890648945,0.9934115541277622,0.9138534465345586,0.9215543187226568,0.9957860050937443,0.9221480362201823,0.9219264217157399,0.9210181022323818,0.9202361619197882,0.9838108802263765,0.6597086792917115,,0.6975411511932795,0.7086003927888171,0.7215909477616462,0.8532811758508663,0.8641378033068058,True,gaaf,7,0.01/pi,burgers,False,777,0.24,MS_hard_burgers_n7_gaaf_s777
0.9976721693968806,0.9955576191687361,0.9919128261869407,0.891567457734507,0.8967238767302056,,,,,,0.9970159144291859,0.9931268206727908,0.9130692100382353,0.9217475715796968,0.9956183844896974,0.9221123867419461,0.9230837431682583,0.9189292863360727,0.9194819630673814,0.9845651565099288,0.6298237959632442,,0.6691250622016449,0.683165346227214,0.6949683952634866,0.8421433874491563,0.853094904833293,True,gaaf,7,0.01/pi,burgers,False,777,0.28,MS_hard_burgers_n7_gaaf_s777
0.9976792859592226,0.9955145299315429,0.9917900617160579,0.8912781308214419,0.8962491839310505,,,,,,0.9970447611518878,0.9928355830681346,0.9125979223878101,0.921416386354544,0.9954404364808708,0.9223123145533267,0.9236478120081338,0.9170482044568455,0.9183288676214815,0.9848773506435672,0.6006814496750122,,0.6409460319877403,0.6577345499765705,0.6682650202957808,0.8293307329960107,0.8414013633127729,True,gaaf,7,0.01/pi,burgers,False,777,0.32,MS_hard_burgers_n7_gaaf_s777
0.9976864589400618,0.9954729502578575,0.9916750367803855,0.8912699093776265,0.8955886012054813,,,,,,0.9970710864971748,0.9925426445116692,0.912378295819798,0.9208094584451217,0.995255379933155,0.9226887405697033,0.9238439952348136,0.9153503753486312,0.9169868089415903,0.9847451543648841,0.5734105863884872,,0.6141994256804458,0.6334144541705549,0.6426094819373998,0.8154868592690522,0.8295332970219483,True,gaaf,7,0.01/pi,burgers,False,777,0.36,MS_hard_burgers_n7_gaaf_s777
0.997693686114023,0.9954330525352172,0.9915681614727186,0.8914657968283102,0.8949726660896179,,,,,,0.997094947661021,0.9922525502764381,0.9123454805815157,0.9201632100118454,0.9950668318209617,0.9231825600815791,0.9238934604655936,0.9138113145626656,0.9156623931670924,0.9842074305353047,0.5490793657172769,,0.5900541890410881,0.6113330431203282,0.619161021078619,0.8015064497198764,0.8180658258135054,True,gaaf,7,0.01/pi,burgers,False,777,0.4,MS_hard_burgers_n7_gaaf_s777
0.9977009660625236,0.9953949977093758,0.991469810295057,0.8917917499685741,0.8945671950221818,,,,,,0.997116407860002,0.9919694872377723,0.9124352309432341,0.9196570655714686,0.994878608786475,0.9237365534152029,0.9239700495738425,0.9124081452569555,0.9145205108304034,0.9833326533451759,0.5284779488086115,,0.5694129181694642,0.5923948167130705,0.598863388321895,0.7883122563369528,0.8075745169075659,True,gaaf,7,0.01/pi,burgers,False,777,0.44,MS_hard_burgers_n7_gaaf_s777
0.9977082976218183,0.9953589234988806,0.9913803249960529,0.8921806982972862,0.894448362426267,,,,,,0.9971355267850881,0.9916972507253821,0.9125882460188346,0.9193851507181143,0.9946945813192989,0.9242979737372612,0.9241715779391322,0.9111207839174533,0.9136558824806658,0.9822004434290369,0.5119756889309472,,0.5527469097220361,0.5771019467467204,0.5822567220694447,0.7766219343442731,0.7985200378864744,True,gaaf,7,0.01/pi,burgers,False,777,0.48,MS_hard_burgers_n7_gaaf_s777
0.997715678627185,0.9953249531794672,0.9912999491335097,0.8925752381537221,0.89460501928295,,,,,,0.9971523693811106,0.9914391761982037,0.9127533313185708,0.9193554621866434,0.9945185019111233,0.9248205956207843,0.9245168609780348,0.9099322324475468,0.9130875081936831,0.9808866004502986,0.49950185072740466,,0.5400634197828836,0.5655066410351878,0.569419982794505,0.76681389989349,0.7911678890030517,True,gaaf,7,0.01/pi,burgers,False,777,0.52,MS_hard_burgers_n7_gaaf_s777
0.9977231066861196,0.9952931870815932,0.9912288002991576,0.8929277464362277,0.8949633947285833,,,,,,0.9971669987379628,0.991198095064714,0.9128880230444988,0.9195120836350575,0.9943538658156631,0.9252651472611797,0.9249649879271411,0.9088275085410903,0.9127747673709168,0.9794570461366834,0.49062826772559537,,0.5309856132420169,0.5572812197106976,0.5600355470385806,0.7589309137903931,0.7855672501573786,True,gaaf,7,0.01/pi,burgers,False,777,0.56,MS_hard_burgers_n7_gaaf_s777
0.9977305804242436,0.995263706179814,0.9911668811823245,0.8931985096206735,0.8954220413897854,,,,,,0.9971794757623929,0.9909763489407567,0.9129571500758763,0.9197684384776835,0.9942038239489647,0.9255982093973625,0.9254452705564032,0.9077913614251598,0.9126451962064084,0.9779667051083321,0.48470534310896,,0.5248930348756417,0.5518534753964098,0.5535253262687013,0.7527789551516902,0.7815818193182772,True,gaaf,7,0.01/pi,burgers,False,777,0.6,MS_hard_burgers_n7_gaaf_s777
0.9977380992335545,0.9952365692545095,0.9911140266577286,0.8933541062926554,0.8958827424493354,,,,,,0.997189863173291,0.9907757364620214,0.9129315062682415,0.9200372889473483,0.9940710657241196,0.9257914709259806,0.9258846487576083,0.9068070945739151,0.9126212513066487,0.976460395109441,0.48100066893938526,,0.5210669228560355,0.5485493998224352,0.5492000891362413,0.7480500491508931,0.7789503526148188,True,gaaf,7,0.01/pi,burgers,False,777,0.64,MS_hard_burgers_n7_gaaf_s777
0.9977456592118708,0.9952118108796133,0.9910699127637184,0.8933644087358416,0.896269154205668,,,,,,0.9971982195298195,0.9905975374836997,0.9127850024966857,0.9202492753659905,0.9939577739606207,0.925819558044793,0.9262249123741922,0.9058546412945746,0.9126377599541861,0.9749736702918286,0.47880532914133467,,0.5188024514223367,0.5467037731050972,0.5463781330697453,0.7444202068527271,0.7773508170980425,True,gaaf,7,0.01/pi,burgers,False,777,0.68,MS_hard_burgers_n7_gaaf_s777
0.9977532598060694,0.9951894455985663,0.9910340872837999,0.8932012640034627,0.8965327878241974,,,,,,0.9972046012731343,0.990442544024391,0.9124933962162507,0.920359375135963,0.9938655882605498,0.9256591624987971,0.9264289584265063,0.9049103207369187,0.912648874825673,0.9735337991363133,0.4775014606629222,,0.5174803790591617,0.5457302665824243,0.5444624089113581,0.741606120486414,0.7764552991063448,True,gaaf,7,0.01/pi,burgers,False,777,0.72,MS_hard_burgers_n7_gaaf_s777
0.99776089898901,0.9951694553198444,0.9910059231008543,0.8928372639060216,0.896649731803818,,,,,,0.9972090551037835,0.9903110504218297,0.9120330323383473,0.9203444884114421,0.9937955757674705,0.9252881071964446,0.9264791422089712,0.9039469326729583,0.912627133933168,0.9721611082474986,0.4765861538432574,,0.5165936774150024,0.5451478598032661,0.5429705289889599,0.7393845316583708,0.7759638729895328,True,gaaf,7,0.01/pi,burgers,False,777,0.76,MS_hard_burgers_n7_gaaf_s777
0.9977685740716508,0.9951518112641299,0.9909846857476474,0.8922461745357625,0.8966138685212987,,,,,,0.9972116320671583,0.990202925005154,0.91138119825194,0.9201975038444684,0.9937482510336222,0.9246855943543124,0.9263720424147563,0.9029349823706574,0.9125588758616259,0.970870382516776,0.47566728881659615,,0.5157449338648292,0.5445784187681108,0.5415324450652267,0.7375882913067167,0.7756189199928061,True,gaaf,7,0.01/pi,burgers,False,777,0.8,MS_hard_burgers_n7_gaaf_s777
0.9977762845995451,0.9951364564111664,0.9909695100858841,0.8914031084921507,0.896428720552152,,,,,,0.9972123708528252,0.9901176250384476,0.910516192473534,0.919919943662122,0.9937235894616105,0.9238322916754119,0.926111916196485,0.901843975446527,0.9124381012601033,0.9696724666364376,0.47443987342138394,,0.5146236896226398,0.543725421667856,0.5398669250013206,0.7360917610406961,0.775204588481337,True,gaaf,7,0.01/pi,burgers,False,777,0.84,MS_hard_burgers_n7_gaaf_s777
0.997784027895095,0.9951233006339885,0.9909594401792675,0.8902851307059588,0.8961010157383735,,,,,,0.9972113003481304,0.9900542521285138,0.9094179042681878,0.9195161684855159,0.9937210699130078,0.9227107476604715,0.9257053715524339,0.9006436845151237,0.9122612676904627,0.9685753551165888,0.4726580095868267,,0.5129790565937372,0.542348202558917,0.537752012932162,0.734795522740968,0.7745381237976984,True,gaaf,7,0.01/pi,burgers,False,777,0.88,MS_hard_burgers_n7_gaaf_s777
0.9977918007962638,0.9951122531935702,0.9909534625301296,0.8888726352578821,0.8956357127985866,,,,,,0.997208452931486,0.990011620953792,0.9080690555585921,0.9189887741661357,0.9937397222382126,0.921306354265651,0.9251568893500066,0.8993059698092769,0.9120230478670704,0.9675849946638024,0.4701047854019257,,0.5105898503906945,0.5402332708038894,0.5349934001416843,0.7336080633499847,0.7734556737265708,True,gaaf,7,0.01/pi,burgers,False,777,0.92,MS_hard_burgers_n7_gaaf_s777
0.9977996026886283,0.9951031876167239,0.990950488176831,0.8871492825327032,0.8950314407257178,,,,,,0.9972038449029722,0.9899882767170596,0.9064551337990884,0.9183344317265195,0.9937781909590164,0.9196073088805268,0.9244649732915882,0.8978055660741264,0.9117124186594852,0.9667056221639088,0.46656908196262337,,0.5072413420544698,0.5371728045716483,0.5314003695573929,0.7324338748585301,0.7718005501303221,True,gaaf,7,0.01/pi,burgers,False,777,0.96,MS_hard_burgers_n7_gaaf_s777
0.9978074312644182,0.9950959662474009,0.9909494352815658,0.8851031431295273,0.8942775193522545,,,,,,0.9971974899722267,0.9899825981945101,0.9045654304582093,0.917541121616196,0.9938348027581498,0.9176054487216881,0.923619314747447,0.8961214117465017,0.9113098151445139,0.9659396635504628,0.461824234381885,,0.5027035835872472,0.532943712761832,0.5267631916282705,0.7311583205013786,0.7694089744475047,True,gaaf,7,0.01/pi,burgers,False,777,1.0,MS_hard_burgers_n7_gaaf_s777
0.998043638328756,0.9890005461470164,0.9776734207722825,0.9328781022761072,0.9499732523078679,,,,,,0.9944898847953481,0.9818117832931161,0.9372647069460218,0.9560497471418744,0.9795285566811516,0.933893365998153,0.9566517316760413,0.9782477755708715,0.9833022685425789,0.9767306601981722,0.8360253348302493,,0.8499157670034488,0.8531419098621511,0.8303537157486205,0.7831776005467289,0.8396683478138618,False,gaaf,8,0.01/pi,burgers,False,1234,0.0,MS_hard_burgers_n8_gaaf_s1234
0.9979857794368031,0.9886432782332087,0.9764650860612483,0.9343002133186404,0.9491275461781885,,,,,,0.994345423316774,0.9811089521340063,0.9391867186762684,0.9565206825978569,0.9792629807348998,0.9360855004851343,0.9585318764742842,0.9802396478667114,0.9832090951585428,0.9761895959123453,0.8178294786991005,,0.8351652390193055,0.8423534341871819,0.816878063935841,0.7683496154872096,0.8325798132822547,False,gaaf,8,0.01/pi,burgers,False,1234,0.04,MS_hard_burgers_n8_gaaf_s1234
0.9979319488436792,0.988393007280182,0.9751078474353092,0.9369387326477457,0.9483266595008484,,,,,,0.994266383880292,0.9802715687734302,0.9422913503695972,0.9570455424571843,0.9790104841378022,0.9395953133129851,0.960706918029025,0.9827282463681746,0.9834373297777548,0.9760392355331217,0.7981358242275771,,0.8189481052303252,0.830442039012078,0.803653664914044,0.7556029377192625,0.8269812893881242,False,gaaf,8,0.01/pi,burgers,False,1234,0.08,MS_hard_burgers_n8_gaaf_s1234
0.9978825507945981,0.9882617896178263,0.9737220010916569,0.9405457130677771,0.94733469055,,,,,,0.9942626281744638,0.9793714397445311,0.9463233838925131,0.957382074614858,0.9787576951542115,0.944171211270744,0.962906916511139,0.9855515551020716,0.9838834892668111,0.9763075362931303,0.7766415408205636,,0.800932069733594,0.8170947217170148,0.7906268361681377,0.7449410650446573,0.822543305482529,False,gaaf,8,0.01/pi,burgers,False,1234,0.12,MS_hard_burgers_n8_gaaf_s1234
0.9978379066818167,0.9882394518824095,0.9724441006089086,0.944799787922113,0.945906993010049,,,,,,0.9943281696073472,0.9785038058320963,0.9509655278724181,0.9572752163750519,0.9784964048176455,0.9494919939047521,0.964831979602623,0.9885412068358825,0.9844034729725427,0.977021090611823,0.7529610517775764,,0.7806726918028846,0.8018745863058307,0.7775607202237582,0.7361820288912233,0.8188168292699467,False,gaaf,8,0.01/pi,burgers,False,1234,0.16,MS_hard_burgers_n8_gaaf_s1234
0.9977982472722907,0.9882947548346542,0.9713959645542447,0.9493203578445404,0.9438260608069724,,,,,,0.9944419841607147,0.9777635606777775,0.9558611631129943,0.9564897475127979,0.9782194808849051,0.9551957389216005,0.9661841217406055,0.9915287496483761,0.984814860687606,0.9782108728983967,0.726741435521812,,0.7577122809911816,0.7842829420050561,0.7640451763697712,0.729055579682249,0.8153056725323979,False,gaaf,8,0.01/pi,burgers,False,1234,0.2,MS_hard_burgers_n8_gaaf_s1234
0.9977637058416794,0.9883827335030569,0.9706593834723459,0.9536604083585849,0.9409404195059756,,,,,,0.9945734713687807,0.9772239713846482,0.9606133550884294,0.9548390348815753,0.9779226584538002,0.960895972072732,0.9666862307423031,0.9943037199346146,0.984851233760348,0.9799087049126937,0.697803983025617,,0.7317091107403768,0.763832599699043,0.7494683292312716,0.7232332777397948,0.8114557570166058,False,gaaf,8,0.01/pi,burgers,False,1234,0.24,MS_hard_burgers_n8_gaaf_s1234
0.9977343127392375,0.9884556763187798,0.9702679258048961,0.9572601890072593,0.9372425665633447,,,,,,0.9946905331713962,0.9769270309950834,0.9647310038705533,0.9522399032611766,0.9776130189955674,0.9661493795726127,0.9660848433282315,0.9965138384558845,0.9840950897063045,0.9821293101625707,0.6663243636618782,,0.7026206613900108,0.7401379929518387,0.7329642083353135,0.71824432468449,0.8065264074895534,False,gaaf,8,0.01/pi,burgers,False,1234,0.28,MS_hard_burgers_n8_gaaf_s1234
0.9977099941440358,0.9884734681128077,0.9702164865569838,0.9594394728351878,0.9332633593886145,,,,,,0.9947669499833804,0.9768868093680703,0.9675813946128794,0.9490790800146155,0.9773171447492914,0.9703828892781124,0.9644030928963864,0.9976167833677,0.9822946374414107,0.9848924344117835,0.6332441367175653,,0.6711658284762192,0.7132861183977094,0.7136195117933671,0.7133393318012636,0.7993138556481358,False,gaaf,8,0.01/pi,burgers,False,1234,0.32,MS_hard_burgers_n8_gaaf_s1234
0.9976905714763754,0.9884095983834511,0.9704713490109653,0.9598281048596194,0.9306704784014673,,,,,,0.9947863550976435,0.9770936435663738,0.9687473805282447,0.9468811158180566,0.9770769974868092,0.9731040286314192,0.9627333744705047,0.9972681622832463,0.9804207268191483,0.9881426360350195,0.6013574572158386,,0.6401087899229518,0.6854230644160623,0.6920135991734614,0.7079575731934772,0.7884256991996562,False,gaaf,8,0.01/pi,burgers,False,1234,0.36,MS_hard_burgers_n8_gaaf_s1234
0.9976757662278688,0.9882518080346625,0.9709706806501948,0.9590976428884551,0.9304930090410435,,,,,,0.9947422460415659,0.9775126939969215,0.9687395826528415,0.9467413742091213,0.9769336502895839,0.9744975072987943,0.9622999262409444,0.9959778912367162,0.9796631885410517,0.9911056011983876,0.5751647083307625,,0.6142648768686138,0.6614410187220374,0.671859787186258,0.7027791314811521,0.7750126446129327,False,gaaf,8,0.01/pi,burgers,False,1234,0.4,MS_hard_burgers_n8_gaaf_s1234
0.9976652040047539,0.9879988204571096,0.9716296428796121,0.9584564110784662,0.9317457024803295,,,,,,0.9946353183547625,0.9780881516338543,0.9686163711541684,0.9478797623064741,0.9769138248759246,0.9752871578955828,0.9628747398387109,0.9947083598511259,0.9796776001513952,0.9929947244429465,0.5566021671694154,,0.5959059711232905,0.6442213714499935,0.6564175341253589,0.6983913948588176,0.7626011546608047,False,gaaf,8,0.01/pi,burgers,False,1234,0.44,MS_hard_burgers_n8_gaaf_s1234
0.9976584232663519,0.987655705185079,0.9723585452154689,0.9585218358505085,0.9333624758594333,,,,,,0.994470059109942,0.978757717118159,0.9689661456455756,0.9493666456534391,0.9770271667268629,0.9760015580105015,0.9638785449357805,0.9939746628407856,0.9798853683628973,0.9939200798388967,0.5438180982139925,,0.5833030304212311,0.6325700315588091,0.6454886697581975,0.6942293105131501,0.7528141119196152,False,gaaf,8,0.01/pi,burgers,False,1234,0.48,MS_hard_burgers_n8_gaaf_s1234
0.9976548852646075,0.9872298395806808,0.9730806044208689,0.9592445913231484,0.9348380664443071,,,,,,0.9942519638625296,0.9794655893565702,0.969800424106981,0.9507592206317371,0.977268881237316,0.976802127629745,0.9649999558305473,0.9937815217078234,0.9800693843876191,0.994266908220492,0.5344803248057495,,0.5741328834441355,0.6244259343113633,0.6377419628841698,0.689950239435826,0.7455493236181399,False,gaaf,8,0.01/pi,burgers,False,1234,0.52,MS_hard_burgers_n8_gaaf_s1234
0.9976539850366861,0.9867283248591113,0.9737379871073585,0.9603361511984437,0.9359562382785882,,,,,,0.9939858826482049,0.9801662819448467,0.9709133252118711,0.951870271705516,0.9776230618674502,0.9776750342569362,0.9660959812469946,0.9939476153031394,0.980179067354913,0.9943036169895495,0.5271634849697304,,0.5669566707276734,0.6184317419445168,0.6322272310139865,0.6857323628741158,0.7403764410391944,False,gaaf,8,0.01/pi,burgers,False,1234,0.56,MS_hard_burgers_n8_gaaf_s1234
0.9976550639009372,0.9861568172718591,0.9742888647347866,0.9615183298727553,0.936624190942544,,,,,,0.9936753679670741,0.9808227798983712,0.9720969890690176,0.9526180385618709,0.978066706878919,0.9785694128053837,0.9670945967106089,0.9942968884357019,0.9802122044296862,0.9941754219797102,0.521127152527874,,0.5610228772935544,0.6138412232048338,0.6283832418824787,0.6818889056891706,0.7368897768681857,False,gaaf,8,0.01/pi,burgers,False,1234,0.6,MS_hard_burgers_n8_gaaf_s1234
0.9976574241259972,0.9855193335104803,0.9747025169759962,0.9625879614097014,0.9368153239312474,,,,,,0.9933226730369573,0.9814043173234891,0.9731982997224089,0.9529741071502605,0.9785743690463803,0.9794425077228484,0.967957904391151,0.9947093670723061,0.9801832261399178,0.9939601385306481,0.5159756253170188,,0.5559308390532791,0.6102357950937398,0.6258441977247691,0.6786527626978928,0.734714477245714,False,gaaf,8,0.01/pi,burgers,False,1234,0.64,MS_hard_burgers_n8_gaaf_s1234
0.9976603413737427,0.9848185431259399,0.9749558397162593,0.9634131098425706,0.936545569976,,,,,,0.9929290539107886,0.9818853522322742,0.9741169036778666,0.9529440052720752,0.9791220361610602,0.9802661117078862,0.9686696466142017,0.9951173099949754,0.9801139276194921,0.9937038052225031,0.5114738742927736,,0.5514457896476509,0.6073595332247822,0.6243421392840431,0.6761360767700159,0.7335097177969698,False,gaaf,8,0.01/pi,burgers,False,1234,0.68,MS_hard_burgers_n8_gaaf_s1234
0.9976630801777743,0.9840562528225204,0.9750313758989717,0.9639144824330346,0.9358569660834498,,,,,,0.9924951625705467,0.9822451474282828,0.9747908425189478,0.9525553064978138,0.9796892496476994,0.9810229197161728,0.9692289493800649,0.9954885644348854,0.9800279465951108,0.9934371272094058,0.5074650436777438,,0.5474143307091127,0.6050402085175579,0.6236702752544738,0.6743570799101221,0.7329890965215339,False,gaaf,8,0.01/pi,burgers,False,1234,0.72,MS_hard_burgers_n8_gaaf_s1234
0.9976649058085694,0.9832338657291193,0.9749162577806308,0.9640483651999413,0.9348040655901364,,,,,,0.9920214082974066,0.9824674412877499,0.9751835145388599,0.9518476451627891,0.9802596816543923,0.9817020233668297,0.9696448599095656,0.9958112847753173,0.9799467890268544,0.9931820896636524,0.503834206202757,,0.5437263085417834,0.6031516800544208,0.6236662631070204,0.6732771463866898,0.7329311764378047,False,gaaf,8,0.01/pi,burgers,False,1234,0.76,MS_hard_burgers_n8_gaaf_s1234
0.997665098835659,0.982352751692636,0.9746015761269065,0.9637950659310645,0.9334443394116112,,,,,,0.991508238285619,0.9825400393556246,0.9752750541481974,0.9508650870229293,0.980820807728563,0.9822958472424258,0.9699315147576507,0.9960836466649929,0.979887744457672,0.9929546360106736,0.5004909720846442,,0.540296083153272,0.6015943371076709,0.6241999335940022,0.6728269969326962,0.7331734450451551,False,gaaf,8,0.01/pi,burgers,False,1234,0.8,MS_hard_burgers_n8_gaaf_s1234
0.9976629656188466,0.9814145136841279,0.9740819639739248,0.9631527599748866,0.9318327631703593,,,,,,0.9909563421542618,0.9824543869532726,0.9750580300432042,0.9496514083660443,0.9813632451686868,0.9827988018165553,0.9701047779201262,0.9963082168524153,0.9798633024067895,0.9927659093056788,0.49736091453822323,,0.5370532628284262,0.6002848960473549,0.6251636171363365,0.6729210579746376,0.7335989319163688,False,gaaf,8,0.01/pi,burgers,False,1234,0.84,MS_hard_burgers_n8_gaaf_s1234
0.997657850486439,0.980421150665426,0.9733553043760353,0.9621349395753074,0.9300188733563554,,,,,,0.9903667805672305,0.982205188624556,0.9745360799696764,0.948247268243157,0.9818800978792015,0.9832072426275515,0.9701802041496956,0.9964894344118459,0.9798811770836945,0.9926227942182472,0.494381050855182,,0.5339379133983543,0.5991508271059605,0.6264649554067464,0.6734641755384199,0.7341236652505463,False,gaaf,8,0.01/pi,burgers,False,1234,0.88,MS_hard_burgers_n8_gaaf_s1234
0.99764914340139,0.9793751347310921,0.9724224854580533,0.9607690722822152,0.9280448057872865,,,,,,0.9897410493516676,0.9817900919323648,0.9737236504290888,0.9466882354407641,0.9823664378154229,0.9835201199466072,0.9701717899516229,0.9966326666747632,0.9799444128062949,0.9925282128420624,0.49149841987243303,,0.5308992183281233,0.5981285258488476,0.6280230255080876,0.6743567580147399,0.7346886973567534,False,gaaf,8,0.01/pi,burgers,False,1234,0.92,MS_hard_burgers_n8_gaaf_s1234
0.9976362905215985,0.9782794371651344,0.9712871363023878,0.9590944664970581,0.9259438394806362,,,,,,0.9890811036043632,0.9812093724354347,0.9726451656125755,0.9450032506876268,0.9828188837572083,0.9837395854203492,0.9700910523743482,0.9967438053555548,0.9800516238596041,0.9924816165328837,0.4886688232054673,,0.5278944483594158,0.597162230704518,0.6297657456829939,0.6754997656436638,0.7352545008830644,False,gaaf,8,0.01/pi,burgers,False,1234,0.96,MS_hard_burgers_n8_gaaf_s1234
0.997618797778425,0.9771374795751951,0.9699553679359405,0.9571582773274667,0.9237396441761045,,,,,,0.9883893319160209,0.9804656724096488,0.9713326525932012,0.943213721226703,0.9832353311783986,0.9838710645977147,0.9699464515348848,0.9968288018573153,0.9801975010141781,0.9924798471095908,0.48585384938396153,,0.5248864145560856,0.5962019993535909,0.6316267243811814,0.67679917879033,0.7357953124504649,False,gaaf,8,0.01/pi,burgers,False,1234,1.0,MS_hard_burgers_n8_gaaf_s1234
0.9855305386449777,0.957477412800543,0.9291318956511276,0.8641701770753972,0.8596357297930202,,,,,,0.9760440911150278,0.9539576951344371,0.9214451420645788,0.9216170842179389,0.9813991945782508,0.9411054187745419,0.9228427082956928,0.9590164643113488,0.9223728009714387,0.9651643228217064,0.747866388556986,,0.8278277163940684,0.8447860500951849,0.8317623634423561,0.8629387947364151,0.9143441403574167,False,gaaf,8,0.01/pi,burgers,False,2025,0.0,MS_hard_burgers_n8_gaaf_s2025
0.9855799765017701,0.9577396345336022,0.9274030561079578,0.8635115930462335,0.8547880013856639,,,,,,0.9757828640473141,0.9526516641575326,0.9201389825468749,0.9180666788607099,0.9814811908782879,0.9417647456944608,0.9232710049956833,0.9598175488565898,0.924612100897011,0.9713100683278353,0.7166062783157248,,0.804209704320667,0.8304144438526543,0.8219375515382936,0.8641751373214743,0.9097667878936361,False,gaaf,8,0.01/pi,burgers,False,2025,0.04,MS_hard_burgers_n8_gaaf_s2025
0.9856345749481267,0.957957096265214,0.9254237850719663,0.8635010816829128,0.8504202327787139,,,,,,0.975497704477058,0.9509119963158152,0.9189003610680956,0.9137602620025276,0.9815936003489701,0.9429202244561106,0.9242771370708871,0.9610286587686686,0.9278725320485426,0.9765932600028108,0.6845613566762905,,0.7782552166080883,0.814790861184391,0.8123647447069843,0.8640150793310767,0.9047615204995028,False,gaaf,8,0.01/pi,burgers,False,2025,0.08,MS_hard_burgers_n8_gaaf_s2025
0.9856940603309005,0.9581203395785255,0.9232156346752195,0.8641230044393179,0.8466259700024351,,,,,,0.9751825381303854,0.9487758231235496,0.9178344057586085,0.9089191065171861,0.9817092956873575,0.9445277617593929,0.9256942528160921,0.9625757949527296,0.931907504945864,0.9811003446646156,0.651953971898316,,0.7501028937499192,0.7977309294459528,0.8029841366441247,0.8623492116696104,0.8994328781630303,False,gaaf,8,0.01/pi,burgers,False,2025,0.12,MS_hard_burgers_n8_gaaf_s2025
0.9857581201754699,0.9582250015929931,0.9208279958262957,0.8653555854501299,0.8434605032231114,,,,,,0.9748348225715161,0.9463250386591933,0.9170528839757035,0.90372300157326,0.9817959188706382,0.9465114299780482,0.9272307483638503,0.9643725647697843,0.9363762557713029,0.9848248409065725,0.6190070261345924,,0.7199706931548336,0.7789106904509606,0.7935328242805638,0.858953185889445,0.8937106480835614,False,gaaf,8,0.01/pi,burgers,False,2025,0.16,MS_hard_burgers_n8_gaaf_s2025
0.9858264053596751,0.9582709952058255,0.9183330939644962,0.867186422068163,0.8410409769076618,,,,,,0.9744550254173833,0.9436753017111807,0.9166850264549756,0.8984284747873326,0.9818266471086652,0.9488037464828726,0.9286081159279154,0.9663337213295838,0.9408658188791769,0.9876605825980096,0.5860417104696224,,0.6882616280077923,0.7580174178788567,0.7835421709283916,0.8534372285674919,0.8873639814658526,False,gaaf,8,0.01/pi,burgers,False,2025,0.2,MS_hard_burgers_n8_gaaf_s2025
0.9858985296111364,0.9582615565379994,0.9158136284187406,0.8696033874295216,0.8396579957736993,,,,,,0.9740460416904015,0.9409543195865113,0.9168560220334798,0.8934898972332824,0.9817893283666522,0.9513728521408007,0.9297616840618481,0.9683890536300349,0.9449816095487067,0.9894493576761824,0.5536074558334467,,0.6557083528780633,0.7350280638735485,0.7724421827963882,0.8452962243032077,0.8799968724772267,False,gaaf,8,0.01/pi,burgers,False,2025,0.24,MS_hard_burgers_n8_gaaf_s2025
0.9859740727899994,0.9582022926996203,0.9133452185969616,0.8725336963013938,0.839782175034984,,,,,,0.9736125208373496,0.9382751047235011,0.917607833891811,0.8895563948645603,0.9816880933545208,0.9541835222195928,0.9309707074869045,0.9704692103417699,0.9484939835118382,0.9901020156537619,0.5225735215517028,,0.623473012885855,0.7105514881518751,0.7598876858223083,0.834186511706282,0.8710652702893164,False,gaaf,8,0.01/pi,burgers,False,2025,0.28,MS_hard_burgers_n8_gaaf_s2025
0.9860525785675971,0.9581003379477863,0.9109819113061373,0.8757874968397504,0.8418420454011127,,,,,,0.9731602941791352,0.9357163223647469,0.9188302178803994,0.8872324575717062,0.9815375409246818,0.9571280919720726,0.9326984326740949,0.9724797823413748,0.9513845715961105,0.9897222164114146,0.49404815893067977,,0.5930452457547085,0.6859469783491496,0.746197211718262,0.8204134770456236,0.859980333838033,False,gaaf,8,0.01/pi,burgers,False,2025,0.32,MS_hard_burgers_n8_gaaf_s2025
0.9861335698572455,0.9579636287641046,0.908751284617218,0.8790857257375306,0.8459028163903288,,,,,,0.9726958543290355,0.9333173087147607,0.9202898629286059,0.8867530496837976,0.9813547300505402,0.9600191227466582,0.935215755101757,0.9743053608827498,0.9537212759065307,0.9886035915940266,0.4690443880967047,,0.5658329723461922,0.6629219791570422,0.7324298530396041,0.8051195020333313,0.8463053281532589,False,gaaf,8,0.01/pi,burgers,False,2025,0.36,MS_hard_burgers_n8_gaaf_s2025
0.9862165367200717,0.9578003743568246,0.9066591082563117,0.8821564971642313,0.8515820500140437,,,,,,0.9722259752945829,0.9310860520190185,0.9217364345492597,0.8879030842349516,0.981153811105884,0.9626595310558701,0.9384123762403161,0.975848378638665,0.9555265916626283,0.987095243815185,0.4480707168571775,,0.5426461831467428,0.6427946439478862,0.7198317974638623,0.7897739505977563,0.8299625992475615,False,gaaf,8,0.01/pi,burgers,False,2025,0.4,MS_hard_burgers_n8_gaaf_s2025
0.9863009622920916,0.9576186346180724,0.9046979055915915,0.8848144651222288,0.8582749499688062,,,,,,0.9717573784759971,0.929011970751173,0.9229906386118871,0.8902347648983925,0.9809442656923014,0.9649171922200963,0.9419586377011548,0.9770639801379009,0.9567898742352362,0.9854843107664907,0.43097371641168175,,0.523479560818697,0.6260113948006347,0.7091564704419104,0.7754728442387713,0.8113244669165068,False,gaaf,8,0.01/pi,burgers,False,2025,0.44,MS_hard_burgers_n8_gaaf_s2025
0.9863863138352335,0.9574260145775062,0.9028545784477153,0.8869769174867134,0.8654155899617246,,,,,,0.9712965200310082,0.9270771048303074,0.9239661265658263,0.8933102962515013,0.9807315060936297,0.9667468073832718,0.9455514942907776,0.9779624283090232,0.9575426852239177,0.9839481726274713,0.41714232125465334,,0.5077408227484997,0.6122560733885652,0.7004891733655565,0.7626673103458811,0.7910954224861065,False,gaaf,8,0.01/pi,burgers,False,2025,0.48,MS_hard_burgers_n8_gaaf_s2025
0.9864720559996242,0.9572295061064728,0.9011150718534995,0.8886351655558071,0.8725954883134283,,,,,,0.9708494471415484,0.9252629130618724,0.9246449616856134,0.8968113249605252,0.9805180302153884,0.9681668665702267,0.949028450763575,0.9785880308142371,0.9578874123885527,0.9825715328254735,0.4059118491398013,,0.49473446207493044,0.6009763090646772,0.6936068561881226,0.7514398015206294,0.7701084864161962,False,gaaf,8,0.01/pi,burgers,False,2025,0.52,MS_hard_burgers_n8_gaaf_s2025
0.9865576569215644,0.9570353514986398,0.8994663314571081,0.8898174924059202,0.8795429179975406,,,,,,0.9704216771901364,0.923553275893612,0.925043785706128,0.900524060436119,0.9803044339600121,0.9692256020671067,0.9523321486794215,0.9789961620817584,0.9579547135765237,0.9813818355823127,0.39676773490808476,,0.4839174515604638,0.5916994692517935,0.6882561273374916,0.7417833897483334,0.7491515777372385,False,gaaf,8,0.01/pi,burgers,False,2025,0.56,MS_hard_burgers_n8_gaaf_s2025
0.9866425932355761,0.956848999228902,0.8978965798127411,0.8905627881057205,0.8860655307266493,,,,,,0.970018155440993,0.9219350498222217,0.9251896309252191,0.9042911125205612,0.9800899483159182,0.9699762276893377,0.955442710734257,0.9792391819542453,0.9578601753183806,0.9803733777627429,0.3893283228678327,,0.474886497002123,0.5840538576825319,0.6841932143213485,0.7336497785863055,0.7288899904328582,False,gaaf,8,0.01/pi,burgers,False,2025,0.6,MS_hard_burgers_n8_gaaf_s2025
0.9867263575908574,0.9566751137788919,0.8963950094670164,0.8909073811250569,0.8920290977078141,,,,,,0.96964322883841,0.9203975837132873,0.9251079283686406,0.9079961937368621,0.979872740891065,0.9704649172646279,0.9583562618960552,0.9793612511746134,0.957703986161434,0.9795327398244271,0.38331411892212264,,0.4673458550610963,0.5777640348117602,0.681211183015628,0.7269734957642504,0.7098804901838339,False,gaaf,8,0.01/pi,burgers,False,2025,0.64,MS_hard_burgers_n8_gaaf_s2025
0.9868084614253391,0.9565175775164774,0.8949512387045484,0.8908808433050022,0.8973528743093092,,,,,,0.9693006283889891,0.9189318753877288,0.9248185917483815,0.9115625107919556,0.9796500124569208,0.9707274908702622,0.961084004968891,0.97939818943599,0.9575813485818689,0.978855596624551,0.3785387590807545,,0.46110234104762554,0.5726617855255455,0.6791786545941036,0.721716174947549,0.6926040186854969,False,gaaf,8,0.01/pi,burgers,False,2025,0.68,MS_hard_burgers_n8_gaaf_s2025
0.9868884434146616,0.9563795507706166,0.8935550820906767,0.8905058914196452,0.9019999495634292,,,,,,0.9689934883941105,0.9175299679353837,0.9243359072364892,0.9149453538891313,0.9794181322780403,0.970789863769772,0.9636465660421448,0.9793789118018446,0.9575820460879506,0.9783484233262826,0.374889098239302,,0.4560464394747197,0.5686690991530351,0.6780401021066513,0.7178805498356821,0.6774759144046423,False,gaaf,8,0.01/pi,burgers,False,2025,0.72,MS_hard_burgers_n8_gaaf_s2025
0.986965868706184,0.9562635416157785,0.8921964166125349,0.8897995217636655,0.9059625550100364,,,,,,0.9687243904103772,0.9161844835136079,0.9236694038494865,0.9181195183976318,0.9791727139153138,0.9706693797399774,0.9660637641910643,0.979326567310326,0.9577831471624658,0.9780222570604361,0.37229477294801616,,0.45211834292048286,0.5657599892571374,0.677785595462547,0.7154933193887304,0.6648415429970375,False,gaaf,8,0.01/pi,burgers,False,2025,0.76,MS_hard_burgers_n8_gaaf_s2025
0.9870403348832115,0.9561714606296585,0.8908652585472228,0.8887741799978975,0.9092507727388541,,,,,,0.9684953774329075,0.9148883952982683,0.9228246398311596,0.9210700954936445,0.9789087498192964,0.9703758664074662,0.9683475406772627,0.979259080402411,0.9582435423839388,0.9778871345543466,0.3707003045463539,,0.44927500457079456,0.5639233566203843,0.6784174523854002,0.7145803398741412,0.6549669006760261,False,gaaf,8,0.01/pi,burgers,False,2025,0.8,MS_hard_burgers_n8_gaaf_s2025
0.9871114759386709,0.956104709878318,0.8895520620498433,0.8874384875570194,0.9118858068068227,,,,,,0.9683079989654053,0.9136350746790034,0.9218036066526517,0.9237881138961217,0.9786208090024359,0.9699122151155359,0.9704997399213928,0.9791892589284732,0.9590031069082735,0.9779502199515325,0.3700491201737151,,0.44747104810803295,0.5631410133178391,0.679929988938865,0.7151512206211745,0.648034852479346,False,gaaf,8,0.01/pi,burgers,False,2025,0.84,MS_hard_burgers_n8_gaaf_s2025
0.9871789588707401,0.9560642416705727,0.8882480508129331,0.8857981499972325,0.913895856592525,,,,,,0.9681633544756904,0.9124184015834542,0.9206051514959891,0.9262681847708206,0.978303251480331,0.9692750073041076,0.9725116679077153,0.9791248205247702,0.960083219012696,0.9782158876140862,0.3702747401749545,,0.44664900587120476,0.5633745085924723,0.6822978236259439,0.717189375994409,0.6441400012035486,False,gaaf,8,0.01/pi,burgers,False,2025,0.88,MS_hard_burgers_n8_gaaf_s2025
0.9872424872052327,0.9560506513768772,0.886945697870088,0.8838568247775259,0.9153123913165577,,,,,,0.96806215624241,0.9112331119360635,0.9192255645872577,0.9285065426375889,0.9779505083727856,0.968455438236966,0.9743643072939,0.9790687066717627,0.9614878526098065,0.9786868783493502,0.37129532437271,,0.44673414816320617,0.5645546318562529,0.6854669936194213,0.7206428118944491,0.6432808457168808,False,gaaf,8,0.01/pi,burgers,False,2025,0.92,MS_hard_burgers_n8_gaaf_s2025
0.9873018024301402,0.956064197371674,0.8856392337163765,0.8816178369185934,0.9161667677998483,,,,,,0.9680047272604483,0.9100751015347287,0.9176597421534494,0.9304981639266448,0.9775574579875481,0.9674408678689693,0.9760277286631615,0.9790195448395247,0.9632029629139318,0.9793644531950613,0.37300553283384513,,0.4476272440946781,0.5665660252236044,0.6893404517258855,0.7254074646199132,0.645338778810131,False,gaaf,8,0.01/pi,burgers,False,2025,0.96,MS_hard_burgers_n8_gaaf_s2025
0.9873566800484614,0.9561049111848675,0.8843252711955184,0.8790856288174835,0.9164864940482526,,,,,,0.9679910925538967,0.9089419906448122,0.9159025226164363,0.9322336562770196,0.9771198310177435,0.9662164796480514,0.9774603780804081,0.9789721425515693,0.9651949573295089,0.9802476276542152,0.37526536536089233,,0.4491942551962797,0.5692267291044868,0.6937582650601306,0.7313058240453337,0.6500487110532838,False,gaaf,8,0.01/pi,burgers,False,2025,1.0,MS_hard_burgers_n8_gaaf_s2025
0.9715043588160129,0.9186852707211887,0.8361188044793423,0.7269893307332359,0.556375354203165,,,,,,0.9652772418677127,0.9142446437911562,0.7991342162821845,0.635450097680672,0.9727969785926615,0.84744354804376,0.6833579114479559,0.9257111245792697,0.7842400986787891,0.9049156431523827,0.7356835359023587,,0.835696307329902,0.8909121086802021,0.8951505291936224,0.7695713061794687,0.6596746241507052,False,gaaf,8,0.01/pi,burgers,False,777,0.0,MS_hard_burgers_n8_gaaf_s777
0.9712126332335671,0.9178986398023304,0.8484151675778191,0.7545124976194988,0.5583319792519217,,,,,,0.96426524785287,0.9269141585938572,0.8259897969107941,0.6416209319897664,0.9783213045654097,0.8613074658485982,0.6883740462888462,0.9237522951315429,0.7787410399056092,0.9291349849941696,0.7085316257946933,,0.8179116975731171,0.8861320110521692,0.8920819659148151,0.7480878368449605,0.658733426785876,False,gaaf,8,0.01/pi,burgers,False,777,0.04,MS_hard_burgers_n8_gaaf_s777
0.9708973566074485,0.9171644111410436,0.8546500129193609,0.767861772699057,0.569946473503443,,,,,,0.963438306495567,0.9334477777372145,0.8392430236397228,0.6586950587831633,0.9791737145281368,0.8624875357175448,0.7030071332718119,0.9206441270718965,0.7852584158058318,0.935187090513959,0.6758210544723461,,0.7926633536794314,0.8762631115840762,0.8859013231323764,0.7339112422428248,0.6658083723053236,False,gaaf,8,0.01/pi,burgers,False,777,0.08,MS_hard_burgers_n8_gaaf_s777
0.970561553720848,0.9164940518905912,0.8589978945679109,0.7852585950793658,0.600715148375631,,,,,,0.9628387797238114,0.9379884103802794,0.8581371773873282,0.695987774832932,0.9790438845563844,0.8742148220848994,0.7390476846046343,0.9277122784817494,0.8119277740448417,0.9417956056318743,0.643722208341496,,0.7661017829658002,0.8644574129742146,0.8770948201600326,0.7341749284413585,0.694446511925244,False,gaaf,8,0.01/pi,burgers,False,777,0.12,MS_hard_burgers_n8_gaaf_s777
0.9702086374627134,0.9158851163357972,0.8619608594043873,0.8035500422573426,0.6354557975357178,,,,,,0.9624812670066417,0.9410809079591376,0.8781217934235424,0.7361422948521058,0.9786650038106588,0.891200942275307,0.7839049754685357,0.9389893194270613,0.8458258842791708,0.9485247381511257,0.6124424665068433,,0.7386380148628726,0.8505143287525191,0.8662293952298695,0.7404385654433854,0.7332565139948861,False,gaaf,8,0.01/pi,burgers,False,777,0.16,MS_hard_burgers_n8_gaaf_s777
0.9698423777073238,0.9153210747878049,0.8638007209348889,0.8190483477504737,0.6534733572061532,,,,,,0.962353228683162,0.9430229182218235,0.8946854987930773,0.7564760899416462,0.9784129162719748,0.9072586305457243,0.8096466501919793,0.949280159233501,0.8626084151249661,0.9495673364727345,0.5825110604061274,,0.7112318265790593,0.8345074792942476,0.8538343574342069,0.7453206949694462,0.7532369681574396,False,gaaf,8,0.01/pi,burgers,False,777,0.2,MS_hard_burgers_n8_gaaf_s777
0.9694668480263626,0.9147754383785164,0.8647627277884488,0.831613023132225,0.6605898986556661,,,,,,0.9624223758131472,0.9440762499300068,0.9075539086040787,0.7642639852978838,0.9784364443990319,0.9198466894943659,0.8178347771612097,0.9571195013806355,0.8661182769294287,0.9474169524893216,0.5542768150238967,,0.6846884780332145,0.8170354180235465,0.8405412357458708,0.7456181463381072,0.7548377098575617,False,gaaf,8,0.01/pi,burgers,False,777,0.24,MS_hard_burgers_n8_gaaf_s777
0.9690863514827401,0.914217734190992,0.8650530628232074,0.8427958980675753,0.6667549735339627,,,,,,0.962646698832617,0.944461596026295,0.9186020584644512,0.7710939558937729,0.9787338121734529,0.9293744674994681,0.8203771556021522,0.9633500425115189,0.8667812365205396,0.9440974960962735,0.5280804122890106,,0.6596958024910777,0.799211795379507,0.8270911989463123,0.741450458133685,0.7492574860233873,False,gaaf,8,0.01/pi,burgers,False,777,0.28,MS_hard_burgers_n8_gaaf_s777
0.9687053729055138,0.913618865634968,0.8648443618225217,0.8532828746260677,0.675622894692302,,,,,,0.9629832016696718,0.9443687962678396,0.9288735035112894,0.7811868335718125,0.9792358772683513,0.9369385890400671,0.8229611203973368,0.9687572745851359,0.8690078955992275,0.9408461035381482,0.5041398057812804,,0.6366604776985749,0.7819406372223661,0.8141133580083904,0.7340823543266632,0.7409830102189879,False,gaaf,8,0.01/pi,burgers,False,777,0.32,MS_hard_burgers_n8_gaaf_s777
0.9683284781891838,0.9129543183351091,0.8642770257449445,0.8625787416438677,0.6876792086400577,,,,,,0.9633933209473721,0.9439561576426299,0.9380558012123263,0.7950142395949454,0.9798613249695173,0.9432795629601476,0.8276173966767553,0.9734490776268645,0.8740080430260897,0.9388553283163749,0.4824471555313714,,0.615651125977032,0.7656807318189564,0.8019202853207057,0.7249236168278501,0.7315166396118906,False,gaaf,8,0.01/pi,burgers,False,777,0.36,MS_hard_burgers_n8_gaaf_s777
0.9679602533036545,0.9122053811891909,0.8634585549460841,0.8699344917672985,0.7016376601472315,,,,,,0.9638451195341929,0.9433466361686135,0.945433298227896,0.8109854549666735,0.9805432432287977,0.9487732924322773,0.834378448624588,0.9773225422201534,0.8811279925566049,0.9386829377274528,0.4628731169456063,,0.5965812167966625,0.7506114307738624,0.7906184639143125,0.7153675623838949,0.7215133365526459,False,gaaf,8,0.01/pi,burgers,False,777,0.4,MS_hard_burgers_n8_gaaf_s777
0.9676052172344868,0.9113590060014654,0.8624657884845855,0.875038073327619,0.7156684550344554,,,,,,0.9643132791361688,0.9426280943713622,0.9506750709959321,0.826927062989202,0.9812358940370571,0.9536001671040847,0.8424445908647962,0.9804122955971811,0.8890801408268441,0.940053261581853,0.4452430952001376,,0.5793080348301717,0.7367748353185959,0.7802124288838695,0.7064778037416475,0.7114838543209805,False,gaaf,8,0.01/pi,burgers,False,777,0.44,MS_hard_burgers_n8_gaaf_s777
0.9672677332771128,0.9104069510513457,0.8613501938461697,0.8780321119328511,0.728420543967841,,,,,,0.9647780095962781,0.9418581025440415,0.9539121541476865,0.8412732815197496,0.981911787088708,0.9578289820260915,0.8510158707711807,0.9828611972104935,0.8969007848811112,0.9423503961785409,0.42936430772467554,,0.5636570934216389,0.7241283273739504,0.7706467103530134,0.6987947441174802,0.7019473226165889,False,gaaf,8,0.01/pi,burgers,False,777,0.48,MS_hard_burgers_n8_gaaf_s777
0.9669519192691405,0.9093447471983772,0.8601443234409488,0.8792735352996536,0.7392869674125964,,,,,,0.9652236751123934,0.941070894391073,0.9555087646857884,0.853357709956782,0.9825560349803587,0.9614809471856519,0.859550427555989,0.9848162103922666,0.9041489068074205,0.9450792501502813,0.4150526749822494,,0.5494531961103478,0.7125849455588505,0.7618472309226129,0.6924431571155837,0.6932897884617125,False,gaaf,8,0.01/pi,burgers,False,777,0.52,MS_hard_burgers_n8_gaaf_s777
0.9666615801849088,0.9081709185249918,0.8588678618864602,0.879156202126001,0.7481589745915286,,,,,,0.9656376430477156,0.9402843026384554,0.9558750430296779,0.8631101342617201,0.9831613667468141,0.9645799167829765,0.867715537213557,0.9863919092066303,0.9106932511490302,0.9479417517780083,0.40216017090401235,,0.53655692814846,0.7020653263363392,0.7537652566691698,0.6873381651525553,0.6856948489947803,False,gaaf,8,0.01/pi,burgers,False,777,0.56,MS_hard_burgers_n8_gaaf_s777
0.966400101327659,0.9068861584910036,0.8575324458352789,0.8780303460286317,0.755169640815127,,,,,,0.9660093287063918,0.9395055682839001,0.955373968801001,0.8707384544110457,0.9837246896466023,0.9671682776205563,0.8753275425301174,0.9876718267261189,0.9165369402418925,0.9507762157082352,0.39056798948376586,,0.5248609191962391,0.6925057577416188,0.7463744607722248,0.6833213631298375,0.6792183030906075,False,gaaf,8,0.01/pi,burgers,False,777,0.6,MS_hard_burgers_n8_gaaf_s777
0.9661704050406582,0.9054928155999908,0.8561450469505478,0.8761775937304576,0.7605747070346637,,,,,,0.9663295554231792,0.9387355650474061,0.9542891971061445,0.8765724854656841,0.9842450018999441,0.9693021339766076,0.8823332546967887,0.9887170048807865,0.9217572253685644,0.9535177032096969,0.38016159178797554,,0.514261894772793,0.6838260478565388,0.7396291080083672,0.6802105817255194,0.6738467718283411,False,gaaf,8,0.01/pi,burgers,False,777,0.64,MS_hard_burgers_n8_gaaf_s777
0.9659748771686855,0.903994491675192,0.8547103893083342,0.8738127220230685,0.7646732403411006,,,,,,0.9665901705282695,0.9379718289011979,0.9528260245061176,0.8809717354761073,0.9847223492126237,0.9710436618093057,0.8887710545516359,0.9895745409321506,0.9264695059833368,0.956157831781694,0.3708340198515698,,0.5046671573881368,0.6759385004293108,0.7334649917920769,0.6778258284298109,0.6694805247488538,False,gaaf,8,0.01/pi,burgers,False,777,0.68,MS_hard_burgers_n8_gaaf_s777
0.9658153060098394,0.9023956184107059,0.8532321281264834,0.8710928453797948,0.7677117583921803,,,,,,0.966783739637304,0.937210287073813,0.9511238258071025,0.8842263556088631,0.9851572507594586,0.9724536017177858,0.8946895560216326,0.9902823917768868,0.9307705916140184,0.9586962299592893,0.36251716862297423,,0.4960366823837197,0.6688148507801113,0.7278669005319074,0.6760410043195317,0.6659664230815314,False,gaaf,8,0.01/pi,burgers,False,777,0.72,MS_hard_burgers_n8_gaaf_s777
0.9656928777874952,0.9007012899963669,0.8517138328626087,0.8681271576348443,0.7698463869666579,,,,,,0.9669034237962834,0.9364464565931954,0.9492690294166424,0.886512598780782,0.9855505583968228,0.9735838942763823,0.9000989819159827,0.9908694400151445,0.9347060904011618,0.9611224973190451,0.35518106885352246,,0.48837849863701743,0.6624986829450394,0.7228859269516165,0.6748101371446291,0.6632255829738889,False,gaaf,8,0.01/pi,burgers,False,777,0.76,MS_hard_burgers_n8_gaaf_s777
0.9656081349633423,0.898916959380542,0.8501592422717177,0.8649905535964589,0.7712052533024524,,,,,,0.9669428838773202,0.9356759782650539,0.9473111750052877,0.8879573937014047,0.9859033889840348,0.9744770688911055,0.9050125926199061,0.991357212991576,0.9383057677294006,0.963432783102226,0.34877124204538296,,0.48165910642165133,0.6569966758748693,0.7185316580933863,0.674092974987794,0.6612700047886557,False,gaaf,8,0.01/pi,burgers,False,777,0.8,MS_hard_burgers_n8_gaaf_s777
0.9655609779756666,0.8970482851187819,0.8485724071082761,0.8617388609344113,0.7719300402958144,,,,,,0.9668962373604664,0.9348948563008082,0.9452808134339549,0.888701138874506,0.9862171505046913,0.9751716073823368,0.9094814058467585,0.9917650231673787,0.9416183831590411,0.9656294388801916,0.343167038634345,,0.47574586243123446,0.6521987388251932,0.7146947256839082,0.673767565180407,0.6600110916186972,False,gaaf,8,0.01/pi,burgers,False,777,0.84,MS_hard_burgers_n8_gaaf_s777
0.9655507125507619,0.8951009933016735,0.8469576780054651,0.8584143667781396,0.7721073223238044,,,,,,0.9667580462722988,0.9340995039038139,0.9431971571196395,0.8888392018659443,0.9864935686760453,0.9757018485771265,0.9135235426524237,0.9921107158830869,0.9446626713824823,0.9676878396475235,0.3382536132713914,,0.470503377335826,0.6479964659427071,0.7112703429219737,0.6737024041409573,0.6592113804740551,False,gaaf,8,0.01/pi,burgers,False,777,0.88,MS_hard_burgers_n8_gaaf_s777
0.9655760598135438,0.8930807090144541,0.8453194835715123,0.8550452638175925,0.7717612566725444,,,,,,0.9665233345742896,0.9332866109844703,0.941067626279217,0.8883985453144921,0.9867346748021225,0.976093269343438,0.9171008925996524,0.9924067871905371,0.9474061306068666,0.9695692996891072,0.3339811068327734,,0.4658782905522978,0.6443873093200797,0.7082644784439085,0.673865710435878,0.6587422430212843,False,gaaf,8,0.01/pi,burgers,False,777,0.92,MS_hard_burgers_n8_gaaf_s777
0.9656352231008599,0.8909929573782142,0.8436621834519026,0.8516522899137842,0.7709677041326018,,,,,,0.9661876384474428,0.9324529844480934,0.9388941658101894,0.8874500353529204,0.9869427778513417,0.9763659229485964,0.9202274767561698,0.9926621912124665,0.9498515899838553,0.9712734251932666,0.3302490915207144,,0.46175454201030564,0.6412785160513832,0.7055990336331229,0.6741929014849459,0.6585826068026357,False,gaaf,8,0.01/pi,burgers,False,777,0.96,MS_hard_burgers_n8_gaaf_s777
0.9657259659658988,0.8888430005485368,0.8419897836257225,0.8482547560142216,0.7698380379386264,,,,,,0.965747023499903,0.9315953367015117,0.936680227573952,0.8861112419704091,0.9871204094759035,0.9765398524901351,0.9229717929840348,0.9928868827053614,0.9520488658756063,0.9728161769271585,0.3268845403921959,,0.4579194482781011,0.6384388366457971,0.7030597040638236,0.6745044575738666,0.6585147360291121,False,gaaf,8,0.01/pi,burgers,False,777,1.0,MS_hard_burgers_n8_gaaf_s777
,,,,,0.9933137300990945,0.9441697565653431,0.8630100538256816,0.8298221706903425,0.7811401163596283,0.9642246768070323,0.893441277493716,0.865708543519841,0.8189592002984298,0.9678159435118269,0.944283866322254,0.9039529800803224,0.989307968951102,0.9747039259319503,0.9823557152771574,,0.7413987894913292,0.7822801610267333,0.8606180288272629,0.9146672311339366,0.898262050550149,0.917570341209335,True,qapinn,3,0.01/pi,burgers,False,1234,0.0,MS_hard_burgers_n3_qapinn_s1234
,,,,,0.9938563902684519,0.945967537274885,0.865498844294354,0.8316864418625477,0.7855727223232368,0.9646887472214235,0.8938585535258745,0.8653315136749531,0.8210850970925403,0.9680324648026801,0.9444191784140092,0.9064964926934337,0.9898019170146408,0.9763703153424247,0.9834449231269798,,0.7513091542914441,0.7892978200107401,0.8692967906495416,0.9231210838819458,0.9068724912373562,0.9206038516719999,True,qapinn,3,0.01/pi,burgers,False,1234,0.04,MS_hard_burgers_n3_qapinn_s1234
,,,,,0.9943634368635346,0.9476375734296247,0.8679421185066397,0.8324540628142248,0.7891572357050737,0.9651070016378728,0.8943622299001968,0.8639600525948075,0.8224282103477469,0.96827704218045,0.9437482602113378,0.9082523856264504,0.9898704547950343,0.9774612339079615,0.9846712691170684,,0.7605527928324644,0.7955037529069524,0.8767837566745901,0.9296864751518416,0.9146132420533204,0.9214206741480504,True,qapinn,3,0.01/pi,burgers,False,1234,0.08,MS_hard_burgers_n3_qapinn_s1234
,,,,,0.994834318058154,0.9491838715969902,0.8703792626001616,0.8322542192533621,0.7919716201067551,0.9654851928549485,0.8949820336510793,0.8617315420900318,0.8230685083268711,0.9685627626869057,0.9423315514613075,0.9091966516675872,0.9894789044600232,0.9779395817596764,0.9859734340241616,,0.7670555543209329,0.7989443995592821,0.8814637706427015,0.9341441704228696,0.9214276846161104,0.9212751545050728,True,qapinn,3,0.01/pi,burgers,False,1234,0.12,MS_hard_burgers_n3_qapinn_s1234
,,,,,0.9952692644880369,0.9506123804290736,0.872827740240851,0.8312957893194075,0.7941513277085456,0.9658291959035532,0.8957299640491482,0.8588604135520833,0.8231418168329953,0.9688984006861998,0.94029091098466,0.9093670089541255,0.9886140096792041,0.9777806745724499,0.9872917294927213,,0.7689758495071788,0.797871253406884,0.8818616613641854,0.936066701463851,0.927090098716102,0.920933880551916,True,qapinn,3,0.01/pi,burgers,False,1234,0.16,MS_hard_burgers_n3_qapinn_s1234
,,,,,0.9956691156094513,0.9519308843655464,0.8752845569578629,0.8298954589813989,0.7958789099367862,0.9661451357619006,0.8966017599952549,0.8556646001622394,0.8228315660407163,0.9692874175440032,0.9378351048925456,0.9088646218622339,0.9873147256632444,0.9769984382051927,0.988531044545423,,0.7649047961901716,0.79094134571895,0.8767145495577947,0.9347413866567411,0.9311877549999766,0.9207671494440514,True,qapinn,3,0.01/pi,burgers,False,1234,0.2,MS_hard_burgers_n3_qapinn_s1234
,,,,,0.9960351332908979,0.953148539194053,0.8777283397085219,0.8284751558791305,0.7973734259563996,0.9664393426604122,0.8975777493741584,0.8525625851716359,0.8223619494917224,0.9697255627572444,0.9352671206457323,0.9078656966834642,0.9857039369156599,0.975689573366311,0.9895558669963397,,0.7541044815644897,0.7774576888865805,0.8651065125883083,0.9291094192474629,0.9329287880578732,0.920599272216577,True,qapinn,3,0.01/pi,burgers,False,1234,0.24,MS_hard_burgers_n3_qapinn_s1234
,,,,,0.9963688890563679,0.9542756888894148,0.8801255150616025,0.8274931161748109,0.7988769354909114,0.9667183634922883,0.8986270382612032,0.8500061508138874,0.8219869026971679,0.9702001437705486,0.93294196640107,0.90661815664238,0.9839932597103839,0.9740537080804395,0.9902394818291707,,0.7368568071332786,0.7577299981468533,0.846861784294427,0.9180545618691092,0.9310009234786215,0.9195128503331376,True,qapinn,3,0.01/pi,burgers,False,1234,0.28,MS_hard_burgers_n3_qapinn_s1234
,,,,,0.9966721411991155,0.955323398087885,0.8824394865770246,0.8273031143158934,0.800607789766058,0.9669888108628144,0.8997148202152274,0.8483430287022383,0.8219434535114781,0.9706926717392428,0.9311597032964205,0.9053886629058722,0.9824253892606737,0.9723420852926715,0.9905313599544907,,0.7149735937553693,0.7336041514683007,0.8233329395826298,0.9014465591345543,0.9240916973140644,0.9160731668467131,True,qapinn,3,0.01/pi,burgers,False,1234,0.32,MS_hard_burgers_n3_qapinn_s1234
,,,,,0.9969467505701672,0.9563030657677173,0.8846401814115326,0.8280323806636711,0.8026833083954831,0.9672572227217531,0.9008105906088558,0.8476977868051154,0.8223714043736065,0.9711835403202876,0.930056929596838,0.9043750211060243,0.9811770662062349,0.9707625151051095,0.9904630407383099,,0.6920839012065834,0.708750936150735,0.7980432137885068,0.8815533518376677,0.9125488846012485,0.9095827472142812,True,qapinn,3,0.01/pi,burgers,False,1234,0.36,MS_hard_burgers_n3_qapinn_s1234
,,,,,0.9971946171403945,0.9572261094014367,0.8867107679732444,0.829585037814353,0.8051679748639001,0.9675299271140617,0.9018941910566836,0.8479759911670522,0.823351454860877,0.9716563734994285,0.9295940361662975,0.9037188444252361,0.9803059098930887,0.9694712977650158,0.9901201555656736,,0.672000118337828,0.6870075041659699,0.7751130164241576,0.8621821948968704,0.8989701457236199,0.9011900537322491,True,qapinn,3,0.01/pi,burgers,False,1234,0.4,MS_hard_burgers_n3_qapinn_s1234
,,,,,0.9974176291314999,0.9581036440858683,0.8886500286083688,0.8317539205495641,0.8081033451884924,0.9678129007353027,0.9029581363378788,0.8489741472588623,0.8249276268013028,0.9721004708248467,0.9296367884513624,0.9035155383605529,0.9797749185291708,0.968575436006832,0.9896106491000196,,0.6563938146361381,0.6700299709086835,0.7565641942435215,0.8457090851524898,0.8859081675013794,0.8926229077966198,True,qapinn,3,0.01/pi,burgers,False,1234,0.44,MS_hard_burgers_n3_qapinn_s1234
,,,,,0.9976176200499473,0.9589461201973112,0.8904707414793036,0.8343334385084687,0.8114449558480231,0.9681115902164519,0.9040064493287187,0.8504894240489893,0.8270467195368395,0.972511117070234,0.9300441694183491,0.9037486688034703,0.9795078382019027,0.9680769929838939,0.989020344204099,,0.6451083542050493,0.657610504102593,0.7423709317643383,0.8325112840418758,0.8744504395158171,0.8847851234452323,True,qapinn,3,0.01/pi,burgers,False,1234,0.48,MS_hard_burgers_n3_qapinn_s1234
,,,,,0.9977963470197284,0.9597631667920858,0.8921962591762921,0.83717458614241,0.815031217576987,0.9684308326758497,0.9050519362928177,0.8523722628092637,0.8295360216082464,0.972888552710686,0.9307106752662423,0.9042762670373294,0.9794295149533611,0.9678495938143014,0.9883831330087973,,0.6372126941977129,0.6487604410176802,0.7315963792271967,0.8219290168487696,0.8646031978982476,0.8779425965092743,True,qapinn,3,0.01/pi,burgers,False,1234,0.52,MS_hard_burgers_n3_qapinn_s1234
,,,,,0.9979554717931365,0.9605634127820446,0.8938560266160402,0.8401887227843194,0.8187023274965709,0.9687747717685958,0.906112518669256,0.8545297194536358,0.8322258975379991,0.9732362679099129,0.9315687571637192,0.9049489350097564,0.9794804284585317,0.9677375832621576,0.9876969778452215,,0.63207342286065,0.6428075807744269,0.7236388468558104,0.8135880767440784,0.8564634582426887,0.8724725549289728,True,qapinn,3,0.01/pi,burgers,False,1234,0.56,MS_hard_burgers_n3_qapinn_s1234
,,,,,0.9980965453148986,0.9613543341276223,0.8954811256005571,0.8433336743264476,0.8224062781231878,0.9691467803030909,0.907207571412488,0.8569128034070391,0.8350560506741251,0.9735591975533219,0.9325799329929578,0.9057150179343673,0.9796186498735183,0.9676669866066729,0.9869828242513173,,0.6292611857276638,0.6392924627223883,0.7181049321651196,0.8072899551440305,0.8501407862247261,0.8684939070385196,True,qapinn,3,0.01/pi,burgers,False,1234,0.6,MS_hard_burgers_n3_qapinn_s1234
,,,,,0.9982210013154295,0.9621421618510982,0.897100308602601,0.8465981164514986,0.8261436466651532,0.9695494037130428,0.9083545965381725,0.8595025019774822,0.8380188590122245,0.9738620974328638,0.9337256172378525,0.9065668174905788,0.979817022887571,0.9676072971669921,0.9862701882941224,,0.6280877950068966,0.6374993957127252,0.7142970027032212,0.802472710924559,0.8452985739318996,0.8657214306240636,True,qapinn,3,0.01/pi,burgers,False,1234,0.64,MS_hard_burgers_n3_qapinn_s1234
,,,,,0.9983301539199217,0.9629319154635227,0.8987370776164724,0.8499899470825593,0.8299413156241414,0.9699843895486667,0.9095667894045081,0.8622994212549856,0.8411329187921225,0.9741483208707995,0.935000851185093,0.9075150229142442,0.9800599762153903,0.9675504038341095,0.9855731853474674,,0.6279823134015168,0.636839241683669,0.7116382842461989,0.7986658561265115,0.8415873301321372,0.8639213730703444,True,qapinn,3,0.01/pi,burgers,False,1234,0.68,MS_hard_burgers_n3_qapinn_s1234
,,,,,0.9984251895040308,0.9637272634585426,0.9004070891672531,0.8535309916935042,0.8338527821714669,0.9704526065781436,0.9108508492975372,0.8653191087698973,0.8444437843347196,0.9744189831873944,0.9364127868353483,0.9085928766790734,0.9803432310225312,0.9675198284597507,0.9848992689932325,,0.6287102778320041,0.6370672948953983,0.7098995567533491,0.7957363482132538,0.8388784001631743,0.8630000451103882,True,qapinn,3,0.01/pi,burgers,False,1234,0.72,MS_hard_burgers_n3_qapinn_s1234
,,,,,0.9985071687840623,0.9645305847172161,0.9021172671830823,0.8572555931171653,0.8379205414329445,0.9709540671545109,0.9122062748418264,0.8685904877681186,0.8479869663106098,0.9746727389438851,0.9379804294195703,0.9098252216975864,0.9806742776431919,0.967544047935491,0.9842476314927934,,0.6301496425534417,0.6380550228144208,0.7089484376072652,0.7936263490191416,0.8370475191823501,0.8628458606027389,True,qapinn,3,0.01/pi,burgers,False,1234,0.76,MS_hard_burgers_n3_qapinn_s1234
,,,,,0.9985770301784604,0.9653430970084282,0.9038663499713133,0.8612082513223345,0.8421681157082931,0.9714880048587294,0.9136259530531147,0.8721530071694881,0.8517807321097476,0.9749060983780407,0.9397323506577699,0.9112253274186749,0.98107120812244,0.9676484672862921,0.9836070765164768,,0.6321433721034001,0.6396427107235794,0.708603137982505,0.79220508138418,0.8358673821933216,0.8632800435637471,True,qapinn,3,0.01/pi,burgers,False,1234,0.8,MS_hard_burgers_n3_qapinn_s1234
,,,,,0.9986355798096391,0.9661646473750589,0.905645661416272,0.8654371472178098,0.8466146137506022,0.9720527441107841,0.9150969815441042,0.8760498532804211,0.8558407316394676,0.9751140249166919,0.9417015396000357,0.9128113670589694,0.9815596276544888,0.967867564312772,0.9829672093880387,,0.6345151791140001,0.6416563921260579,0.7086661152211643,0.7913154851633251,0.8350737228098606,0.8641045775168014,True,qapinn,3,0.01/pi,burgers,False,1234,0.84,MS_hard_burgers_n3_qapinn_s1234
,,,,,0.99868350017267,0.9669939717636347,0.9074420378195847,0.8699849546894738,0.8512690518704098,0.97264584584463,0.9166033336343231,0.880318524026337,0.8601733758968059,0.9752909016228061,0.9439175054554355,0.9145991942900484,0.9821669213264664,0.968238986976777,0.9823246703218156,,0.6371126789242114,0.6439503102641316,0.7089761911555374,0.7908378736222382,0.8344422771822195,0.8651793098071775,True,qapinn,3,0.01/pi,burgers,False,1234,0.88,MS_hard_burgers_n3_qapinn_s1234
,,,,,0.9987213459903297,0.9678286785719526,0.9092402190895617,0.8748727135411798,0.8561063626944824,0.973264097399457,0.9181280364258707,0.884974908935674,0.8647511745370435,0.9754313491973489,0.9463935726568681,0.9165783444284642,0.9829128404969489,0.9687825590103422,0.9816767216651067,,0.6398259833410244,0.6464235016399292,0.7094253136706458,0.7907120037393963,0.833820843951219,0.8664596720246047,True,qapinn,3,0.01/pi,burgers,False,1234,0.92,MS_hard_burgers_n3_qapinn_s1234
,,,,,0.9987495439985857,0.9686653323029827,0.9110251045236988,0.880079659399306,0.8610486490004345,0.9739035695042783,0.9196551530103507,0.889993540574191,0.8694936449316293,0.9755307889824636,0.9491110433646028,0.9186951684650563,0.9837975187614225,0.9694855547130804,0.9810182151479441,,0.6425936193967692,0.6490227594591403,0.7099535299626304,0.790931661067581,0.8331364197708162,0.8679799641908734,True,qapinn,3,0.01/pi,burgers,False,1234,0.96,MS_hard_burgers_n3_qapinn_s1234
,,,,,0.998768391177489,0.9694995409895539,0.9127832679910792,0.8855228064680662,0.865956486991205,0.9745596789859279,0.9211710373907975,0.8952876431829037,0.8742578174631057,0.9755856382068129,0.9520033701672864,0.920845160032834,0.9847896692246224,0.9702985235523488,0.980349007867615,,0.6454127328748569,0.6517492676969212,0.7105408947441619,0.7915303601830685,0.8323968597793925,0.8698327068384856,True,qapinn,3,0.01/pi,burgers,False,1234,1.0,MS_hard_burgers_n3_qapinn_s1234
,,,,,0.9563196838628483,0.850209928317005,0.8254591643739873,0.7825560857433413,0.7755602403749993,0.951129013035881,0.9084679756716374,0.8847024076223946,0.8733015322497496,0.9772302956595608,0.9666808126644436,0.9577027501605179,0.9883112324255215,0.9768414264205744,0.9794821731645388,,0.6129342525887607,0.7314005248997664,0.8287024829729478,0.805770539330794,0.7959440139399044,0.8622561329718772,True,qapinn,3,0.01/pi,burgers,False,2025,0.0,MS_hard_burgers_n3_qapinn_s2025
,,,,,0.9541650206234106,0.8438599795907754,0.8213912892109184,0.7779885190193532,0.7712235131236547,0.9496719493302803,0.9074339282111945,0.884239719266131,0.8727397846506498,0.9769108461239089,0.9669527640815779,0.9576844953395733,0.9879548632464553,0.9770525164191832,0.9797086466116915,,0.5808077818617128,0.7049403763734414,0.8148626517176945,0.7996306595865484,0.7908386763543392,0.858473440825979,True,qapinn,3,0.01/pi,burgers,False,2025,0.04,MS_hard_burgers_n3_qapinn_s2025
,,,,,0.9519499305782888,0.8376099564435231,0.8173181989689867,0.7735264511275365,0.766925884944968,0.9483260217999783,0.906255665742971,0.8837639080758514,0.8719489978406508,0.9763956777855419,0.9670998647082708,0.9572750281452744,0.9875365005229498,0.9770740822295539,0.9798284191284681,,0.548007232786505,0.677208658688747,0.7989573910340506,0.7913783494787788,0.7837196127945839,0.8522022786855309,True,qapinn,3,0.01/pi,burgers,False,2025,0.08,MS_hard_burgers_n3_qapinn_s2025
,,,,,0.9496905321376401,0.831498370330338,0.8132268052941193,0.7691746979707362,0.7626601266634929,0.9470894536804109,0.9049176862659739,0.8832508031398985,0.8708955359055317,0.9756998153916322,0.9671386874103696,0.9564703948393694,0.9870934155447734,0.9768891349934948,0.9798187096856024,,0.5152943924248388,0.648834476793675,0.781314779658815,0.7813497977497128,0.7750003356000127,0.8440263917817409,True,qapinn,3,0.01/pi,burgers,False,2025,0.12,MS_hard_burgers_n3_qapinn_s2025
,,,,,0.9474042879476922,0.8255588089660131,0.8091205154963486,0.7649288258806604,0.7584120279540916,0.9459570698588788,0.9034253548898101,0.8826693250999804,0.869546874307208,0.9748484599820354,0.9670663354080218,0.9552564044431893,0.9866556351902054,0.9764887093032373,0.9796657668780648,,0.4832407906268045,0.6202994778593816,0.7622128260840594,0.7698434103909492,0.765034663474554,0.8344920235963978,True,qapinn,3,0.01/pi,burgers,False,2025,0.16,MS_hard_burgers_n3_qapinn_s2025
,,,,,0.9451097282606898,0.8198216106105966,0.8050142003035332,0.7607728490252275,0.7541623142706029,0.9449220068558597,0.9017979991924947,0.8819799445515594,0.8678764701906866,0.9738735356969219,0.9668632378914169,0.9536228155064645,0.9862425701683639,0.9758810093807989,0.9793756293284164,,0.4522481945993647,0.5919538491063457,0.741849537618156,0.7570260505905502,0.7540142141851923,0.8239727941751115,True,qapinn,3,0.01/pi,burgers,False,2025,0.2,MS_hard_burgers_n3_qapinn_s2025
,,,,,0.9428261729642631,0.8143155620966357,0.800929329685921,0.7566814280172842,0.7498936939402969,0.9439772238325531,0.9000619918831647,0.8811368938727188,0.8658723986025675,0.9728096068484109,0.9664994485812786,0.951579898819468,0.9858631545028157,0.97509853586459,0.9789805487706199,,0.42265195542489875,0.5641392332809434,0.7204614322005476,0.7429947875606276,0.7420025617199427,0.8126371812026255,True,qapinn,3,0.01/pi,burgers,False,2025,0.24,MS_hard_burgers_n3_qapinn_s2025
,,,,,0.9405733350923677,0.8090684439411444,0.7968897508336399,0.7526264212010522,0.7455981779525565,0.9431163150741144,0.8982455374065724,0.8800946107876678,0.8635445841640194,0.9716907227685185,0.9659437479550929,0.9491695564775714,0.9855188899265904,0.9741976026382658,0.9785365194578196,,0.39487841831520254,0.5373959882598688,0.6985901580325433,0.7280373670359194,0.7291608526907548,0.8005854497912522,True,qapinn,3,0.01/pi,burgers,False,2025,0.28,MS_hard_burgers_n3_qapinn_s2025
,,,,,0.9383709656196821,0.8041077266652219,0.7929194722919138,0.7485855391364934,0.7412809594366213,0.9423342362516034,0.8963755762964459,0.878815803933304,0.8609252624330974,0.9705481741739664,0.9651725213588318,0.9464649911135399,0.9852077704127905,0.973250141672739,0.978112746508391,,0.3695308028005644,0.5125896490166973,0.6772970634170667,0.7129258697499404,0.7160414970359008,0.7881218405805771,True,qapinn,3,0.01/pi,burgers,False,2025,0.32,MS_hard_burgers_n3_qapinn_s2025
,,,,,0.9362383881566624,0.7994605008403097,0.7890412752521716,0.7445495599072915,0.7369612434441069,0.9416276059684189,0.8944761879367171,0.8772781897211928,0.8580636314405109,0.9694091392982684,0.9641759052500901,0.9435607876868586,0.984927487581566,0.9723326206131604,0.9777775414824897,,0.34728159680111603,0.49077268151919723,0.658034583396825,0.6989070322648596,0.7036497311502445,0.7759314453587628,True,qapinn,3,0.01/pi,burgers,False,2025,0.36,MS_hard_burgers_n3_qapinn_s2025
,,,,,0.9341941366479113,0.7951535520674633,0.7852764623281558,0.740526149136369,0.7326729021656524,0.940994937882166,0.8925680574910775,0.8754776689291817,0.855018783514641,0.9682958496280967,0.9629596164018777,0.9405589883630989,0.9846770323389512,0.971516124767222,0.9775851307672034,,0.3285906461772693,0.4727781244048649,0.6421069464634582,0.6872297722723589,0.6930732052105691,0.7648840039771383,True,qapinn,3,0.01/pi,burgers,False,2025,0.4,MS_hard_burgers_n3_qapinn_s2025
,,,,,0.9322554606358242,0.7912126959094847,0.7816446397546313,0.7365395695197592,0.7284632749439032,0.9404365225947364,0.8906684551952627,0.8734278827363473,0.8518527351084428,0.9672252894682918,0.9615431662147501,0.9375549217915922,0.9844568800755484,0.9708565270226542,0.9775653808801975,,0.31350016178571055,0.4588854976620544,0.6301569540531822,0.6786062237413698,0.6849923364502025,0.7556232162378518,True,qapinn,3,0.01/pi,burgers,False,2025,0.44,MS_hard_burgers_n3_qapinn_s2025
,,,,,0.9304379623037021,0.7876624355951273,0.7781642145057569,0.7326275856492225,0.724388952865687,0.9399543670371763,0.8887916171250083,0.871157003681769,0.8486241031433335,0.9662091348549448,0.9599557235836848,0.9346258686174022,0.9842683144076926,0.9703868673540003,0.9777202358074347,,0.30167345162959397,0.44882009034825215,0.6220830864323874,0.673061716709266,0.6795041771578412,0.7483476858211447,True,qapinn,3,0.01/pi,burgers,False,2025,0.48,MS_hard_burgers_n3_qapinn_s2025
,,,,,0.9287551731292919,0.7845250795027329,0.7748526008553538,0.7288368123952962,0.7205089524888999,0.939551846562332,0.8869492253567849,0.8687035336529645,0.8453835030958105,0.9652541166391082,0.9582316540466747,0.9318251894620905,0.984112574792358,0.9701151441670947,0.9780281228212021,,0.2925949760385379,0.442004523300165,0.6173270051919642,0.6701702112330168,0.6763015691680597,0.7429049709184046,True,qapinn,3,0.01/pi,burgers,False,2025,0.52,MS_hard_burgers_n3_qapinn_s2025
,,,,,0.927218304091099,0.7818203120659813,0.7717268383630733,0.7252177675817028,0.7168780854624293,0.9392334854399125,0.8851509243455042,0.8661117048400114,0.8421710885212651,0.9643623773604344,0.9564063063507384,0.9291818571754297,0.9839901324662182,0.9700278986081113,0.9784531077655616,,0.285746350160556,0.43780607714587444,0.6151969141242569,0.6693571749255638,0.6749319355092548,0.7389926605180217,True,qapinn,3,0.01/pi,burgers,False,2025,0.56,MS_hard_burgers_n3_qapinn_s2025
,,,,,0.9258359431220561,0.7795642777163533,0.7688036316231818,0.7218201933416085,0.7135431875009782,0.9390044923375025,0.8834047184147216,0.8634275982077841,0.8390178774050278,0.9635320857285294,0.954513056346347,0.9267053897656706,0.9839002960856602,0.9700976954089571,0.9789546604757886,,0.28069529999219894,0.4356762177794894,0.6150651210252635,0.6700937499263208,0.6749700650739752,0.7363054074974914,True,qapinn,3,0.01/pi,burgers,False,2025,0.6,MS_hard_burgers_n3_qapinn_s2025
,,,,,0.9246138496585402,0.7777688241822505,0.766099309579186,0.7186889944548706,0.71054194450561,0.9388703013398406,0.8817172421334839,0.8606958393491406,0.8359487734625044,0.9627580320454671,0.9525813021484211,0.924392731879964,0.9838410935641145,0.9702913661512272,0.9794951855325923,,0.27711536640582196,0.4351933299638053,0.6164399386949422,0.6719708384932456,0.6760863239021369,0.7345973966254639,True,qapinn,3,0.01/pi,burgers,False,2025,0.64,MS_hard_burgers_n3_qapinn_s2025
,,,,,0.9235549438794926,0.7764411712770246,0.7636299345141683,0.7158611258250898,0.7079029736915845,0.9388362371163766,0.8800940171076429,0.8579569761217843,0.8329851925842297,0.9620321372331571,0.9506352345481232,0.9222341422363477,0.9838093751035109,0.97057652965223,0.9800442856405289,,0.27477352390646936,0.43605564365283694,0.6189678820700363,0.674703734248956,0.6780531338121041,0.7336932826949175,True,qapinn,3,0.01/pi,burgers,False,2025,0.68,MS_hard_burgers_n3_qapinn_s2025
,,,,,0.9226591959696931,0.7755830514644929,0.7614108231319447,0.7133633585825868,0.7056461852123905,0.9389069238847907,0.8785396828068551,0.8552460258303164,0.8301470903755356,0.9613442426608533,0.9486937419662673,0.9202176800148905,0.9838011046593731,0.970925597793745,0.9805801911488752,,0.2735128793547636,0.4380635935478251,0.6224166228451019,0.678115421856058,0.680733063486102,0.7334831677873532,True,qapinn,3,0.01/pi,burgers,False,2025,0.72,MS_hard_burgers_n3_qapinn_s2025
,,,,,0.9219237767230445,0.7751905969309671,0.7594565338277994,0.711211335881711,0.7037834126311739,0.9390859703857276,0.8770582937519112,0.8525914456349921,0.8274534224426058,0.9606827023907308,0.946770399429308,0.9183313058108364,0.9838117162552718,0.9713175623313105,0.9810894614274709,,0.2732310648504867,0.44109232661409487,0.6266430463288005,0.6821055029440273,0.6840528899168213,0.7339053700572827,True,qapinn,3,0.01/pi,burgers,False,2025,0.76,MS_hard_burgers_n3_qapinn_s2025
,,,,,0.9213431888145306,0.7752540835813434,0.7577807043413665,0.7094098797456225,0.7023193963551412,0.9393755858371625,0.8756537476900358,0.8500151048660534,0.824922246783275,0.9600351895392085,0.9448740327436458,0.9165639459412221,0.9838364658918822,0.9717380425372242,0.981565722364758,,0.27386356018526875,0.4450695997777831,0.6315666209083725,0.6866242944691793,0.6879820637395392,0.7349315311256327,True,qapinn,3,0.01/pi,burgers,False,2025,0.8,MS_hard_burgers_n3_qapinn_s2025
,,,,,0.9209094816872957,0.7757578936769657,0.7563959754144035,0.7079546285216303,0.701253058003979,0.9397762691176507,0.87433027855747,0.8475328902041742,0.8225702381675544,0.9593895433538528,0.9430094006560189,0.9149055261692313,0.9838707188503711,0.9721781570518984,0.9820079962918845,,0.27536851384054734,0.44995459036199537,0.6371442533119199,0.6916493725538181,0.6925123090100112,0.7365515482129827,True,qapinn,3,0.01/pi,burgers,False,2025,0.84,MS_hard_burgers_n3_qapinn_s2025
,,,,,0.9206125840397219,0.7766808917609127,0.7553141591451401,0.7068347540148623,0.7005790571227762,0.9402866964981765,0.8730930251499269,0.845155783783249,0.820411801809716,0.9587345594725943,0.9411778362224976,0.9133461910220385,0.9839100999451927,0.9726326503245554,0.9824189025632987,,0.2777133266135602,0.45571831810632735,0.6433475335947115,0.6971651560664109,0.6976388254766747,0.7387590539556008,True,qapinn,3,0.01/pi,burgers,False,2025,0.88,MS_hard_burgers_n3_qapinn_s2025
,,,,,0.9204405750231047,0.7779966313660593,0.7545461661330709,0.7060360541033248,0.7002891653628172,0.9409035278375424,0.8719485280630151,0.8428914489560085,0.8184583367804115,0.9580609022591657,0.9393782099852079,0.9118756412710824,0.983950529453384,0.9730978445924728,0.9828029294210221,,0.28086451814186353,0.4623285040001767,0.6501459878890473,0.7031487292297726,0.7033466150883121,0.7415405611876907,True,qapinn,3,0.01/pi,burgers,False,2025,0.92,MS_hard_burgers_n3_qapinn_s2025
,,,,,0.9203801198442917,0.7796741739343575,0.754102297412608,0.7055441743152489,0.7003736216118489,0.9416215237379661,0.8709052161359856,0.8407458310446929,0.8167175256101525,0.9573617788660999,0.9376076851982665,0.910482225348585,0.9839881799465094,0.9735698499116493,0.9831649611564053,,0.284777690338557,0.4697337217863425,0.6574891250843806,0.7095546181967546,0.7095943868193857,0.7448621840368435,True,qapinn,3,0.01/pi,burgers,False,2025,0.96,MS_hard_burgers_n3_qapinn_s2025
,,,,,0.9204168504639112,0.7816788359531999,0.7539923766557342,0.7053471783735988,0.700822288093068,0.9424336361695146,0.8699737574241834,0.8387248245979408,0.8151934149604514,0.9566336219278572,0.9358627475223151,0.9091528406441989,0.9840194073686965,0.9740434431897188,0.9835091920643309,,0.2893902335968404,0.4778513509958854,0.665292467294709,0.716303080994328,0.7163015325027885,0.7486581184140454,True,qapinn,3,0.01/pi,burgers,False,2025,1.0,MS_hard_burgers_n3_qapinn_s2025
,,,,,0.9338644580143897,0.8400199815070905,0.7959597898092364,0.7252165243162936,0.679166959858971,0.9606519928290674,0.8932944458156756,0.8557721395748428,0.8191551177110626,0.960207782626987,0.9231270193170569,0.8675214150744242,0.9537490914611652,0.8592892740222442,0.9428278057658392,,0.5951342002251161,0.7650137131296356,0.8089577266740215,0.7682116294933117,0.858959830329106,0.9117400350732345,True,qapinn,3,0.01/pi,burgers,False,777,0.0,MS_hard_burgers_n3_qapinn_s777
,,,,,0.9372207443159304,0.8474778569597304,0.807937018066391,0.7338287422769579,0.6814721077725492,0.9625647607193415,0.9012220067163362,0.8615990478282465,0.8185706275729634,0.9644723571051141,0.9287031591043446,0.8686391901546736,0.9540351981414106,0.8578366669700606,0.9411301149317375,,0.6158149452675543,0.7755655735844452,0.8181686075559003,0.7712953324016992,0.8579470182220323,0.9195236984337691,True,qapinn,3,0.01/pi,burgers,False,777,0.04,MS_hard_burgers_n3_qapinn_s777
,,,,,0.9403453433836578,0.8545950188444544,0.8188690200528059,0.7419658653558663,0.683902410261256,0.9644772396763015,0.9086392917794379,0.867074923425194,0.8181385127438852,0.9683181029870385,0.933564797412156,0.8696087107080475,0.9544604710973065,0.8570966986774281,0.9392781091179132,,0.6339473948714878,0.7843407576462139,0.8261117248011272,0.7747891799489878,0.8558785701490166,0.9261734897969174,True,qapinn,3,0.01/pi,burgers,False,777,0.08,MS_hard_burgers_n3_qapinn_s777
,,,,,0.9432530848217996,0.8613463216983401,0.8287750560883077,0.749586918807,0.6864369019586217,0.9663502806716168,0.9155029529971931,0.8721336780952595,0.8178094715680826,0.9717549052977165,0.9377219126091806,0.8704543836385341,0.9550078350953819,0.8571174718374982,0.9373849418075914,,0.6492169789082571,0.7909925988320088,0.8325440493623044,0.7786056538787757,0.8528589382458112,0.931375129709935,True,qapinn,3,0.01/pi,burgers,False,777,0.12,MS_hard_burgers_n3_qapinn_s777
,,,,,0.9459604401089539,0.867713531662887,0.8376958451014133,0.7565714737916728,0.689021188198668,0.9681520134428334,0.9217870492872957,0.8766590990785705,0.817505431406504,0.9747972799176511,0.9411612954847478,0.8712125524158042,0.9556096343225924,0.8579031191863217,0.9356379292488767,,0.6610996835614633,0.794917936463806,0.8369020319606535,0.7822233635643109,0.8487478397761222,0.9348663118968739,True,qapinn,3,0.01/pi,burgers,False,777,0.16,MS_hard_burgers_n3_qapinn_s777
,,,,,0.9484844839564817,0.8736859853760325,0.845683811628225,0.7627536489868783,0.6916080941215841,0.969858497699433,0.927479301091132,0.8805142307171339,0.8171611822260331,0.9774617792448073,0.9438562055118652,0.8719248035812466,0.9561674517342048,0.8593953208666797,0.9342444515880148,,0.6687770160012693,0.7951875592530934,0.8382521156869964,0.7847391228917661,0.8431745328147621,0.936355963849694,True,qapinn,3,0.01/pi,burgers,False,777,0.2,MS_hard_burgers_n3_qapinn_s777
,,,,,0.9508420925229047,0.8792604689679185,0.8527970526526036,0.767980513002922,0.6941318595285891,0.9714533740015396,0.9325788866444122,0.8835837291663278,0.8167049244091229,0.9797671055057611,0.94578829487813,0.8725583360949941,0.956585940380888,0.861401181775515,0.933346310941173,,0.6712979226917528,0.7906952869375491,0.8354011237653196,0.7849401698706733,0.8355717220366934,0.9351084058822098,True,qapinn,3,0.01/pi,burgers,False,777,0.24,MS_hard_burgers_n3_qapinn_s777
,,,,,0.9530493538139335,0.8844406919862932,0.8590956503557035,0.7721631838376118,0.6965040041787136,0.9729270217315737,0.9370947752802463,0.885790920638987,0.8160665573876074,0.9817347095901681,0.9469484039649458,0.872989515876195,0.9567986968863713,0.8636057318725251,0.9330210464168571,,0.6681485943836649,0.7807927399347773,0.8274259976260813,0.7816023706783605,0.8254073727954057,0.9300149731746314,True,qapinn,3,0.01/pi,burgers,False,777,0.28,MS_hard_burgers_n3_qapinn_s777
,,,,,0.9551211327056659,0.8892362330892452,0.8646386131247555,0.7752966134202828,0.6986774942433227,0.9742753239093984,0.9410435880272181,0.8870780412080858,0.8152583547660854,0.9833888038895051,0.9473141626373115,0.8731158424482429,0.9567684336118621,0.8656969082168428,0.9332882999754334,,0.660011555642998,0.7662117096454825,0.8146087328563728,0.7742617840798771,0.8127468008373488,0.9204588748058457,True,qapinn,3,0.01/pi,burgers,False,777,0.32,MS_hard_burgers_n3_qapinn_s777
,,,,,0.9570708105973801,0.8936613891070451,0.8694815736765039,0.7774622719478683,0.7006521312567506,0.9754983953617952,0.9444472725523367,0.8874072006276853,0.8143594240420955,0.9847555638809213,0.9468630909661975,0.8729181071163089,0.9564781222774579,0.8674664286100132,0.9340049986943875,,0.6492288686417034,0.7495935117292427,0.7992513992045452,0.7642533972544904,0.7989115525020657,0.9073150940233099,True,qapinn,3,0.01/pi,burgers,False,777,0.36,MS_hard_burgers_n3_qapinn_s777
,,,,,0.9589100921226402,0.8977338443413528,0.873675071847864,0.7788186356337709,0.702393117837258,0.9765993553469273,0.9473306709581785,0.8868216380823789,0.8134050561242219,0.9858616448179689,0.9456492066882389,0.8724325955953173,0.9559401684771622,0.8688510917574226,0.9348908286000284,,0.6390548584550938,0.7345419483143731,0.7849848484671272,0.7545189640052437,0.7862757765865712,0.8932210290468403,True,qapinn,3,0.01/pi,burgers,False,777,0.4,MS_hard_burgers_n3_qapinn_s777
,,,,,0.9606489850617017,0.9014736110942807,0.8772641550993577,0.7795447567907192,0.7038048856192364,0.9775833319963221,0.9497197330392678,0.8854746032031497,0.8123631607321402,0.9867326366386804,0.9438378780443766,0.871725136778616,0.9552049704564579,0.8699201629534417,0.9357594109566837,,0.6314914641028738,0.7231598278145013,0.7741398993473495,0.7472377773064164,0.7764573489389837,0.8807491906465895,True,qapinn,3,0.01/pi,burgers,False,777,0.44,MS_hard_burgers_n3_qapinn_s777
,,,,,0.9622957729778792,0.9049018381406587,0.8802888275087954,0.7797583179281681,0.7047827825419392,0.9784565693998737,0.9516404267509094,0.883549442396838,0.8111678337702649,0.987391942506729,0.9416228761944172,0.8708402280062106,0.9543363713250045,0.870774465909123,0.9365795512803646,,0.6264258584532915,0.7151744412634223,0.7666090513334773,0.7425077995942002,0.7693412274458422,0.8706726893765844,True,qapinn,3,0.01/pi,burgers,False,777,0.48,MS_hard_burgers_n3_qapinn_s777
,,,,,0.9638571298591485,0.9080400652824757,0.882785673342444,0.7794948893046859,0.7052666194707847,0.9792258551581751,0.9531186158359666,0.8811756076784538,0.8097657916187561,0.987860258640487,0.9391391787551228,0.8697998510507747,0.9533832712682688,0.8714931240251199,0.9373816094353706,,0.6228978868096858,0.7094093747500563,0.7612934259993741,0.7395015129098326,0.764106889101309,0.8626046102774758,True,qapinn,3,0.01/pi,burgers,False,777,0.52,MS_hard_burgers_n3_qapinn_s777
,,,,,0.9653382108635267,0.9109095072311745,0.8847897534149333,0.7787521567050671,0.7052423403861675,0.9798980982045602,0.9541805445452105,0.8784255333786919,0.8081307338500922,0.9881557190665223,0.9364591004288098,0.8686199005387263,0.9523785479721416,0.8721319255423474,0.9381940010569334,,0.6201367307100152,0.7049302769320146,0.7572991827483933,0.7375270480325347,0.7601052928736441,0.856010875882817,True,qapinn,3,0.01/pi,burgers,False,777,0.56,MS_hard_burgers_n3_qapinn_s777
,,,,,0.9667428085335629,0.9135306090472874,0.886336478168346,0.7775340513799864,0.7047208118979875,0.9804800942201505,0.9548536187138679,0.8753474456398305,0.8062519322967511,0.9882944653498694,0.933625046588489,0.8673105854438231,0.9513484604652543,0.8727255329350881,0.9390330496561791,,0.6177418882935111,0.7012282556192011,0.7541415515955144,0.7362246723216924,0.7569941007091653,0.8505298044905817,True,qapinn,3,0.01/pi,burgers,False,777,0.6,MS_hard_burgers_n3_qapinn_s777
,,,,,0.9680735359715681,0.915922844078378,0.8874631113165403,0.7758671923668892,0.7037214671296877,0.9809784577383385,0.9551671572398236,0.8719873220917499,0.8041223744973539,0.9882913583389713,0.9306715901554931,0.8658721034081988,0.9503162986579478,0.8732871540468502,0.9399063675600421,,0.6155429964992077,0.6980561957838574,0.7515842683427354,0.7354345825601878,0.7546088504642482,0.8459360903956121,True,qapinn,3,0.01/pi,burgers,False,777,0.64,MS_hard_burgers_n3_qapinn_s777
,,,,,0.9693319874033558,0.9181045547931322,0.888209559723949,0.7737992892849311,0.7022670502711574,0.9813996121386828,0.9551528256182246,0.8683954131311424,0.8017360161527383,0.9881606364200808,0.9276326364390394,0.8642956405593762,0.9493014453421447,0.8738116349222572,0.9408155028910797,,0.6134743214921463,0.695287212419706,0.7494995810616444,0.7350781802176326,0.7528547283687982,0.842066634252171,True,qapinn,3,0.01/pi,burgers,False,777,0.68,MS_hard_burgers_n3_qapinn_s777
,,,,,0.9705188951291834,0.9200929039674154,0.8886185456096871,0.7713917114190957,0.7003845807743114,0.9817498312785353,0.9548446770487423,0.8646251322264846,0.7990905215348566,0.9879163798296353,0.9245415930200004,0.8625680938595521,0.9483179046631169,0.8742813987140525,0.9417576301516306,,0.6115162819445394,0.6928490730771113,0.7478049323194873,0.7351041501598171,0.7516579210981076,0.838783806107696,True,qapinn,3,0.01/pi,burgers,False,777,0.72,MS_hard_burgers_n3_qapinn_s777
,,,,,0.9716342781050755,0.9219039139294906,0.8887352100905388,0.7687118673343755,0.698107597760479,0.9820353133248679,0.9542787707649499,0.8607296980570363,0.7961909260462332,0.9875727032174149,0.9214296714366862,0.8606772647808657,0.9473738530089377,0.8746728504949085,0.94272693508744,,0.6096757530778988,0.6907021560281995,0.7464433815085082,0.7354719035897659,0.7509512554696006,0.8359661138788084,True,qapinn,3,0.01/pi,burgers,False,777,0.76,MS_hard_burgers_n3_qapinn_s777
,,,,,0.972677598734863,0.9235525705166931,0.888606299546849,0.7658273268233305,0.695477368026876,0.9822622425027218,0.9534924328401218,0.8567589961420279,0.7930520199920804,0.9871437070030081,0.9183244319152916,0.8586159222383773,0.9464721925311677,0.8749617811503669,0.9437157501470206,,0.6079793194953959,0.6888324927241345,0.7453794389647321,0.7361484216663732,0.7506733809629557,0.8335097610881014,True,qapinn,3,0.01/pi,burgers,False,777,0.8,MS_hard_burgers_n3_qapinn_s777
,,,,,0.9736478256408125,0.925052734274009,0.8882788830479276,0.7628018855229026,0.6925423759732445,0.9824367661994253,0.9525231953057911,0.8527575830635361,0.7896989709317107,0.9866432369642605,0.9152492631735646,0.8563844268666982,0.9456117550585216,0.875127201766142,0.944715301189048,,0.6064666228720634,0.6872454682315469,0.7445957706983249,0.7371060765886568,0.7507698844843099,0.8313304287591435,True,qapinn,3,0.01/pi,burgers,False,777,0.84,MS_hard_burgers_n3_qapinn_s777
,,,,,0.9745435207301577,0.9264171415362108,0.8877988851403757,0.7596931229132735,0.6893559858216345,0.9825649636563982,0.9514075342907172,0.8487635606008918,0.7861658763240966,0.9860844700739034,0.9122233458625305,0.8539914553300681,0.9447886402995145,0.8751533627037272,0.9457163525956076,,0.6051814908151335,0.6859569317885872,0.7440871679193086,0.7383184870443283,0.7511932832066698,0.8293616131418776,True,qapinn,3,0.01/pi,burgers,False,777,0.88,MS_hard_burgers_n3_qapinn_s777
,,,,,0.975362870689688,0.9276572717270546,0.8872094368541317,0.7565511969343669,0.6859727806553421,0.9826527380689051,0.9501795060446844,0.84480842439247,0.7824927054450377,0.9854794312033748,0.9092621752242209,0.8514531025818024,0.9439975000801913,0.8750300912908825,0.9467099615413122,,0.604159974921997,0.6849806674493419,0.7438504502838744,0.7397532243001018,0.7519002588331564,0.8275495199662298,True,qapinn,3,0.01/pi,burgers,False,777,0.92,MS_hard_burgers_n3_qapinn_s777
,,,,,0.9761037132918897,0.9287832962570307,0.8865492630920588,0.7534183515066647,0.6824439687441413,0.9827057211777922,0.9488693980340938,0.8409174030331832,0.7787208602140875,0.9848384623440375,0.9063781531947115,0.8487901484682189,0.9432325647400108,0.8747514861203468,0.9476883710675297,,0.6034205958904812,0.6843174901080498,0.7438747064340875,0.7413650097772978,0.7528482856211403,0.8258465342504222,True,qapinn,3,0.01/pi,burgers,False,777,0.96,MS_hard_burgers_n3_qapinn_s777
,,,,,0.9767634733410411,0.9298035999110437,0.8858508547770322,0.7503285658841425,0.6788125616733788,0.9827289920471803,0.9475024696473507,0.8371100609587938,0.7748882182389693,0.9841698544040773,0.9035813576841103,0.8460245432584732,0.9424883493103293,0.8743137819048451,0.9486457999282379,,0.602952901201484,0.6839424994607305,0.7441295945940987,0.7430878343339938,0.7539890966627827,0.8242027941054092,True,qapinn,3,0.01/pi,burgers,False,777,1.0,MS_hard_burgers_n3_qapinn_s777
,,,,,0.993215222209291,0.9757681706672624,0.9476872699145319,0.9325380204008996,0.9215762137105693,0.9850613390706844,0.95217745257731,0.9343554621495969,0.9168546776962849,0.9842835300674677,0.9685339994499278,0.9450865392151792,0.990961931011679,0.9716751399325246,0.9803178612565556,,0.8913607724551321,0.8851966631138919,0.8776197670048591,0.889522684562266,0.8907328130484894,0.8540180040653981,True,qapinn,4,0.01/pi,burgers,False,1234,0.0,MS_hard_burgers_n4_qapinn_s1234
,,,,,0.9931425870763261,0.9753394636515741,0.9473311193531598,0.9309705917762591,0.9199608123356395,0.9847002402979899,0.9526020212238031,0.9335731486310858,0.9166965314880927,0.9846557309255102,0.9680024647988065,0.946044971176123,0.9904633832009939,0.9733408162072067,0.9816058877683176,,0.872564498343182,0.8628919795121844,0.8590307491873205,0.8809737469108422,0.88411687681167,0.8517779366650936,True,qapinn,4,0.01/pi,burgers,False,1234,0.04,MS_hard_burgers_n4_qapinn_s1234
,,,,,0.9930341969778267,0.9748735207556346,0.946712718924117,0.9288790592495225,0.9172200263075697,0.9843911133363686,0.9529244274965935,0.9325219059372374,0.9158563894093734,0.9848878894460623,0.9672648404824109,0.9463611380826167,0.9899194662553786,0.9747315385727671,0.9826595672008118,,0.8525421885703834,0.8400316614237773,0.8402829463270051,0.8718599237413901,0.87704297712495,0.8494737649631547,True,qapinn,4,0.01/pi,burgers,False,1234,0.08,MS_hard_burgers_n4_qapinn_s1234
,,,,,0.992884792349802,0.9743724678347788,0.9458256703748803,0.9263705357124613,0.913271465270644,0.9841396029119888,0.9531255179653965,0.931262759938667,0.9141977788242532,0.9849829301696558,0.9663979854870873,0.9459291941057082,0.9894124218406427,0.9757715948353005,0.9835095534106337,,0.8313023958251007,0.8167154150836242,0.8213496014626074,0.8621887117051158,0.869748809862509,0.8472030130613113,True,qapinn,4,0.01/pi,burgers,False,1234,0.12,MS_hard_burgers_n4_qapinn_s1234
,,,,,0.9926891509025555,0.9738345405982094,0.9446770625362181,0.9236142560794475,0.9081059678342657,0.9839476773515471,0.953199048490209,0.9299246260320112,0.9116083586084677,0.9849528506055456,0.9655237706202084,0.9447013153172015,0.9890428862692755,0.976433126888456,0.9842085275370533,,0.8085938792279014,0.7927593641160718,0.8019308289663042,0.8517576006886444,0.8622558308752886,0.8450584094138884,True,qapinn,4,0.01/pi,burgers,False,1234,0.16,MS_hard_burgers_n4_qapinn_s1234
,,,,,0.9924422136208477,0.9732544917397684,0.9432872297705485,0.9207850405199761,0.9018285672778454,0.9838141150676212,0.9531522820471724,0.928649712871181,0.9080645078351395,0.9848171359532427,0.9647598765896597,0.9426949618021011,0.98889352943268,0.9767125551760483,0.984796744421567,,0.7840923517945699,0.7678400368747088,0.7815631737300601,0.8401745721731617,0.8543658871335792,0.8429971066697776,True,qapinn,4,0.01/pi,burgers,False,1234,0.2,MS_hard_burgers_n4_qapinn_s1234
,,,,,0.9921391632361316,0.9726241052630934,0.9416879428367351,0.9180066907892392,0.8946965113177069,0.9837350894214546,0.9530052323618723,0.9275315906672196,0.9036892340222036,0.9846015160223685,0.964165825202843,0.9399928240801118,0.9889850800245658,0.9765986685555778,0.9852821024133092,,0.7575786394479106,0.7416468594404898,0.7597311651524747,0.8268705814300371,0.8456714779509159,0.840736334173378,True,qapinn,4,0.01/pi,burgers,False,1234,0.24,MS_hard_burgers_n4_qapinn_s1234
,,,,,0.9917754521291962,0.9719328436556803,0.9399194197971481,0.9153159000826859,0.8872653588104388,0.9837048902145288,0.9527886230731138,0.9265721108531784,0.8989070238050332,0.9843366560008013,0.9637024639065339,0.9368608000769387,0.9892407404570164,0.976124821113469,0.9856670280152171,,0.7290989828218291,0.7140487175236679,0.7359997074735185,0.8111196428340377,0.8355114963449947,0.8377609908420154,True,qapinn,4,0.01/pi,burgers,False,1234,0.28,MS_hard_burgers_n4_qapinn_s1234
,,,,,0.9913467414559549,0.9711682495423498,0.9380251426024253,0.9126807849957449,0.8805175591526051,0.9837164478630674,0.9525396643584697,0.9257016396474431,0.8946034401842636,0.9840559844278053,0.9632517449841653,0.9339396315795916,0.9895005492997796,0.975514040229841,0.9860028088405088,,0.6993656265783915,0.6855154604469016,0.7104304199615589,0.7922591184906602,0.8227693476881046,0.8330283557610706,True,qapinn,4,0.01/pi,burgers,False,1234,0.32,MS_hard_burgers_n4_qapinn_s1234
,,,,,0.9908488092764571,0.9703165210882974,0.9360459569774575,0.9100994485220267,0.8753259394595534,0.9837620322582513,0.9522966181127859,0.9248908634369803,0.8916484303624614,0.9837923089573852,0.9627372704512812,0.9319179110775963,0.9896280114167487,0.9750324445835648,0.986292389402668,,0.67106383800802,0.6584669610457536,0.6851150403476925,0.7713541927166025,0.8067787070421872,0.824573716988237,True,qapinn,4,0.01/pi,burgers,False,1234,0.36,MS_hard_burgers_n4_qapinn_s1234
,,,,,0.9902773975426916,0.9693627202839913,0.9340134826437552,0.9076735897736837,0.8716799690805792,0.9838336145742823,0.9520924851256596,0.9242357110904998,0.8901344144850653,0.9835738080972986,0.9622284167868522,0.9309430070153294,0.9896169064766092,0.9747764605676543,0.9864946677556644,,0.6493068327516468,0.6378230984653356,0.6650969555113403,0.753309299044666,0.790719199742265,0.813531501369056,True,qapinn,4,0.01/pi,burgers,False,1234,0.4,MS_hard_burgers_n4_qapinn_s1234
,,,,,0.9896280494204275,0.9682909989570189,0.9319456085599733,0.9055330106746935,0.8690149662642312,0.9839232522149614,0.9519503259316681,0.9238784459414888,0.8896138898725243,0.9834207034843606,0.9618689850210097,0.9307647420081527,0.989551382460165,0.9747685390536646,0.9866713250996871,,0.6360299516916018,0.6255180571144742,0.6527133634020645,0.7413149739805348,0.7781842757416861,0.8037137127063597,True,qapinn,4,0.01/pi,burgers,False,1234,0.44,MS_hard_burgers_n4_qapinn_s1234
,,,,,0.9888959640065109,0.9670846899437693,0.9298447951098125,0.9037130978046158,0.866816154735022,0.984023283821784,0.95188111104211,0.9238765012825548,0.8896380413684977,0.9833437178254056,0.9617375839702672,0.9310591207405071,0.9894955723445107,0.9749192741688812,0.9868489963634263,,0.6288070671800101,0.6192493329877597,0.6459575654806562,0.7340668932397788,0.769144630284205,0.7962025680892917,True,qapinn,4,0.01/pi,burgers,False,1234,0.48,MS_hard_burgers_n4_qapinn_s1234
,,,,,0.988075936332635,0.9657265153510426,0.9276995406519641,0.9021425066432612,0.8648019383776095,0.984126540839774,0.9518844973799571,0.9241845736804079,0.8899559399593744,0.9833445360689526,0.9618177551487224,0.9316168093973892,0.9894617730575055,0.9751385825140685,0.9870308833923984,,0.6249551302309356,0.6164384027189558,0.642403906878178,0.7294743407173373,0.7623993672188606,0.7904859438686846,True,qapinn,4,0.01/pi,burgers,False,1234,0.52,MS_hard_burgers_n4_qapinn_s1234
,,,,,0.9871623478451199,0.9641986658099916,0.925487262288342,0.9007076335991497,0.8628300541158724,0.9842263553509323,0.9519511240916927,0.9247161278077853,0.890443515145996,0.9834177233742131,0.962051049065586,0.9323229624359289,0.9894397824189651,0.975374408501056,0.9872202404526715,,0.6228890655878642,0.6155599778616024,0.6406123936539121,0.7262592215992102,0.7571159654501088,0.7860090598040649,True,qapinn,4,0.01/pi,burgers,False,1234,0.56,MS_hard_burgers_n4_qapinn_s1234
,,,,,0.9861493115181957,0.9624831715708647,0.9231782050429365,0.8993025788086311,0.8608186993436857,0.9843166617640058,0.9520658012828239,0.9253914839004364,0.8910338126635072,0.983553175250753,0.9623809580891194,0.9331114591104048,0.9894203746403536,0.975601781002388,0.9874188427029102,,0.6217719267026548,0.615811945243044,0.6398369368897473,0.7237731579416573,0.752837818797635,0.7824169694814248,True,qapinn,4,0.01/pi,burgers,False,1234,0.6,MS_hard_burgers_n4_qapinn_s1234
,,,,,0.985030921760196,0.9605622731841752,0.9207387369862329,0.8978440040287435,0.8587138103634588,0.9843919656643353,0.9522101884206622,0.926151986400028,0.8916871094233505,0.983738408868994,0.9627668309453165,0.9339425910035648,0.989400467028785,0.9758112945205977,0.9876260811399525,,0.6211242387436082,0.6167389021321071,0.6396630016471375,0.7216730645139996,0.7492914097261816,0.7794814123990252,True,qapinn,4,0.01/pi,burgers,False,1234,0.64,MS_hard_burgers_n4_qapinn_s1234
,,,,,0.9838016230351653,0.9584189694473673,0.9181341536214395,0.8962688950539732,0.8564757894271818,0.9844473242587797,0.9523648931200452,0.9269575095028567,0.89237832932189,0.9839603223101917,0.9631826816872242,0.9347924610139227,0.9893810541759793,0.9760016508036774,0.987839637030814,,0.6206310986356612,0.6180449352292233,0.6398259103368253,0.7197515791298651,0.7462843935564202,0.7770371610389456,True,qapinn,4,0.01/pi,burgers,False,1234,0.68,MS_hard_burgers_n4_qapinn_s1234
,,,,,0.9824567621591254,0.956037859279788,0.9153310413932694,0.8945290937487447,0.8540729762339998,0.9844783704139016,0.9525109279607649,0.9277806056962544,0.8930902989490329,0.9842063211356624,0.9636127108465619,0.935646622874594,0.989364792630057,0.9761751209422971,0.9880560472027989,,0.6200622464751431,0.6195154214601649,0.6401352353595182,0.7178653428225373,0.7436648531196458,0.7749518068074778,True,qapinn,4,0.01/pi,burgers,False,1234,0.72,MS_hard_burgers_n4_qapinn_s1234
,,,,,0.9809930955160286,0.9534057932210733,0.9122987833415863,0.8925869653706218,0.8514777926225273,0.9844812016493718,0.9526304425995562,0.928601782658415,0.893809491678458,0.9844650383552606,0.9640477670674729,0.9364961681378904,0.989354694025688,0.9763350206074658,0.988270930837641,,0.6192406439253482,0.6209858077672413,0.6404460051168834,0.7159074938829683,0.741305595359379,0.7731137581613698,True,qapinn,4,0.01/pi,burgers,False,1234,0.76,MS_hard_burgers_n4_qapinn_s1234
,,,,,0.9794094363272299,0.9505128410768092,0.9090111324487091,0.8904131615557164,0.8486646427962095,0.9844523688853906,0.9527072440272283,0.9294063750503025,0.8945229868904695,0.9847266404358709,0.9644827570443625,0.9373345761219042,0.9893535206520785,0.9764841347026358,0.9884789800041583,,0.6180302128429603,0.6223291051278468,0.6406475907822213,0.713797921157778,0.7390987281725285,0.7714283418454199,True,qapinn,4,0.01/pi,burgers,False,1234,0.8,MS_hard_burgers_n4_qapinn_s1234
,,,,,0.9777072849722461,0.947353259609469,0.9054475249004412,0.8879857094648324,0.8456091399026158,0.9843888623448199,0.9527270638401663,0.9301825916178076,0.8952165753429829,0.9849829026563541,0.9649149356183604,0.9381556591624817,0.9893635125226383,0.9766239015932341,0.9886739936762897,,0.616330534556799,0.6234503027814019,0.6406595536330218,0.7114808776366103,0.7369545898664885,0.7698173175642057,True,qapinn,4,0.01/pi,burgers,False,1234,0.84,MS_hard_burgers_n4_qapinn_s1234
,,,,,0.9758913105298771,0.9439262081954622,0.901594025332443,0.8852898469095132,0.842288533693276,0.984288017600758,0.9526776205803037,0.9309203540437494,0.8958741120683844,0.9852272194234825,0.9653428875189705,0.9389528496284099,0.98938623167518,0.9767542623000206,0.9888491273374861,,0.6140727070370002,0.6242819084373151,0.6404288263946676,0.7089239770724516,0.7348016459703067,0.7682186481263815,True,qapinn,4,0.01/pi,burgers,False,1234,0.88,MS_hard_burgers_n4_qapinn_s1234
,,,,,0.9739698266847268,0.9402366119980393,0.8974443546739416,0.8823184239995635,0.8386830932109186,0.9841475348142943,0.9525487251582885,0.9316106048725054,0.8964776590602469,0.9854544590298663,0.9657657055049548,0.939718972610757,0.9894224230746156,0.9768738505646107,0.988997314058348,,0.6112131820667108,0.6247775260676789,0.6399241345018408,0.7061147606684633,0.73258515732474,0.7665847842168183,True,qapinn,4,0.01/pi,burgers,False,1234,0.92,MS_hard_burgers_n4_qapinn_s1234
,,,,,0.9719549551126097,0.9362955260295854,0.8930004120522137,0.879072310275213,0.8347779450738865,0.9839653907187316,0.9523322537558255,0.9322449859908671,0.897008420697621,0.9856608813600519,0.9661826187356405,0.9404469506361467,0.98947192680984,0.9769804597848936,0.9891117837609891,,0.6077260221222442,0.6249035819835874,0.6391287177514414,0.7030547841919068,0.7302637786404894,0.7648789463051445,True,qapinn,4,0.01/pi,burgers,False,1234,0.96,MS_hard_burgers_n4_qapinn_s1234
,,,,,0.9698626874919656,0.9321205187011659,0.8882726457801652,0.8755608164002967,0.8305647597803986,0.983739901597065,0.9520221734164008,0.9328157426488222,0.8974476396849692,0.9858439236387029,0.9665926466298548,0.941130185496589,0.9895336389457228,0.9770713712095095,0.9891864393175872,,0.6035933725005368,0.6246295063715537,0.6380305525612805,0.6997509887552367,0.7278039946486616,0.7630696478560649,True,qapinn,4,0.01/pi,burgers,False,1234,1.0,MS_hard_burgers_n4_qapinn_s1234
,,,,,0.9910459571364298,0.9733378250727341,0.9203332405225015,0.9112328423184033,0.9153507830448697,0.992510325133906,0.9564589904785235,0.9437719121590753,0.9475974560466862,0.9824409824686547,0.9716106760140255,0.971518047920565,0.9932661902036041,0.9909133643729746,0.9959587919200985,,0.9470645766749282,0.9412527475458223,0.9371217909696755,0.8994727613221942,0.8838858935867033,0.8773669226127191,True,qapinn,4,0.01/pi,burgers,False,2025,0.0,MS_hard_burgers_n4_qapinn_s2025
,,,,,0.9909952473588853,0.972791707151146,0.9180887955390009,0.9069581530914765,0.9121806492947104,0.9923294929230825,0.9551667585244524,0.9407732722426118,0.9447969166249093,0.9818720845617861,0.9696715662984415,0.9698372260298753,0.9934698802185551,0.9912538446084928,0.996476935514559,,0.9469045870890821,0.9381261225538687,0.9341060280213969,0.8920608132609558,0.8790162105701679,0.8731460735534363,True,qapinn,4,0.01/pi,burgers,False,2025,0.04,MS_hard_burgers_n4_qapinn_s2025
,,,,,0.9908411516851369,0.9721112166652776,0.9156297913825211,0.9022284867047793,0.9079656116377354,0.9921227976339579,0.9536971415352864,0.9374213617699964,0.9411969787809092,0.9811799030502678,0.9675018764363293,0.9676205193754691,0.9936310141824233,0.9914711489014023,0.9969408305622903,,0.9424569201112349,0.9318814380291027,0.9293385594124167,0.8855268043428995,0.8751437303729672,0.8703024670606493,True,qapinn,4,0.01/pi,burgers,False,2025,0.08,MS_hard_burgers_n4_qapinn_s2025
,,,,,0.9905683969433625,0.9712756183157489,0.9129271473586269,0.8970423651806451,0.9025402905060838,0.9918927169525914,0.9520544643810873,0.9337729595733316,0.9367165912364351,0.980360520718899,0.9651272480455895,0.9647720197701422,0.9937220313984358,0.9914675301289813,0.9973261282916522,,0.9329696673086513,0.9218632725896034,0.9221788917316291,0.8795693078132774,0.872097606102183,0.8687469590382393,True,qapinn,4,0.01/pi,burgers,False,2025,0.12,MS_hard_burgers_n4_qapinn_s2025
,,,,,0.9901650883628268,0.9702664509518809,0.9099590541235072,0.8914036621227452,0.8957451275974626,0.9916392807937191,0.9502508339963655,0.9298823081865377,0.9312686010819317,0.9794178770788172,0.9625692124429552,0.9611786307297665,0.9937143111557333,0.9911323366709075,0.9976068796815862,,0.9178548848961644,0.9075238628576844,0.9119980586544216,0.8737006065195706,0.869574099370144,0.8682660938001352,True,qapinn,4,0.01/pi,burgers,False,2025,0.16,MS_hard_burgers_n4_qapinn_s2025
,,,,,0.9896230510877639,0.9690681099563603,0.906727640242274,0.8853438652953473,0.8874523707895091,0.9913601212283566,0.9483200613381769,0.925814828441145,0.9247750316344212,0.9783726006433001,0.959857692723526,0.9567215088914569,0.993581910171825,0.9903354425144357,0.9977544773964533,,0.8967584141178944,0.8884688736981119,0.8982087757061767,0.8672309809843753,0.8671691224612788,0.868557431770381,True,qapinn,4,0.01/pi,burgers,False,2025,0.2,MS_hard_burgers_n4_qapinn_s2025
,,,,,0.9889380947316616,0.9676685938549664,0.9032694371008532,0.8789463556035967,0.8775994599725189,0.9910510793489439,0.9463260617447716,0.9216657203009172,0.9171954984312384,0.9772663418414985,0.9570510726103378,0.9512988371790128,0.9933079045675145,0.988912992708424,0.9977289019356985,,0.8695592637169415,0.8644490355587043,0.8802398510309184,0.8591675992600009,0.864323443112596,0.8692210119398219,True,qapinn,4,0.01/pi,burgers,False,2025,0.24,MS_hard_burgers_n4_qapinn_s2025
,,,,,0.9881102545347026,0.9660603700913066,0.8996532846733791,0.8723734249114297,0.8662856015368681,0.9907072165516639,0.9443594739257343,0.9175818511289828,0.9086225845752504,0.9761570009414005,0.9542631497193147,0.944912420010506,0.9928925652620674,0.98668138336389,0.9974641001746477,,0.836484769731115,0.83546969938971,0.8576212884262612,0.848132779554157,0.8601518976154056,0.8696609749732419,True,qapinn,4,0.01/pi,burgers,False,2025,0.28,MS_hard_burgers_n4_qapinn_s2025
,,,,,0.9871440956081662,0.9642414769365447,0.8959646519469914,0.8658845292353992,0.8540515820554133,0.9903241265405438,0.9425212595379133,0.9137732497940496,0.8995636986806703,0.9751040465099456,0.9516806888951906,0.9379456080388369,0.9923546244487347,0.98361194992283,0.996892186734183,,0.7988760906903353,0.8025530797060189,0.8307631096183791,0.8328998479851188,0.8534264812461756,0.868935162755546,True,qapinn,4,0.01/pi,burgers,False,2025,0.32,MS_hard_burgers_n4_qapinn_s2025
,,,,,0.9860490360548584,0.962216328162761,0.8922817803308124,0.8597776126362189,0.8422270533712198,0.9898991034394915,0.9408985472891512,0.9104618548992958,0.89130432118185,0.9741490606303943,0.9495090839408954,0.9315589915708923,0.9917046015659083,0.9802608020860663,0.9961226780693738,,0.7608979157081094,0.769533000892939,0.8029897592346222,0.8146627415791018,0.8439646117573966,0.86619021010434,True,qapinn,4,0.01/pi,burgers,False,2025,0.36,MS_hard_burgers_n4_qapinn_s2025
,,,,,0.9848397156719262,0.9599956140878679,0.8886538950291748,0.8542028943961121,0.8322828491143411,0.9894316204367026,0.9395427110445472,0.9077467935991121,0.8852765935766479,0.973300659936848,0.9478188669239944,0.9271290879013688,0.9909144610835887,0.977651770778318,0.9955484989428229,,0.7287652497995252,0.7424907252108377,0.7803939766428101,0.7983306826921326,0.834759343222199,0.8621065758685866,True,qapinn,4,0.01/pi,burgers,False,2025,0.4,MS_hard_burgers_n4_qapinn_s2025
,,,,,0.9835363415880479,0.9575954748578966,0.8850908504021676,0.8490893072644158,0.824329318923441,0.9889230966984383,0.9384589291949222,0.9055732232495994,0.881535492734945,0.9725311554764905,0.9465118140306163,0.9247261710094169,0.9899814125540047,0.9760856467753648,0.9953469712673457,,0.7047823935365651,0.7237837831320606,0.7656987917354887,0.7871112063114931,0.828670343960773,0.8582431151258078,True,qapinn,4,0.01/pi,burgers,False,2025,0.44,MS_hard_burgers_n4_qapinn_s2025
,,,,,0.9821648778480353,0.9550349885930123,0.8815657885320354,0.8442998911277024,0.8174835020827608,0.9883753392215946,0.937608734094545,0.903838004887559,0.8791275753545352,0.971785927546564,0.9454583703771352,0.9234341560909793,0.988976034935362,0.9751127178254989,0.9953372309335001,,0.6864951273679276,0.7110145629136438,0.7567466866836317,0.7798019046969683,0.82520137620893,0.8550301451712854,True,qapinn,4,0.01/pi,burgers,False,2025,0.48,MS_hard_burgers_n4_qapinn_s2025
,,,,,0.9807571040461563,0.9523342216844365,0.8780282539483292,0.8397117888787309,0.8110186799748232,0.9877887828670138,0.9369223553210163,0.9024163032969762,0.8772632723592697,0.9709998235997499,0.9445429047472832,0.9225122927341837,0.9879723460276448,0.9743658706462011,0.9953604263294644,,0.6712434855058641,0.7015531125416389,0.7510246282620352,0.7746000765749909,0.8231200541393804,0.8523090757244633,True,qapinn,4,0.01/pi,burgers,False,2025,0.52,MS_hard_burgers_n4_qapinn_s2025
,,,,,0.9793502298601777,0.9495120054170746,0.8744198734415869,0.8352003270040298,0.8045365663785791,0.9871602495209743,0.9363131503944403,0.901151545087096,0.8754862961924335,0.9701133303274024,0.9436496475836912,0.9215662669565834,0.9870107931180947,0.9736998010681871,0.9953556333251146,,0.6575141687671681,0.6938907634777561,0.7471177406424662,0.770586073648585,0.821761413086698,0.8499510799173985,True,qapinn,4,0.01/pi,burgers,False,2025,0.56,MS_hard_burgers_n4_qapinn_s2025
,,,,,0.9779860011739177,0.9465860255108873,0.8706892854429278,0.8306362083956136,0.7978081910101147,0.9864817578054209,0.9356905349381406,0.8998712731227623,0.8735071086084426,0.9690835428736108,0.9426691318897654,0.9203800991670947,0.9861103697353176,0.9730649563406938,0.9953043706749695,,0.644483636563152,0.6871791499038695,0.7442679209735596,0.767372466328229,0.820824485321168,0.847893474977444,True,qapinn,4,0.01/pi,burgers,False,2025,0.6,MS_hard_burgers_n4_qapinn_s2025
,,,,,0.9767089500426279,0.9435743995465347,0.8668031695036308,0.8258989903527316,0.7906888243395849,0.9857404188568405,0.9349693382318375,0.8984073060609643,0.8711134564093683,0.9678889615570018,0.9415096907202736,0.9188223064787082,0.9852796153598374,0.9724387177962001,0.9952019706449732,,0.6316599006433563,0.6808710223537197,0.742008955362152,0.7647715237538917,0.8201498792052454,0.8460964656064593,True,qapinn,4,0.01/pi,burgers,False,2025,0.64,MS_hard_burgers_n4_qapinn_s2025
,,,,,0.9755637127752222,0.9404983958400397,0.8627528915040715,0.8208921908608684,0.7830938918522236,0.9849197068828213,0.9340761939493862,0.8966100796490218,0.8681440649487249,0.9665295136212031,0.9401030017394827,0.9168124020917928,0.984519770968015,0.9718039466366736,0.9950486828323489,,0.6187475214536319,0.6745848251513625,0.7400231139925835,0.7626642741760826,0.8196357281635495,0.8445252151515329,True,qapinn,4,0.01/pi,burgers,False,2025,0.68,MS_hard_burgers_n4_qapinn_s2025
,,,,,0.97459151586073,0.9373854559306102,0.8585566501003592,0.8155539069516174,0.7749919019436762,0.9840020658362002,0.9329538435026604,0.894357840911509,0.8644824443906238,0.9650237354286165,0.9384043942459217,0.9143063296767593,0.9838255233671003,0.9711432481638241,0.9948465492736779,,0.6055959121956409,0.6680560122286944,0.7380866277641869,0.760959328189792,0.8192121814007421,0.8431467647528293,True,qapinn,4,0.01/pi,burgers,False,2025,0.72,MS_hard_burgers_n4_qapinn_s2025
,,,,,0.9738262544388866,0.9342704507322068,0.854256864207683,0.8098608449014653,0.7663984227208256,0.9829719335676063,0.9315636786029516,0.8915619826136114,0.8600552342266932,0.9634048546729909,0.9363906456533198,0.911287440339325,0.983185660184392,0.9704373752719664,0.9945978642646106,,0.5921682241093031,0.6611146552123104,0.7360447296957,0.7595816403438963,0.8188333721682736,0.8419316111263468,True,qapinn,4,0.01/pi,burgers,False,2025,0.76,MS_hard_burgers_n4_qapinn_s2025
,,,,,0.9732910612290057,0.9311957529097469,0.8499146257116126,0.8038268016638639,0.7573663116234955,0.9818190237788432,0.929887063815094,0.8881695457658985,0.8548295887157803,0.961716697521934,0.9340565508555704,0.9077583415522514,0.9825840301733145,0.9696642165352313,0.9943040836093412,,0.5785038768592666,0.6536613134515362,0.7337878295069716,0.7584637888711236,0.818469701566524,0.8408520568179197,True,qapinn,4,0.01/pi,burgers,False,2025,0.8,MS_hard_burgers_n4_qapinn_s2025
,,,,,0.9729961180026585,0.9282092618611993,0.8456027081331713,0.7974974517044525,0.7479748335403666,0.9805408405236837,0.9279255484060879,0.8841636306538821,0.848809980241754,0.9600102186059374,0.9314119529167567,0.9037348984061435,0.982000538077389,0.9687979601006884,0.9939651522604512,,0.5646839243943155,0.6456470071245043,0.7312342694125671,0.7575402693281621,0.8181015573102227,0.8398804212792373,True,qapinn,4,0.01/pi,burgers,False,2025,0.84,MS_hard_burgers_n4_qapinn_s2025
,,,,,0.972938310957808,0.9253621140606851,0.8413998942284121,0.7909445221660497,0.7383193095902173,0.9791444353893545,0.9257005398139669,0.8795625527143647,0.8420340059616448,0.9583407558418668,0.9284794271417225,0.8992413776122539,0.9814120497521986,0.9678080329159213,0.993578974601324,,0.5507957413586627,0.6370502026958093,0.7283116873932501,0.756738619184748,0.8177106934929746,0.8389838486751875,True,qapinn,4,0.01/pi,burgers,False,2025,0.88,MS_hard_burgers_n4_qapinn_s2025
,,,,,0.9731027495573601,0.9227066144688907,0.8373883769684597,0.7842620856367952,0.7285045505338659,0.9776471375271814,0.9232529331559445,0.8744188465245384,0.8345686332299304,0.9567662966759911,0.9252934826743188,0.894307740557347,0.9807932145678225,0.9666579828923167,0.993140942065368,,0.5369051272824101,0.6278560520225488,0.7249410505811058,0.7559699777745704,0.817270880365963,0.8381174530443425,True,qapinn,4,0.01/pi,burgers,False,2025,0.92,MS_hard_burgers_n4_qapinn_s2025
,,,,,0.9734656450505651,0.9202947370707829,0.8336547117010046,0.7775663536874099,0.7186431017469976,0.9760762441837619,0.9206429921569725,0.8688188560393352,0.8265075615957547,0.95534677839108,0.9219016626495944,0.8889692988807155,0.9801173009728604,0.9653043154144265,0.9926433341960224,,0.5230359313752394,0.618037176597044,0.7210221928065949,0.7551179865337484,0.8167366679926993,0.8372147923970449,True,qapinn,4,0.01/pi,burgers,False,2025,0.96,MS_hard_burgers_n4_qapinn_s2025
,,,,,0.9739978063548389,0.9181769966845703,0.8302936363017989,0.7709993633131694,0.7088580967351134,0.974467716414782,0.9179505194494564,0.8628835544315939,0.8179702006599328,0.954144308755164,0.9183679516464803,0.8832689119476389,0.9793572144310322,0.9636952541261501,0.9920742772605153,,0.5091575656903612,0.6075371334320031,0.7164215286640062,0.7540263326658496,0.816029970734124,0.8361754012385276,True,qapinn,4,0.01/pi,burgers,False,2025,1.0,MS_hard_burgers_n4_qapinn_s2025
,,,,,0.985596147272915,0.9146095715159409,0.8469644644852221,0.8567197378586558,0.7818307827245097,0.9642772499837308,0.9083657331578094,0.908734822309857,0.8351083291339098,0.9770647755430925,0.9645686819265206,0.9112219105166586,0.9778007178912984,0.9456113060664815,0.9690186841943184,,0.9178814340649161,0.9488290894885932,0.9572282135907052,0.921014786102595,0.9369862072919618,0.9123123746919944,True,qapinn,4,0.01/pi,burgers,False,777,0.0,MS_hard_burgers_n4_qapinn_s777
,,,,,0.9851639609333032,0.9077830389402213,0.8378787570404351,0.8441707696038702,0.7564201400528706,0.9602322514945129,0.9021568989119301,0.8994359574211709,0.8131038706179755,0.9770755976217675,0.9620304669906727,0.8985170041334689,0.9791101277547735,0.9405832577426454,0.9661853534828341,,0.8945581973049549,0.9270133288401747,0.94816447977465,0.9200277748760117,0.9347102156510853,0.9138160103897511,True,qapinn,4,0.01/pi,burgers,False,777,0.04,MS_hard_burgers_n4_qapinn_s777
,,,,,0.9847949930651531,0.8999995657159467,0.8270110961365899,0.8300669981535551,0.7295737699300584,0.9551111841309797,0.8938674614600767,0.8880549869604021,0.7893425602669313,0.976684754004608,0.9586672153725727,0.885950675056228,0.9793872667736906,0.9348067687073324,0.963749381118883,,0.8652885492800716,0.8998688118911148,0.9363982531195796,0.9154427539767284,0.9300110267509946,0.912907232200341,True,qapinn,4,0.01/pi,burgers,False,777,0.08,MS_hard_burgers_n4_qapinn_s777
,,,,,0.9844961806804945,0.8914892590082819,0.8155518478063398,0.815004468667858,0.7032215725940744,0.9490588788085615,0.8845642657577056,0.8752185028113023,0.7657192215648625,0.9760726114763009,0.9544018002239526,0.874255560312012,0.9786331604916779,0.9286917258643322,0.9619876713429275,,0.8310698080498747,0.8683463475917054,0.922281544799723,0.9076973997973413,0.9225766807274149,0.9104091210913344,True,qapinn,4,0.01/pi,burgers,False,777,0.12,MS_hard_burgers_n4_qapinn_s777
,,,,,0.9842717326111634,0.8826415497496205,0.8042070635101272,0.8001261179563572,0.6794669735982847,0.9423847418574988,0.8749165442251616,0.862255252134593,0.7445201791001659,0.97519201273172,0.9500387825431029,0.8645723463431678,0.977436603424677,0.9232758905513592,0.9606570268666863,,0.7924616021054367,0.8328291106912701,0.9054324532409838,0.8969109427334852,0.9128277696442967,0.9077362040980298,True,qapinn,4,0.01/pi,burgers,False,777,0.16,MS_hard_burgers_n4_qapinn_s777
,,,,,0.9841237741803469,0.8739132920593803,0.7933020748980476,0.786778840427702,0.6596755786346791,0.9354833071217481,0.8652569844570603,0.8506750325053545,0.727269892155545,0.9739764084564353,0.9467297751404297,0.8576015605513114,0.9764627025707793,0.9193151273999318,0.9592362785617101,,0.7504125727072907,0.7939705391654899,0.8853081929394414,0.8830774733563787,0.9017130270260785,0.9061982568716577,True,qapinn,4,0.01/pi,burgers,False,777,0.2,MS_hard_burgers_n4_qapinn_s777
,,,,,0.9840529367873443,0.8657185299240162,0.7829769964325868,0.7757214800792971,0.6440189685826195,0.9287324993777148,0.8557473980479601,0.8412776727328564,0.7141266239827129,0.9724011327556221,0.9450048091940587,0.8530147142397042,0.9759079684900198,0.916706920645349,0.957277284336343,,0.7059881883080986,0.7525317825240861,0.8614004413114025,0.8660431449397655,0.8896346598753128,0.906029605960912,True,qapinn,4,0.01/pi,burgers,False,777,0.24,MS_hard_burgers_n4_qapinn_s777
,,,,,0.9840583732205028,0.8583469069698878,0.7733141956396389,0.7669183535362318,0.6320183282781858,0.9224141367386373,0.8465037769108202,0.8339733973186947,0.7044699612043716,0.9704820281456219,0.9446140233958014,0.8500166497492118,0.9755654702974125,0.9149435416534938,0.954596243252503,,0.6605732853543644,0.709680801577574,0.8337086818216324,0.8455816825855597,0.875473290567322,0.9054646640267962,True,qapinn,4,0.01/pi,burgers,False,777,0.28,MS_hard_burgers_n4_qapinn_s777
,,,,,0.9841380190012671,0.8519377625794463,0.7644170050054809,0.7598509445994889,0.6232326605451977,0.9166831254977328,0.8376758743091378,0.8281654903601361,0.6977045755101972,0.9682936905990115,0.9449201735820435,0.8481710049802691,0.975128638595278,0.9137788633830835,0.9514091122651278,,0.6166940803988673,0.6679023920439847,0.8039702512396413,0.8224630638382493,0.8578945502852675,0.9018722960542345,True,qapinn,4,0.01/pi,burgers,False,777,0.32,MS_hard_burgers_n4_qapinn_s777
,,,,,0.9842886665293324,0.8465009401750785,0.7563934605476014,0.7539309633014737,0.6174098335333759,0.9115810478955667,0.8294230270317409,0.8232204924704871,0.6934959852197919,0.9659468747846441,0.9453257235308201,0.8475901745159539,0.9743870107339045,0.9133903838469803,0.9483203959487968,,0.5779280590103137,0.6309438126709039,0.7761837760955361,0.799587240262678,0.8380805000089404,0.8945183904904837,True,qapinn,4,0.01/pi,burgers,False,777,0.36,MS_hard_burgers_n4_qapinn_s777
,,,,,0.9845059906677535,0.8419621021176424,0.749292076056124,0.7487270572370027,0.6140590517228007,0.9070739562261555,0.8218417051522446,0.8187056660775387,0.6913324589244877,0.9635372622810061,0.9454796525308276,0.8482515257739223,0.9732741650253759,0.9138494518662694,0.9458454188745873,,0.5465337422915343,0.6012885754741328,0.7537830484988809,0.7801348860970595,0.8191064639078038,0.8851697402234299,True,qapinn,4,0.01/pi,burgers,False,777,0.4,MS_hard_burgers_n4_qapinn_s777
,,,,,0.9847850238202025,0.8382127889494876,0.7430733061942372,0.7439723232090565,0.6123450362265987,0.9030944061533258,0.8149340326163363,0.8143780202440815,0.6903775690404997,0.9611195967900639,0.9452635978631236,0.8496356945346287,0.9718346268926252,0.9148013394995492,0.9440103916641169,,0.5220374400337205,0.5785336324636349,0.7370619042686632,0.7648885218988399,0.8027687360722519,0.8759443325021947,True,qapinn,4,0.01/pi,burgers,False,777,0.44,MS_hard_burgers_n4_qapinn_s777
,,,,,0.9851204843316074,0.8351510057458615,0.737630964306701,0.7394847978914258,0.6115074384110584,0.8995754506130703,0.8086296985637484,0.8100870054134677,0.6898882649301995,0.9587149998531078,0.9446789961373601,0.851184029933797,0.9701534899019475,0.9158358794516033,0.9426129799129589,,0.5028375257411791,0.5610128351999735,0.7246554862805057,0.7529991849966027,0.7892658850834946,0.8679912023511948,True,qapinn,4,0.01/pi,burgers,False,777,0.48,MS_hard_burgers_n4_qapinn_s777
,,,,,0.985507017310421,0.8327089773240668,0.732832537065249,0.7351150729085029,0.6110439901035555,0.8964731850673476,0.8028257106829496,0.8057116164175323,0.6893959110572468,0.9563283238799003,0.94375369055364,0.8525476298229122,0.968303866006156,0.9167043979186719,0.9414891761571575,,0.48759321565429753,0.5472895588861141,0.7152959487578195,0.743506533531003,0.7783128423334208,0.8616820172115284,True,qapinn,4,0.01/pi,burgers,False,777,0.52,MS_hard_burgers_n4_qapinn_s777
,,,,,0.9859393863317526,0.8308697292289248,0.7285541165578624,0.7307417678208686,0.6106559301726269,0.893779635138176,0.7974192164523763,0.8011496771734565,0.6886379569025404,0.9539604831881872,0.9425076439953146,0.8535306140383483,0.9663357756684255,0.9172742995427344,0.9405508163765787,,0.4754121654946398,0.5363850227254933,0.7081371817675807,0.7357302167817004,0.7695882801268279,0.857012517341278,True,qapinn,4,0.01/pi,burgers,False,777,0.56,MS_hard_burgers_n4_qapinn_s777
,,,,,0.9864122937204377,0.8296739652641063,0.724702032429496,0.7262845913411119,0.610180761660755,0.891528701483701,0.7923277694011559,0.7963279867811626,0.6874799092367178,0.9516131407267656,0.9409535446819065,0.8540140615480111,0.9642852051338446,0.9174682664856768,0.9397532863088163,,0.46567759035107,0.5276086294571154,0.7025800613247368,0.7291839895583472,0.7627733266887069,0.8538268793976102,True,qapinn,4,0.01/pi,burgers,False,777,0.6,MS_hard_burgers_n4_qapinn_s777
,,,,,0.9869202822232526,0.8292211235938728,0.72122370280977,0.7217115090599607,0.6095559158051019,0.8897981775801835,0.7874996579282872,0.7912087526175517,0.6858739447069617,0.9492871549194828,0.939102781991966,0.8539206427890316,0.9621827467148119,0.9172418389622834,0.9390658308269957,,0.4579058511564531,0.5204141998257852,0.6981145138135714,0.7234744876788546,0.7575330042908562,0.8519219127350972,True,qapinn,4,0.01/pi,burgers,False,777,0.64,MS_hard_burgers_n4_qapinn_s777
,,,,,0.9874574347023719,0.829664462980356,0.7181120966462698,0.7170362758505057,0.6087957815764992,0.8887086414987898,0.7829200267731468,0.7857892875752578,0.6838363362490448,0.9469778378148622,0.9369646959677689,0.8531949508762527,0.9600567309158783,0.916575640019599,0.9384533326577758,,0.45168386360810375,0.5143392073721714,0.6942502424026139,0.7182579338846082,0.7535188313307116,0.851089779231584,True,qapinn,4,0.01/pi,burgers,False,777,0.68,MS_hard_burgers_n4_qapinn_s777
,,,,,0.988017359783198,0.8312014888797609,0.7154086242796317,0.7123108158509369,0.6079702603451655,0.8884190861063905,0.7786162806775062,0.7800977975050291,0.6814298584434897,0.9446688075432813,0.9345372369309894,0.8517830284025123,0.9579326255862302,0.9154666422939269,0.9378685986446916,,0.44665334338699114,0.5089932933391857,0.6905058563540637,0.7132379272999707,0.7503925490043367,0.8511362913286712,True,qapinn,4,0.01/pi,burgers,False,777,0.72,MS_hard_burgers_n4_qapinn_s777
,,,,,0.9885930916621382,0.8340564785442423,0.713207370963175,0.7076182180178818,0.6071852317716444,0.8891168355564779,0.7746662723369993,0.7741910650633428,0.6787511196048155,0.9423272794540927,0.931792029563238,0.8496110156242994,0.9558314165514192,0.9139174112845854,0.937253275423355,,0.44251712188391884,0.5040683265400394,0.6864218067967993,0.7081783361892722,0.7478570374675919,0.8518874834982177,True,qapinn,4,0.01/pi,burgers,False,777,0.76,MS_hard_burgers_n4_qapinn_s777
,,,,,0.989177252276054,0.838453763052415,0.711662539431026,0.7030690436412422,0.6065686870320255,0.8909989330376423,0.7712094927898209,0.7681550296103461,0.6759237185180039,0.9399024223371165,0.928657071959508,0.8465685072657596,0.9537683237154106,0.9119283927534729,0.9365461759665724,,0.43904499809175257,0.49934576454607393,0.6815747037581142,0.7029180210500504,0.7456864966471551,0.8531945743373912,True,qapinn,4,0.01/pi,burgers,False,777,0.8,MS_hard_burgers_n4_qapinn_s777
,,,,,0.9897622340885038,0.8445784670224975,0.711000034908371,0.698803621525429,0.6062658067741455,0.8942417131181236,0.7684619501309041,0.7621107367122488,0.673098824541935,0.9373301716722954,0.9250021610892566,0.8425027161894327,0.9517521853619298,0.9094968430124859,0.9356969816589921,,0.4360719700900769,0.49469285459637874,0.6755796545792507,0.6973730184892322,0.743744853002776,0.8549337362620936,True,qapinn,4,0.01/pi,burgers,False,777,0.84,MS_hard_burgers_n4_qapinn_s777
,,,,,0.9903403274422006,0.8525243717001305,0.7115328159889591,0.6950011964763481,0.6064430201269081,0.8989574328407534,0.7667336876456436,0.7562265672472933,0.6704618136366731,0.9345490304508347,0.9206337863899171,0.8372281350744669,0.9497842695158378,0.906621106755522,0.9346823851465543,,0.43348980939723647,0.4900463751211254,0.6680714955531735,0.6915065691145185,0.7419771311973108,0.856991507778635,True,qapinn,4,0.01/pi,burgers,False,777,0.88,MS_hard_burgers_n4_qapinn_s777
,,,,,0.9909037914439423,0.8622348097103452,0.7136806918280092,0.6918971032808559,0.6072991463442536,0.9051425008161412,0.7664487790091754,0.7507385120387129,0.6682427239267403,0.931534323188158,0.9153100953312127,0.8305577331527895,0.9478541519812879,0.9033039827976167,0.9335225528461787,,0.43124374055302606,0.48539377610765,0.6586716645875584,0.6852503180628559,0.7403646828805082,0.8592305581976275,True,qapinn,4,0.01/pi,burgers,False,777,0.92,MS_hard_burgers_n4_qapinn_s777
,,,,,0.9914448991289593,0.8734519843463315,0.7179953109129569,0.6898128303369582,0.6090790686823099,0.9126307276952973,0.7681682872956123,0.7459847210768235,0.6667269557987829,0.9283604696688242,0.9087926021504895,0.8223628662482394,0.9459289854051874,0.8995445775064508,0.9322960288689195,,0.42935058293068523,0.48077180364197175,0.6469838380487322,0.6783842309043193,0.7388587872255115,0.8614456877676192,True,qapinn,4,0.01/pi,burgers,False,777,0.96,MS_hard_burgers_n4_qapinn_s777
,,,,,0.9919560519460623,0.8856981186709344,0.7251870998540253,0.6892194285000732,0.6120805719889942,0.921072827996753,0.7726145627616225,0.7424759169730242,0.6662594271019805,0.9252979107528896,0.9009648194625619,0.812667107287646,0.9439336790628752,0.8953091013117668,0.9311504240162984,,0.42793281832788616,0.4762928930392711,0.6326914801659353,0.6704279109900887,0.7373359150330054,0.8633333137635791,True,qapinn,4,0.01/pi,burgers,False,777,1.0,MS_hard_burgers_n4_qapinn_s777
,,,,,0.9697965098562483,0.9440850702356186,0.9113129322124301,0.8436482921408865,0.8354707540427885,0.9831680360310048,0.9436585749334641,0.8774562730383445,0.8404491953143917,0.9722653012697845,0.920738356654772,0.8628066478714896,0.9769704153430274,0.9382047770061317,0.9503880238510979,,0.8633988473313736,0.9280245115742808,0.9300916834702261,0.9319518167844691,0.9130327210183221,0.8497281151304884,True,qapinn,5,0.01/pi,burgers,False,1234,0.0,MS_hard_burgers_n5_qapinn_s1234
,,,,,0.9688657504055647,0.943223570950036,0.9104653118022638,0.8432441965467452,0.8373709692375055,0.9828363854738088,0.9431291312486225,0.8760010963820075,0.840123834106999,0.972790195103557,0.9198246279930419,0.8639496533039721,0.9772418876233879,0.9371839451666046,0.9520542673416774,,0.852528504558194,0.9184560364527741,0.9227638286275267,0.9332001204707195,0.9192216027442239,0.85917575837026,True,qapinn,5,0.01/pi,burgers,False,1234,0.04,MS_hard_burgers_n5_qapinn_s1234
,,,,,0.9677478253697028,0.9421898755607866,0.9089397225353872,0.8420189788746365,0.8390474113084748,0.9824939993605577,0.9424433091841535,0.8741328859774289,0.8400030496355766,0.9731668070067329,0.9185751319603698,0.8650742832174826,0.9773065796325717,0.9363935890949179,0.9537374269546836,,0.8407836616195591,0.9078158085819104,0.9149538182997248,0.9342716026912863,0.9243884550300512,0.8692670051637633,True,qapinn,5,0.01/pi,burgers,False,1234,0.08,MS_hard_burgers_n5_qapinn_s1234
,,,,,0.9663431518277296,0.9407600881855865,0.9063878323107213,0.8395633857889905,0.8398946830887503,0.982101865528673,0.9415124890030977,0.8717301064772758,0.8399079301397643,0.9733565183788472,0.9168698443158242,0.8660555709933943,0.9770808220657429,0.9357938147036362,0.9555505805334036,,0.8273119115332673,0.8957444869738733,0.9065915016889814,0.935134097386963,0.9288671751861668,0.8801254087319508,True,qapinn,5,0.01/pi,burgers,False,1234,0.12,MS_hard_burgers_n5_qapinn_s1234
,,,,,0.9645628894591292,0.9387402788355681,0.9025623034640211,0.8356076399738261,0.8392184928261859,0.9816207553573524,0.9402802067000577,0.8687613390938151,0.8396012892154664,0.9733351718550655,0.9146264544410342,0.8667363220886638,0.9764847431785417,0.935340764134507,0.957606951901603,,0.8111081978054463,0.8816835818212959,0.8972957491747098,0.9354697571162011,0.933014147399679,0.8918132082956264,True,qapinn,5,0.01/pi,burgers,False,1234,0.16,MS_hard_burgers_n5_qapinn_s1234
,,,,,0.9623462618282577,0.9360056928571064,0.8974180926835826,0.8301336424947402,0.8362373544139035,0.9810187451386093,0.9387612674371506,0.8653625858573065,0.8387532780882277,0.9731082745418114,0.9118636383558861,0.8669072749408367,0.9754724653242757,0.9349889034091965,0.960018219323,,0.7912409631239686,0.8649949785080341,0.8863658068596773,0.934619745940337,0.9370834632969213,0.9042947618455635,True,qapinn,5,0.01/pi,burgers,False,1234,0.2,MS_hard_burgers_n5_qapinn_s1234
,,,,,0.9596748446991719,0.9325269210343937,0.8911869003594594,0.8234655142963322,0.830073571301533,0.9802781154845536,0.9370751325890742,0.8618972443376225,0.8368670230076102,0.9727331387256003,0.9087689321197563,0.8662683462219055,0.9740726867611388,0.9346358683048311,0.9628937700207639,,0.7670661821557728,0.8450958353818293,0.8728260683657951,0.9315018070044492,0.9410160529240548,0.9173814160428214,True,qapinn,5,0.01/pi,burgers,False,1234,0.24,MS_hard_burgers_n5_qapinn_s1234
,,,,,0.9565797098900237,0.9283747164634272,0.8843623204128822,0.8163032868704792,0.8198732234825854,0.9794002297185057,0.9354413099994687,0.8589308223089408,0.8332253726006185,0.9723330202523907,0.9057242283057243,0.8643748217764611,0.9724153034792729,0.9339274802734172,0.9662344290499009,,0.7384195849350715,0.8216292284887425,0.8555962622900959,0.9245257135795929,0.9440180362429388,0.930501671648147,True,qapinn,5,0.01/pi,burgers,False,1234,0.28,MS_hard_burgers_n5_qapinn_s1234
,,,,,0.9531390758787063,0.9237016435612551,0.8775440809990446,0.8096199645437044,0.8057482809204557,0.9784070603564471,0.9341040672443585,0.857009434849247,0.8274486687668263,0.9720751016463623,0.9032075201419253,0.8609740823552424,0.9706999161542919,0.9321879705735822,0.9695792748321086,,0.7061243264997116,0.7950699255836939,0.8342369730225001,0.9119910674430503,0.9440251713498476,0.942043053722003,True,qapinn,5,0.01/pi,burgers,False,1234,0.32,MS_hard_burgers_n5_qapinn_s1234
,,,,,0.949467122290236,0.9187073694447264,0.8711912254250387,0.8042859558920977,0.790755351454789,0.9773384800660995,0.933208118365767,0.8563212080039937,0.8213122091824775,0.9721034719300252,0.9016001012195146,0.8574172487525049,0.969115577636474,0.9294949515379872,0.9720528086151723,,0.6734703822820693,0.7685603320060782,0.811205809421283,0.894545427794687,0.9389953973804709,0.9492300712571893,True,qapinn,5,0.01/pi,burgers,False,1234,0.36,MS_hard_burgers_n5_qapinn_s1234
,,,,,0.9456972066090732,0.9136004700755326,0.8654630227805495,0.8005415339213299,0.7792679259746722,0.9762458224892919,0.9327240886270839,0.856703788958738,0.8181879959963988,0.9724713847856592,0.901084981544487,0.8563536353400493,0.9677687190814106,0.9273131976721746,0.9734847443876233,,0.6459740841158882,0.74798210356237,0.7924875806379593,0.8774659854674488,0.9309968839143582,0.9512653304938878,True,qapinn,5,0.01/pi,burgers,False,1234,0.4,MS_hard_burgers_n5_qapinn_s1234
,,,,,0.9419640482996764,0.9085689283427847,0.8602743399996666,0.7980149422198014,0.7720177583673488,0.9751829381912853,0.9324923672251937,0.8579705612285797,0.8189152020955011,0.9731309964301718,0.9016389511269601,0.8582748056054863,0.9666474424020872,0.9261382189843304,0.9742169337372479,,0.6255049548595017,0.7353975863545981,0.780757364632669,0.8643592585653613,0.9234429140296961,0.9503749577398378,True,qapinn,5,0.01/pi,burgers,False,1234,0.44,MS_hard_burgers_n5_qapinn_s1234
,,,,,0.938389104805648,0.9037655271565846,0.8554691752833483,0.7962231506784082,0.7673758012329434,0.9741969105113115,0.9323231797685952,0.8599448715980311,0.8222856146522889,0.9739738533051067,0.9030579789942456,0.8620175592890791,0.9656708425443283,0.9254262012158698,0.9744702888938956,,0.609862948986421,0.7282111943043338,0.773839499409333,0.8541160855095544,0.9167317999898845,0.9482807367764309,True,qapinn,5,0.01/pi,burgers,False,1234,0.48,MS_hard_burgers_n5_qapinn_s1234
,,,,,0.9350714031528107,0.8993066740431421,0.8509412590507468,0.794803822514511,0.7640300312135739,0.9733207732974127,0.9320568631201435,0.8623669059687685,0.8271220592809987,0.9748743710974582,0.9050600238263775,0.8666266908162206,0.9647666063461244,0.9248063928929384,0.9744242083999196,,0.5971169239049892,0.7239986136408283,0.7695135861412897,0.8452338240283471,0.9104741265941896,0.9457127562484705,True,qapinn,5,0.01/pi,burgers,False,1234,0.52,MS_hard_burgers_n5_qapinn_s1234
,,,,,0.9320842391608596,0.8952791955686946,0.846658447973124,0.793538231052086,0.7612936426855106,0.972569944664004,0.9315706039377954,0.8649509612390007,0.8326046799588299,0.9757142253424593,0.907394334527147,0.8715330192843374,0.9639121921962822,0.9241477578904601,0.9742065932714714,,0.5863428925488334,0.7214642734059935,0.7666453881842652,0.8370882285110719,0.9045843677921408,0.9430210319948752,True,qapinn,5,0.01/pi,burgers,False,1234,0.56,MS_hard_burgers_n5_qapinn_s1234
,,,,,0.9294764093917928,0.8917492698499657,0.8426414781540394,0.7923326633186442,0.7588653086872921,0.9719427416292044,0.9307672528784096,0.867456279800923,0.8381746150880697,0.9763929586541142,0.9098755907657202,0.8763883942279037,0.9631254480825409,0.9234225386058448,0.9738977650474872,,0.5770920442398203,0.7198896719432814,0.7646518624546205,0.8294712268597941,0.8990801208889342,0.9403641215755045,True,qapinn,5,0.01/pi,burgers,False,1234,0.6,MS_hard_burgers_n5_qapinn_s1234
,,,,,0.9272761015552086,0.8887698186383419,0.8389396501790146,0.7911798873677788,0.7566579586169435,0.9714239372580321,0.9295689026891548,0.8697052999028142,0.8434629427950013,0.9768324846689805,0.9123720653580336,0.8809792991219134,0.9624368795729462,0.9226465543206933,0.9735548094267155,,0.5691005772036924,0.7188111187929273,0.7631577628302595,0.8222789759531497,0.8939494906228408,0.9377858706784918,True,qapinn,5,0.01/pi,burgers,False,1234,0.64,MS_hard_burgers_n5_qapinn_s1234
,,,,,0.9254955517760798,0.8863846667470896,0.835614615419603,0.7901219480445377,0.7546956122632096,0.970989572029517,0.927917719210266,0.8715782162723771,0.8482399182625058,0.9769787370882768,0.9147896076135017,0.8851823572501383,0.9618706771098755,0.9218525520872486,0.9732259930715417,,0.562189777909357,0.7179083932863686,0.7618847312955583,0.8154221036280074,0.8891466739792928,0.9352730337191351,True,qapinn,5,0.01/pi,burgers,False,1234,0.68,MS_hard_burgers_n5_qapinn_s1234
,,,,,0.9241351173347465,0.8846299190635497,0.8327292484984157,0.7892220220855823,0.7530473560751493,0.9706117924838463,0.9257787078027497,0.873002825407188,0.8523723162101132,0.976800559160305,0.9170604825583979,0.8889327209323832,0.961437450095104,0.9210751093388743,0.9729556280033638,,0.5562279703958768,0.7169631953421063,0.7606227129815794,0.8088165132346088,0.8846168109868335,0.9327941804574481,True,qapinn,5,0.01/pi,burgers,False,1234,0.72,MS_hard_burgers_n5_qapinn_s1234
,,,,,0.9231861332326579,0.883532762267352,0.8303394964977804,0.7885466594446523,0.7517898810703028,0.970262330536904,0.9231422295066232,0.8739461612213205,0.8557944165594413,0.976288210513354,0.9191381270186387,0.8922048243390047,0.9611344122927185,0.9203444421467372,0.9727846925269068,,0.5511139917455914,0.7158397944309841,0.7592224010117359,0.8023899528883477,0.8803129174705313,0.9303189370973989,True,qapinn,5,0.01/pi,burgers,False,1234,0.76,MS_hard_burgers_n5_qapinn_s1234
,,,,,0.9226324325760717,0.8831091035352201,0.8284870423004284,0.7881513535531679,0.7509834941274594,0.9699147165762232,0.9200236978074326,0.8744055170362298,0.8584854625159836,0.9754508160042902,0.9209923146903626,0.8949968470328837,0.9609477553711955,0.9196827532617471,0.9727489785175053,,0.5467622335621726,0.7144636173385487,0.7575826212993005,0.7960835330730102,0.8762024546165639,0.9278243879659991,True,qapinn,5,0.01/pi,burgers,False,1234,0.8,MS_hard_burgers_n5_qapinn_s1234
,,,,,0.9224508994082271,0.8833605180744388,0.8271937692354632,0.7880699951989998,0.750660414334417,0.969545136868287,0.9164615465440084,0.8743998260650678,0.8604558586269995,0.9743140509963636,0.9226051952263149,0.897321376603263,0.9608555393284954,0.9191034115981098,0.9728766119643417,,0.5430934985649862,0.7128044959584299,0.7556389774742212,0.7898509689564845,0.8722677393499172,0.9252945704764762,True,qapinn,5,0.01/pi,burgers,False,1234,0.84,MS_hard_burgers_n5_qapinn_s1234
,,,,,0.9226113947839216,0.8842716626343484,0.8264579079605983,0.788305969871865,0.7508178480720985,0.9691326012296395,0.912513140390598,0.8739603852658328,0.861736278233083,0.9729171509321851,0.9239662513284643,0.8991973933219107,0.9608296679009892,0.9186100321918279,0.9731857634069792,,0.540027245904873,0.7108607903723775,0.7533518392030945,0.7836563121130969,0.8685044475880381,0.9227182876542098,True,qapinn,5,0.01/pi,burgers,False,1234,0.88,MS_hard_burgers_n5_qapinn_s1234
,,,,,0.9230766638327376,0.8858082510293522,0.8262530594535449,0.7888284398836155,0.7514191861334094,0.968658588028634,0.9082506523258799,0.8731232359964595,0.8623729789059547,0.9713102537630199,0.925068288365854,0.9006473981976091,0.9608377653605407,0.9181983695338396,0.9736837961336657,,0.5374796118847945,0.7086508008541181,0.750700323224888,0.7774745324177512,0.8649183907201998,0.9200866644788475,True,qapinn,5,0.01/pi,burgers,False,1234,0.92,MS_hard_burgers_n5_qapinn_s1234
,,,,,0.9238025504172828,0.887916780448646,0.8265296390750493,0.7895723261879337,0.7523972823177364,0.9681069462678566,0.9037565294468841,0.8719225504970417,0.862423138737791,0.9695508833383231,0.9259029131109846,0.901694483752762,0.9608445425739623,0.9178587558592113,0.9743680107864353,,0.5353625971513052,0.7062055700664844,0.7476775986740782,0.771294022572754,0.8615227016270348,0.9173925060856779,True,qapinn,5,0.01/pi,burgers,False,1234,0.96,MS_hard_burgers_n5_qapinn_s1234
,,,,,0.9247388655431643,0.8905255309538141,0.8272190211313976,0.7904457675588294,0.7536649086106262,0.9674638863502012,0.8991198723249005,0.8703874595746285,0.8619548234958472,0.967700645315083,0.926458358581512,0.902364155868804,0.9608143968458254,0.9175828629368897,0.9752282699762104,,0.5335896500724501,0.7035691438872698,0.7442939057159668,0.7651255873445154,0.858334670182771,0.9146302048816256,True,qapinn,5,0.01/pi,burgers,False,1234,1.0,MS_hard_burgers_n5_qapinn_s1234
,,,,,0.9481005881738886,0.8811983904115928,0.8629154725119478,0.7913998962736313,0.7879088149258545,0.9652195687380327,0.9369379674068736,0.8647767185408332,0.8385238710652823,0.9904789151017889,0.9349966522730551,0.9025484704963094,0.946858440894189,0.9144507560048855,0.9674529628058675,,0.7031026728939995,0.803268716859944,0.8821848059977863,0.8901579962155626,0.8333702002074693,0.8563566307386175,True,qapinn,5,0.01/pi,burgers,False,2025,0.0,MS_hard_burgers_n5_qapinn_s2025
,,,,,0.9462286198079949,0.8803685990640154,0.8630155218170604,0.7941218976401145,0.7724328422814458,0.9660512605775774,0.935861616326305,0.866230219943667,0.8251941670595859,0.9887539259504736,0.9358325873302539,0.8929170292615327,0.949630831673394,0.9076394407561558,0.9646023802717769,,0.6641685820665801,0.7694284132280854,0.8606159581086326,0.874808489704132,0.8329442828314287,0.8559003214167994,True,qapinn,5,0.01/pi,burgers,False,2025,0.04,MS_hard_burgers_n5_qapinn_s2025
,,,,,0.9443559898861195,0.8798059931034194,0.8628739690349031,0.7973824785308564,0.7573827733906183,0.9670210492472469,0.9347957676729114,0.8681125292925127,0.8124000417734928,0.9869082054462471,0.9365694161300018,0.8834662776110811,0.9523807516894723,0.9011420208910405,0.9616954172411858,,0.6251252815639612,0.7341163677177849,0.8365883223150706,0.8575998670946606,0.8317152427091598,0.8566177400031869,True,qapinn,5,0.01/pi,burgers,False,2025,0.08,MS_hard_burgers_n5_qapinn_s2025
,,,,,0.9425147136253114,0.8794270372110943,0.8624920393662056,0.80066871189695,0.7434326121457383,0.968056321165578,0.9338078670357562,0.8702557745365823,0.8005828332210523,0.9850463521401801,0.9372482799574167,0.8745791376972959,0.9550368046623127,0.895217575356273,0.9588862027939355,,0.5876157850261587,0.6984500546331636,0.8104832215292884,0.8387740883709811,0.8296097807571646,0.8587574946980263,True,qapinn,5,0.01/pi,burgers,False,2025,0.12,MS_hard_burgers_n5_qapinn_s2025
,,,,,0.940725343634573,0.8791672130238015,0.8618858275132438,0.8036517693605382,0.7310134547611806,0.9691064338966802,0.9329411126103757,0.8725224638619549,0.78992229677527,0.9832401351610366,0.9378719706598795,0.8663543929056067,0.9575219006888244,0.889904878841995,0.9561841584349662,,0.5525756286379139,0.663202364680404,0.7826622482975008,0.8185916341903093,0.826536135522866,0.8622387895062255,True,qapinn,5,0.01/pi,burgers,False,2025,0.16,MS_hard_burgers_n5_qapinn_s2025
,,,,,0.93899843697561,0.8789885969740083,0.8610755011370929,0.8061881797757255,0.7203779350695085,0.9701429950858053,0.9322189975073,0.8748136286938489,0.7804613117075544,0.9815350969742921,0.9384198668947394,0.8587434022777739,0.9597543583282413,0.8850952852983853,0.9535158283788585,,0.5203404415583832,0.6288152299545301,0.7534265120126422,0.7972836909441063,0.8223374515456451,0.8666706793109935,True,qapinn,5,0.01/pi,burgers,False,2025,0.2,MS_hard_burgers_n5_qapinn_s2025
,,,,,0.9373359625387784,0.8788782100634133,0.860089013252803,0.8082908455297174,0.711702408736472,0.9711562367672573,0.9316582150819224,0.8770830266539675,0.7722631370279245,0.9799590697258371,0.9388696950759765,0.8517246843219638,0.9616504822185982,0.880639481967994,0.9508180664169534,,0.49087789684146216,0.5955322802409418,0.7230356894159613,0.7749964391754391,0.8167906343882831,0.8715068848456555,True,qapinn,5,0.01/pi,burgers,False,2025,0.24,MS_hard_burgers_n5_qapinn_s2025
,,,,,0.9357324137863022,0.8788405005092542,0.8589705081123457,0.8101000951113168,0.7052254192287568,0.9721497553583582,0.9312823807086532,0.8793580605772424,0.7655622258435134,0.9785301353428398,0.9392278954921691,0.8454734151319241,0.9631412987770762,0.8764724497669615,0.9481078998417187,,0.46403111590736473,0.5635597205149369,0.6917621852128885,0.7516689276294347,0.809426347768197,0.8759320112835582,True,qapinn,5,0.01/pi,burgers,False,2025,0.28,MS_hard_burgers_n5_qapinn_s2025
,,,,,0.9341756062537296,0.8788866254442136,0.8577814000218793,0.8118706114731498,0.7014563192403157,0.9731346710951384,0.9311265715698257,0.8817642242999046,0.760936620890888,0.9772607234953531,0.9395715299557381,0.8405679821518489,0.96421346499246,0.8728271792549694,0.9455554427172163,,0.4399617589793042,0.5335070462530928,0.6603631894862669,0.7272655438089941,0.7993504619191395,0.8783181045572859,True,qapinn,5,0.01/pi,burgers,False,2025,0.32,MS_hard_burgers_n5_qapinn_s2025
,,,,,0.9326477435504379,0.8790247469929166,0.8565898756985068,0.8139506643384811,0.7012154107731587,0.9741248181599734,0.9312289320594291,0.8845305864189378,0.7593016031157193,0.9761562224623584,0.9400814620282801,0.8380273282334791,0.9649617528908672,0.8703998883699521,0.9435144923728728,,0.4200557937375453,0.5074231842226473,0.631438532348628,0.7033069046430876,0.7864613535410653,0.8766796991271465,True,qapinn,5,0.01/pi,burgers,False,2025,0.36,MS_hard_burgers_n5_qapinn_s2025
,,,,,0.9311269945445917,0.8792526897225932,0.8554511267299925,0.8166419304030649,0.7048836302357394,0.9751329352602185,0.9316113841117081,0.8878829209687925,0.7611320414878692,0.9752087775257554,0.9409673209660495,0.838490336367327,0.9655646585505616,0.8697726839942622,0.9422264769962587,,0.406677686039627,0.4884317824837214,0.6091721741816648,0.6836064560931115,0.7733271261413684,0.8713749572744782,True,qapinn,5,0.01/pi,burgers,False,2025,0.4,MS_hard_burgers_n5_qapinn_s2025
,,,,,0.9295899207786231,0.8795547554903781,0.8543877549820653,0.8199561706728333,0.711662354824589,0.9761684331094548,0.9322598252599691,0.8918314028480031,0.7657122417051606,0.9743912545575899,0.9422679965030988,0.841331797145065,0.9661467149361435,0.8705869448890838,0.9414633009163329,,0.40033173270807276,0.477269004208172,0.5949724081429455,0.6701850128722825,0.7623420839517672,0.8647752921973739,True,qapinn,5,0.01/pi,burgers,False,2025,0.44,MS_hard_burgers_n5_qapinn_s2025
,,,,,0.9280147485416648,0.8799022056679814,0.8533823743236293,0.8235981081668864,0.7203393078749017,0.9772362094428159,0.933117317734016,0.8961435961386344,0.7719037437226661,0.9736596482557348,0.9438065824020969,0.8454172508439003,0.9667263063417982,0.8720706741158941,0.9408383381235419,,0.3993332959833135,0.47197072818176494,0.5867926232187726,0.6617252066784404,0.7533345637152788,0.8581732316491135,True,qapinn,5,0.01/pi,burgers,False,2025,0.48,MS_hard_burgers_n5_qapinn_s2025
,,,,,0.9263852085048214,0.8802568731246213,0.8523928480872961,0.8271967895976612,0.7301213019456452,0.978336399765767,0.9341015532490275,0.9005381750133987,0.7789733996045657,0.9729700241723278,0.9453583329238375,0.8499905529648945,0.9672901306833006,0.8737514135317204,0.9401551905229694,,0.4020175552741549,0.4706060332268927,0.5824467988585106,0.6565404177322686,0.7456036565653994,0.8518150289338622,True,qapinn,5,0.01/pi,burgers,False,2025,0.52,MS_hard_burgers_n5_qapinn_s2025
,,,,,0.9246944749701826,0.8805763970315469,0.851387419357091,0.8304828797994748,0.7406258254842414,0.979464487707651,0.9351411846268544,0.9048329128506024,0.7865803369676903,0.9723034098949094,0.9467872434700944,0.8546813898067532,0.9678369269626362,0.8754302615223346,0.9393763004235017,,0.4073546207364809,0.47202982858258913,0.5806180115426184,0.6536170299897978,0.7388563821956083,0.8456679783724619,True,qapinn,5,0.01/pi,burgers,False,2025,0.56,MS_hard_burgers_n5_qapinn_s2025
,,,,,0.922948693559636,0.8808198821621542,0.850377851871621,0.8333317745517413,0.751665647259304,0.9806115373205927,0.9362059187278045,0.9089686097232456,0.7945675446990874,0.9716793102196009,0.9480677154325108,0.8593061182101117,0.9683718526277296,0.877002999521363,0.9385184880191023,,0.41468495777795855,0.47556217695207775,0.5805169429132403,0.6523010419287559,0.7329995744592299,0.8396233811273196,True,qapinn,5,0.01/pi,burgers,False,2025,0.6,MS_hard_burgers_n5_qapinn_s2025
,,,,,0.9211694979635034,0.8809528666448837,0.8494245999472104,0.8357320247838649,0.7631213872568081,0.981764429583123,0.9373066716846592,0.9129642959827114,0.8028485755025755,0.9711446094119526,0.9492404652848745,0.8637637049185148,0.9688977170386985,0.8783927082672522,0.9375971065086176,,0.423530917308071,0.4807547699433577,0.5816190689985824,0.6520812715610147,0.7279612200260293,0.8335482399654834,True,qapinn,5,0.01/pi,burgers,False,2025,0.64,MS_hard_burgers_n5_qapinn_s2025
,,,,,0.9193950993143913,0.8809506987532775,0.8486097238955451,0.8377298611577795,0.7748838269324265,0.9829059953940559,0.9384691547821485,0.9168586462616322,0.8113656062363782,0.9707469599698161,0.9503594000041214,0.8679985436271643,0.9694152977392206,0.8795490516885596,0.9366134202392304,,0.43351429876681036,0.4872842040183114,0.5835501383400615,0.6525419883491672,0.7236395250629043,0.8273053608302744,True,qapinn,5,0.01/pi,burgers,False,2025,0.68,MS_hard_burgers_n5_qapinn_s2025
,,,,,0.9176798515025384,0.8807999066200781,0.8479967191068861,0.8393832676066232,0.7868222371025358,0.9840149951388475,0.9397043516971217,0.9206720826673892,0.8200723516951681,0.970512841606313,0.9514621225242117,0.8719860760012155,0.9699268349368934,0.8804577162202178,0.9355648358754635,,0.4443172597148747,0.4948978644510582,0.5860321978467067,0.653360940292638,0.7199063403450268,0.8207652335823856,True,qapinn,5,0.01/pi,burgers,False,2025,0.72,MS_hard_burgers_n5_qapinn_s2025
,,,,,0.9160922097201248,0.8804974739225616,0.8475973814815897,0.840736420448253,0.7987648018766482,0.9850659013804064,0.9409919755821131,0.9243950574308538,0.8289246890096824,0.9704400562733034,0.9525647325092257,0.8757271831902984,0.9704383917221427,0.8811423931104514,0.9344584802904842,,0.4556656899951886,0.5033861801719098,0.5888578418955042,0.654306780133414,0.7166248254527693,0.8138240229245495,True,qapinn,5,0.01/pi,burgers,False,2025,0.76,MS_hard_burgers_n5_qapinn_s2025
,,,,,0.9147114079074622,0.8800486855512238,0.8473561401781847,0.8418071302024239,0.810491830325241,0.9860288389315074,0.9422778887763235,0.9279888660545548,0.8378745506151271,0.9705017296871071,0.9536655968854357,0.8792463462055767,0.9709599748355605,0.881660062614348,0.9333184690080437,,0.4673217100773504,0.5125671818764442,0.5918762756137217,0.6552314813043532,0.7136665851719094,0.8064241784571285,True,qapinn,5,0.01/pi,burgers,False,2025,0.8,MS_hard_burgers_n5_qapinn_s2025
,,,,,0.9136232260390914,0.8794642602817606,0.8471541192297773,0.8425796182094316,0.8217437674842021,0.9868696607363224,0.9434793241010367,0.9313878302792782,0.8468655295379636,0.9706551143379609,0.9547487010913027,0.8825905418241253,0.971503271511794,0.8820920650748479,0.9321854661296394,,0.47907564854878576,0.5222755751904787,0.594983641754699,0.6560589546604517,0.7109250318279093,0.7985679388698483,True,qapinn,5,0.01/pi,burgers,False,2025,0.84,MS_hard_burgers_n5_qapinn_s2025
,,,,,0.9129151270738219,0.8787578308016795,0.8468304238351544,0.8430008048235956,0.8322413569839312,0.9875504819380202,0.9444934390942484,0.9345001980752171,0.8558283726558851,0.9708505015541951,0.955785231161065,0.8858251658509997,0.9720777175717454,0.8825320049414455,0.9311095992134805,,0.49073589101189463,0.532355140987461,0.5981162009955309,0.6567708910965148,0.7083270161021941,0.7903177617000217,True,qapinn,5,0.01/pi,burgers,False,2025,0.88,MS_hard_burgers_n5_qapinn_s2025
,,,,,0.9126710062472984,0.8779448678738655,0.8462128581660208,0.8429824018659126,0.8417104187458982,0.9880310048943824,0.9452066587983528,0.9372097119930494,0.8646740205142637,0.9710377211550345,0.9567355489415227,0.8890241297184645,0.9726868747176586,0.8830712453978125,0.9301390477156546,,0.5021208648729387,0.5426579402089201,0.6012497353219092,0.6573939569002268,0.7058468868954509,0.7817871170876647,True,qapinn,5,0.01/pi,burgers,False,2025,0.92,MS_hard_burgers_n5_qapinn_s2025
,,,,,0.9129656554860205,0.877043895480109,0.8451482463107077,0.8424122527803524,0.8499048540174782,0.9882711219350305,0.9455039248571306,0.9393809057253568,0.8732853490156912,0.9711694966709445,0.9575530633574216,0.8922547363651195,0.9733272317072645,0.8837838952641711,0.9293081465095101,,0.513056506100421,0.5530514774902296,0.6044058928786337,0.6579929626351824,0.703522467272207,0.7731274322748065,True,qapinn,5,0.01/pi,burgers,False,2025,0.96,MS_hard_burgers_n5_qapinn_s2025
,,,,,0.913858866831228,0.8760800911955252,0.8435251352221221,0.8411761291632945,0.8566243261948104,0.9882347742319648,0.9452773350536536,0.9408696990301691,0.8815124184369023,0.9712022014708313,0.9581899253023773,0.8955628960625261,0.9739897879683429,0.8847147518187363,0.9286299893397534,,0.5233835680646222,0.5634363601340157,0.6076691198841975,0.6586747144480899,0.7014711813438388,0.7645237309379029,True,qapinn,5,0.01/pi,burgers,False,2025,1.0,MS_hard_burgers_n5_qapinn_s2025
,,,,,0.8983370972909515,0.7932767273785096,0.7898301638834209,0.8205064414277334,0.7773943520157083,0.9676225098291499,0.9285450177959479,0.9148835793358836,0.8731500980299541,0.9694231582988574,0.9357485112058233,0.9103775973882062,0.9800445396725457,0.9669366609672404,0.9875254479870285,,0.8773205902864188,0.7705987434400406,0.7115574994325192,0.7935945823903443,0.8637880426021174,0.8668174508319231,True,qapinn,5,0.01/pi,burgers,False,777,0.0,MS_hard_burgers_n5_qapinn_s777
,,,,,0.9074852215097108,0.8091985047864,0.8023958306461093,0.8268884953218666,0.7895456360769647,0.9686580948174043,0.9310903345410686,0.9178021250037602,0.8780219838211906,0.9721502679965466,0.9417485522464927,0.9155016348404277,0.9816155455173297,0.9681828973056403,0.9887761916238686,,0.8866372351058244,0.7905340049814833,0.7336594588756206,0.8093564038226775,0.870492857945573,0.8749843358697458,True,qapinn,5,0.01/pi,burgers,False,777,0.04,MS_hard_burgers_n5_qapinn_s777
,,,,,0.9162647318378933,0.8245453709593169,0.8140366588197766,0.8320805930410634,0.7996538427385029,0.9696796970300854,0.9336937768484782,0.9199255044682266,0.882257890161817,0.9748282702037693,0.94662561187043,0.9200429206902349,0.982892759150804,0.9693469752697186,0.989753519463872,,0.889633966157339,0.8083882733337334,0.7555845610818022,0.823496551886802,0.8761076861978354,0.8808598953628614,True,qapinn,5,0.01/pi,burgers,False,777,0.08,MS_hard_burgers_n5_qapinn_s777
,,,,,0.9245317540057064,0.8390025689210889,0.8244797991325242,0.83580361987385,0.8073123370037368,0.9706583074567182,0.9361648949363474,0.9212439564416314,0.8856066580537905,0.977291985860985,0.9504562485274974,0.923903175208433,0.9840020267676127,0.970415386016722,0.9904134187937211,,0.8852960714500326,0.8223057972706693,0.7755659137296795,0.8354030490840845,0.8802426067665315,0.8845500367477034,True,qapinn,5,0.01/pi,burgers,False,777,0.12,MS_hard_burgers_n5_qapinn_s777
,,,,,0.9321572120095112,0.85230431980047,0.8335552796016186,0.8379288744929524,0.8123864109471037,0.9715738915224537,0.9383608943610328,0.9217847923096955,0.8878916918823613,0.97942150241595,0.9533393942311518,0.9269791245623326,0.9850051213490124,0.9713163957877233,0.9907638929468727,,0.8735745277957305,0.8310649496539292,0.7921490753447579,0.8447206930357083,0.8827932989468538,0.8863120040630162,True,qapinn,5,0.01/pi,burgers,False,777,0.16,MS_hard_burgers_n5_qapinn_s777
,,,,,0.9390280680858404,0.8642309576557108,0.8411723723324984,0.8384863890756413,0.8149608805238191,0.972413397572045,0.940196517835183,0.9216066756514972,0.8890288565713476,0.9811540401517295,0.955360649466925,0.9291838636209131,0.9858964085652858,0.9719371986411779,0.9908346363731467,,0.8550436164566834,0.8339574725859681,0.8041585450799764,0.8510749358969907,0.8837503553005648,0.8864389335415339,True,qapinn,5,0.01/pi,burgers,False,777,0.2,MS_hard_burgers_n5_qapinn_s777
,,,,,0.9450513510463485,0.8746101358729602,0.8472937530406232,0.8376458152839585,0.8152769407275896,0.9731683286916504,0.9416371817691624,0.9208196224560594,0.8890467554452266,0.9824803411861356,0.9566190450046748,0.9304932377022905,0.9866371975491014,0.9721620251884032,0.9906389766823098,,0.8305557679844524,0.8305720186304495,0.8105500108713924,0.8537746258797956,0.8828749023562241,0.8850456226015248,True,qapinn,5,0.01/pi,burgers,False,777,0.24,MS_hard_burgers_n5_qapinn_s777
,,,,,0.950160321884687,0.8833228038003423,0.8519199642818694,0.8356952043872805,0.8137010675076769,0.973833117719633,0.9426847767085577,0.9196054199283277,0.8881138573950288,0.9834294925175642,0.9572632756002611,0.9310020653326475,0.9871961111250463,0.9719330293333608,0.9901623069607232,,0.8012051907048405,0.8208290762238413,0.8104908439547023,0.8517746210009736,0.879460864814588,0.8818267401463922,True,qapinn,5,0.01/pi,burgers,False,777,0.28,MS_hard_burgers_n5_qapinn_s777
,,,,,0.9543209036706509,0.890312352649953,0.8550864968706946,0.8329992115740433,0.8107180887010058,0.974404861679841,0.9433634569043206,0.9182021059916179,0.8865637540991606,0.9840500700265001,0.9574900602733948,0.9309773222840658,0.9875772320342205,0.9713410200152736,0.989397631359844,,0.7688644950477819,0.8056597470079628,0.8041331826540867,0.8444374481255764,0.8726718880918296,0.8761436055677326,True,qapinn,5,0.01/pi,burgers,False,777,0.32,MS_hard_burgers_n5_qapinn_s777
,,,,,0.957536276904052,0.895592371677078,0.8568683579728777,0.8299144301098869,0.8068852791319155,0.9748841405351683,0.943709830627038,0.9168367598015688,0.8848628085364898,0.9843943234189512,0.9574898401160619,0.9308477782586216,0.9878230935239505,0.9706829166905471,0.988421734757041,,0.7370515870294072,0.7881843372894441,0.7940225318281942,0.8332878628846763,0.8629974973517396,0.8680150214288523,True,qapinn,5,0.01/pi,burgers,False,777,0.36,MS_hard_burgers_n5_qapinn_s777
,,,,,0.9598475773369498,0.899248315410476,0.8573853659614065,0.8266913841575115,0.8026700498722645,0.9752759523587616,0.9437680545536767,0.9156425046681863,0.8834296805470802,0.9845088970642976,0.9573770239098331,0.9310203442007905,0.9879886418223859,0.970328925903892,0.9874146661042642,,0.7102166545759151,0.773223449517734,0.784860197117838,0.8223897549229147,0.8531802998780739,0.8590942996695794,True,qapinn,5,0.01/pi,burgers,False,777,0.4,MS_hard_burgers_n5_qapinn_s777
,,,,,0.9613298000183288,0.9014303155269582,0.8568021951156393,0.8234448678244404,0.7982675711520497,0.9755898810440189,0.9435881605773286,0.914635702264776,0.8823996537477077,0.9844321308388557,0.957170898528867,0.9316044862805467,0.9881092329599679,0.970433268440075,0.9865244275207854,,0.6905746851106543,0.763762293677047,0.7798917350553203,0.8149466931036367,0.8457858748475253,0.8513560744082987,True,qapinn,5,0.01/pi,burgers,False,777,0.44,MS_hard_burgers_n5_qapinn_s777
,,,,,0.9620832613990328,0.9023371444865126,0.8553201048311904,0.8202105744517764,0.7936387362257132,0.9758390887280681,0.9432252073812258,0.9137686071301112,0.8816290518497059,0.9841957731821155,0.9568382773282382,0.9323925790468182,0.9881921819907304,0.9708592576837023,0.9857606295479477,,0.677000450795097,0.7592689006030547,0.7789129589216612,0.8110181948185258,0.8410172114489988,0.8454390717554711,True,qapinn,5,0.01/pi,burgers,False,777,0.48,MS_hard_burgers_n5_qapinn_s777
,,,,,0.9622224169751418,0.9021945551613642,0.8531606807045639,0.8170135813699672,0.7887111229587508,0.9760384376357796,0.9427373555350531,0.9129926816847282,0.8809100115600813,0.9838282477396072,0.9563450267318689,0.93309588611283,0.9882294213273122,0.9713740419750355,0.9850634360299321,,0.667298549627549,0.7578610118389975,0.7802863177041299,0.8092719412150664,0.8379540232451292,0.8411003291772026,True,qapinn,5,0.01/pi,burgers,False,777,0.52,MS_hard_burgers_n5_qapinn_s777
,,,,,0.9618643150935229,0.9012324343798506,0.8505445927546696,0.8138944722723336,0.7834861414823636,0.9762023019583673,0.9421819798423812,0.912285065471459,0.8801040692014621,0.9833572902793233,0.9556799010352843,0.9335054503177209,0.9882109675296676,0.9717963345525122,0.9843825132191288,,0.6597962016874166,0.758024578914752,0.782659861502645,0.808604847686197,0.8358559078079248,0.837988110126965,True,qapinn,5,0.01/pi,burgers,False,777,0.56,MS_hard_burgers_n5_qapinn_s777
,,,,,0.961118914623704,0.8996650873673573,0.8476699129440949,0.8109022517089809,0.7780307840467782,0.9763425658043965,0.9416102533501035,0.9116455225308351,0.8791542142775918,0.9828111793753027,0.9548573211614357,0.9335196973836498,0.9881321444287068,0.972024553566741,0.9836923442101605,,0.653485681157924,0.7588344794137908,0.7852157638182543,0.8083764616474682,0.8343306026906242,0.8358392592737179,True,qapinn,5,0.01/pi,burgers,False,777,0.6,MS_hard_burgers_n5_qapinn_s777
,,,,,0.9600826926558309,0.8976775951533059,0.8446947210330957,0.8080794616025735,0.7724399014625083,0.9764673665249954,0.9410619554918547,0.911085859418505,0.8780605410592428,0.9822189356404667,0.9539147289194929,0.9331279531104246,0.9879969287491744,0.9720239627579581,0.9829842514971586,,0.6477763127903526,0.7597431128879287,0.7874835275268649,0.8082351293712259,0.8331785210737143,0.8344615665735077,True,qapinn,5,0.01/pi,burgers,False,777,0.64,MS_hard_burgers_n5_qapinn_s777
,,,,,0.9588360030738668,0.895418992672414,0.841726790972844,0.8054509068475412,0.7668073531400306,0.97658040522403,0.9405613400304469,0.9106217193203011,0.8768575866259771,0.9816102352726138,0.9529118608850791,0.9323924514627364,0.987819784489372,0.971810990028382,0.9822594908941188,,0.6422920313007198,0.7603981302198485,0.7891759189587413,0.8079690295124636,0.8322747740191254,0.8336945696788025,True,qapinn,5,0.01/pi,burgers,False,777,0.68,MS_hard_burgers_n5_qapinn_s777
,,,,,0.9574437878752561,0.8930020181449903,0.8388220244392534,0.803018397854056,0.7612124607273572,0.9766810499614703,0.9401154387910746,0.9102696837764811,0.8755996063271405,0.981015481284228,0.9519335833640813,0.9314346626651471,0.9876276409772329,0.9714403586668823,0.9815266748705799,,0.6367534390441575,0.7605358212585751,0.7900934769138132,0.8074203252415901,0.8315129934358094,0.8333788290534241,True,qapinn,5,0.01/pi,burgers,False,777,0.72,MS_hard_burgers_n5_qapinn_s777
,,,,,0.9559585923905375,0.8905073819456514,0.8359909219195837,0.8007593837162095,0.7557159382646151,0.9767647443184801,0.9397143771624126,0.910048096714969,0.8743496647737055,0.9804656651033303,0.9510961676832966,0.9304230711992749,0.9874639924692705,0.9709942112268986,0.9808007191934208,,0.6309180948790948,0.7599249346462814,0.7900747875854897,0.8064375709518254,0.8307767699062125,0.8333250227657016,True,qapinn,5,0.01/pi,burgers,False,777,0.76,MS_hard_burgers_n5_qapinn_s777
,,,,,0.9544246490067433,0.8879906475002597,0.8332128519850813,0.7986257070182121,0.7503584106690362,0.9768235681901273,0.9393336585835238,0.909976383113595,0.8731659874562778,0.9799908103001329,0.950551204810759,0.9295535173349699,0.9873943661091211,0.9705693959426641,0.9801012765243589,,0.6245565651929991,0.7583405909711866,0.7889740483216727,0.8048488514294327,0.8299099402709024,0.8332764341458884,True,qapinn,5,0.01/pi,burgers,False,777,0.8,MS_hard_burgers_n5_qapinn_s777
,,,,,0.9528819109521379,0.8854901789566991,0.8304589767726681,0.7965377745191756,0.7451574496367231,0.9768469734327998,0.9389391507077122,0.9100591189450601,0.8720781477164706,0.97961554411739,0.9504665649069318,0.9290063415361088,0.9875027065117603,0.9702552535527158,0.9794499553901825,,0.6174490470298645,0.7555589799763504,0.7866599602181471,0.8024536398561581,0.8286595483835586,0.832867465782953,True,qapinn,5,0.01/pi,burgers,False,777,0.84,MS_hard_burgers_n5_qapinn_s777
,,,,,0.9513690911308187,0.8830345383266399,0.8277242224158993,0.7943849069409789,0.7401145629582349,0.9768224680597593,0.9384963703508328,0.9102368085519867,0.871056157382751,0.9793520432823627,0.9509421564283472,0.9288650653759307,0.9878489548744166,0.9700931566084574,0.9788649483915235,,0.6094038845358466,0.7513778907098032,0.7830450163317297,0.7990529807071979,0.8265969569984724,0.8316316449208526,True,qapinn,5,0.01/pi,burgers,False,777,0.88,MS_hard_burgers_n5_qapinn_s777
,,,,,0.9499252318954343,0.8806489708539029,0.8250622039908356,0.7921012628195305,0.7352731201133441,0.9767365670402435,0.937986411189255,0.910348625291769,0.8700246450779433,0.9791951189171556,0.9518680747955793,0.9290389387346611,0.9883815219665597,0.9700404882952038,0.9783499840343786,,0.6002975094408545,0.7456557198588126,0.7781212678338529,0.7945222091566415,0.823163747761251,0.8292125793473151,True,qapinn,5,0.01/pi,burgers,False,777,0.92,MS_hard_burgers_n5_qapinn_s777
,,,,,0.9485897008889325,0.8783604007353478,0.8226005631838523,0.7898501940584873,0.7307783773833408,0.9765759011791788,0.9374236141967985,0.9102613125468395,0.8689620164003107,0.9791265655128535,0.9529394774632329,0.9293265301299981,0.988940220224918,0.9700092598039257,0.9778794464992278,,0.5900649635273035,0.7382624081808878,0.7718548719211219,0.7887867350403125,0.817985746852742,0.8256738031762577,True,qapinn,5,0.01/pi,burgers,False,777,0.96,MS_hard_burgers_n5_qapinn_s777
,,,,,0.9474007819791306,0.8762010886852848,0.8205079329745584,0.7880172383047206,0.7267508652454845,0.9763287626773086,0.9368582901537095,0.9100567205087546,0.8679110726701359,0.979127644862009,0.9539246736220629,0.9295717513009294,0.989413505635795,0.9699349809271325,0.9774136880715316,,0.5785954156017348,0.728945142997166,0.7640153992779223,0.7817092040085533,0.8111048804640794,0.8213506837970729,True,qapinn,5,0.01/pi,burgers,False,777,1.0,MS_hard_burgers_n5_qapinn_s777
,,,,,0.9402480184376288,0.921487759913372,0.8530380230322625,0.8020849409341804,0.7861114539435544,0.9752319341703982,0.8697957340636434,0.8409137657757021,0.8124783531014051,0.9448447772756531,0.9133973941248646,0.8944190050870638,0.9707746586804767,0.9605448523693628,0.989165027886117,,0.786548558611426,0.8833037792970759,0.9256237194007153,0.9167098875923093,0.946043128043518,0.9309193318456925,True,qapinn,6,0.01/pi,burgers,False,1234,0.0,MS_hard_burgers_n6_qapinn_s1234
,,,,,0.9420015987141128,0.9243222622918791,0.8575610201930365,0.808129625743021,0.7910279317737676,0.975756317057888,0.8744144755366747,0.8466645084690742,0.8172297138190413,0.9470683996332823,0.9151540464059198,0.8963479291413757,0.9719041153784592,0.9626798224726203,0.989469971992837,,0.7923901964530778,0.8830228449325576,0.9258891851482624,0.9267242180913444,0.9477219898027109,0.934713507847662,True,qapinn,6,0.01/pi,burgers,False,1234,0.04,MS_hard_burgers_n6_qapinn_s1234
,,,,,0.9432952846016539,0.9263538140069668,0.8606949232439408,0.8121471159757799,0.7934347690055636,0.9763439916563003,0.8781903718644564,0.8512465470314196,0.8205967287866287,0.9484875717673239,0.916225076289972,0.8972481098411369,0.9730646850206434,0.9647969343604144,0.9896938122441721,,0.7930028420152934,0.8768182202947329,0.9213867288833961,0.9346396251658057,0.9485542086773857,0.9383194066019571,True,qapinn,6,0.01/pi,burgers,False,1234,0.08,MS_hard_burgers_n6_qapinn_s1234
,,,,,0.944079342827855,0.9275021597560762,0.8625534138095101,0.814423373970874,0.7934817238261671,0.9769691663616236,0.881167700822626,0.8548153048736135,0.8225486550832546,0.9493493883130653,0.9169375787978357,0.8972164565028004,0.9741786634069322,0.9666578298825232,0.9897946223768891,,0.7887245784494049,0.8655298581058678,0.9126272688500725,0.9396889944444792,0.9488197455277332,0.9416864057919216,True,qapinn,6,0.01/pi,burgers,False,1234,0.12,MS_hard_burgers_n6_qapinn_s1234
,,,,,0.9443079808075011,0.927703221116807,0.8634663230286405,0.8153281944547631,0.7915748424876797,0.9776046956820698,0.8836214373381727,0.8575550894577076,0.8232428174354068,0.9500327674977946,0.9175217273439259,0.8964674661172811,0.9751065749391423,0.9679600681817544,0.989756282481032,,0.7801301834887461,0.8502943689460198,0.9005218910135556,0.9414406222827401,0.9485577568207739,0.9446525378298256,True,qapinn,6,0.01/pi,burgers,False,1234,0.16,MS_hard_burgers_n6_qapinn_s1234
,,,,,0.9439471506672049,0.9269217971205599,0.8638072010335045,0.8152860311449235,0.7882050078430836,0.9782369793014657,0.8859087462181323,0.8597191885098634,0.8229406086061147,0.9508388963164283,0.918119376580761,0.8951796182154163,0.9757031936248306,0.968409474153788,0.9895986906239609,,0.7676457512045116,0.8321133326847715,0.8859119113281558,0.9396290175628171,0.947619398053644,0.9470730888846992,True,qapinn,6,0.01/pi,burgers,False,1234,0.2,MS_hard_burgers_n6_qapinn_s1234
,,,,,0.9429842793036736,0.9251554606127644,0.8638311926253146,0.8147250985120671,0.7837710404813943,0.9788734435519496,0.8883143289040564,0.8616596466944157,0.8219109090046625,0.9518666409688327,0.918842008103683,0.8934233622771867,0.9759232231968045,0.9678258825909187,0.9893427024120219,,0.7514794576629109,0.8116904305135522,0.8693200956062392,0.9339076399772412,0.9457472813878711,0.9487674021860041,True,qapinn,6,0.01/pi,burgers,False,1234,0.24,MS_hard_burgers_n6_qapinn_s1234
,,,,,0.9414398619379761,0.9224288411825016,0.8636479552908691,0.8139707414982454,0.778617826014628,0.9795365557989274,0.8910181073655178,0.8637381206815563,0.8204762141044419,0.9530611690480124,0.9197811678726165,0.8912899648847177,0.9758324762679702,0.9661829486570833,0.9889852882377713,,0.7318204359979451,0.7895409122929302,0.8509237209270876,0.9236905003870353,0.9422787059733003,0.9492244893940248,True,qapinn,6,0.01/pi,burgers,False,1234,0.28,MS_hard_burgers_n6_qapinn_s1234
,,,,,0.9393790655427243,0.9187836228895087,0.863260298944347,0.813155586286562,0.7731670935184703,0.980245066379591,0.8941182043736098,0.8661946252060022,0.819109699567194,0.9543202031534945,0.9209941448432506,0.8890667988915106,0.9755404772817972,0.9636567654298087,0.9885138475794216,,0.7094231289696309,0.7665661212077012,0.8311150174270217,0.9086540185346321,0.9361989353863409,0.9475925948259923,True,qapinn,6,0.01/pi,burgers,False,1234,0.32,MS_hard_burgers_n6_qapinn_s1234
,,,,,0.9369187262934595,0.9142744624733595,0.8625941697427438,0.8121702011467684,0.7679767909194595,0.9809921836430674,0.8976309939970075,0.8690225468738371,0.8184475654635898,0.9555583457604425,0.9224503436252317,0.8873275098302522,0.9751290008334145,0.9607249325367684,0.9879897997075361,,0.6865725848507356,0.7450934916890207,0.8118433469903962,0.8902881617604996,0.9274143386844881,0.9433780158737308,True,qapinn,6,0.01/pi,burgers,False,1234,0.36,MS_hard_burgers_n6_qapinn_s1234
,,,,,0.9342239599020324,0.9089767566071826,0.8615210274878924,0.8106949826923482,0.76346826440293,0.9817332867020173,0.9014721436523343,0.8719365342760353,0.818980970478644,0.9567184738682841,0.9239947744643757,0.886666173643085,0.974623389268307,0.9580346620052597,0.9875923850033876,,0.6668763948468406,0.7287218944190129,0.7968570962634159,0.8727131219176402,0.918200143529908,0.9375715833736402,True,qapinn,6,0.01/pi,burgers,False,1234,0.4,MS_hard_burgers_n6_qapinn_s1234
,,,,,0.9314913312324383,0.9030014210165808,0.8598930111157056,0.8083578053801412,0.7594254353404282,0.982389189732927,0.9054543826271354,0.8745116498281563,0.8205117043701892,0.9577591914426401,0.9254167119906814,0.8870883213548223,0.9740282567595319,0.9558684619886761,0.9874246376319546,,0.6520180744209788,0.7189604490194517,0.7881507942195417,0.8591431502553877,0.9110426120756968,0.93194627818733,True,qapinn,6,0.01/pi,burgers,False,1234,0.44,MS_hard_burgers_n6_qapinn_s1234
,,,,,0.9289204656713993,0.8965056928188978,0.8575927769698141,0.8049279894629205,0.7552384209577899,0.9828640467861998,0.9093214491485158,0.8763691841721726,0.822309567412859,0.9586434434671512,0.9265429226469686,0.8880598221805773,0.9733698849259697,0.9540801528745813,0.9874235327010631,,0.6405698225620473,0.7139439790987495,0.784235093801414,0.8494029338515248,0.9061899524566844,0.9273218427032845,True,qapinn,6,0.01/pi,burgers,False,1234,0.48,MS_hard_burgers_n6_qapinn_s1234
,,,,,0.9266822496607802,0.8896892859160959,0.8545744954698434,0.8003986707210197,0.750537182929923,0.9830690912400374,0.9128035486134022,0.8772575281766295,0.8237250540260352,0.9593351727248238,0.9272548425785989,0.8890563061609104,0.9726901598799113,0.9525008153200918,0.9875045185065914,,0.6306206982199083,0.7111918394081435,0.7828476040211494,0.8422273894475175,0.902943650957986,0.9236880072524201,True,qapinn,6,0.01/pi,burgers,False,1234,0.52,MS_hard_burgers_n6_qapinn_s1234
,,,,,0.9248937706761293,0.8827742529392737,0.8508768786808338,0.7949629588757863,0.7453360107789301,0.9829422751077762,0.9156689609912877,0.8770683245969171,0.8244160191988336,0.9598005283254435,0.927480917854555,0.8897675675400548,0.9720338269423173,0.9510832977158299,0.9876270308223493,,0.6211556883415894,0.7091356989240418,0.7825282165516841,0.8368094870441352,0.9007882286001084,0.9208409304798053,True,qapinn,6,0.01/pi,burgers,False,1234,0.56,MS_hard_burgers_n6_qapinn_s1234
,,,,,0.9236071297516617,0.8759753772206044,0.8466082839070741,0.7889381403443979,0.73987516323663,0.9824585289673854,0.9177571574753988,0.8758271515083186,0.8242894875261888,0.9600096299240122,0.9271901710078477,0.8900453013543659,0.9714450500407517,0.9498527770340105,0.9877782845590426,,0.6118744299551353,0.7070170399601021,0.7825244035965995,0.8327766230278653,0.8994420509491673,0.9185965933401267,True,qapinn,6,0.01/pi,burgers,False,1234,0.6,MS_hard_burgers_n6_qapinn_s1234
,,,,,0.9228136050473602,0.8694718174861679,0.8419146374386122,0.7826720778395364,0.7344501320430342,0.9816287607882764,0.9189889004769112,0.87365801485802,0.8234014495538787,0.9599384300678375,0.9263784737150335,0.8898294692040721,0.9709620768222418,0.9488539216883044,0.9879551984751511,,0.6027959446923856,0.704539080533257,0.7824653757051058,0.8299420674653661,0.8987355924939675,0.9168159642040192,True,qapinn,6,0.01/pi,burgers,False,1234,0.64,MS_hard_burgers_n6_qapinn_s1234
,,,,,0.9224590802680663,0.8633869944129537,0.8369441294401168,0.7764599864053596,0.7292942319821357,0.9804906250386568,0.9193588449745791,0.8707336386642919,0.8218734470183893,0.9595700941976907,0.9250515060135914,0.8891004942470474,0.9706118911065199,0.948125644763861,0.9881565062181756,,0.5939919067749598,0.7016229945496809,0.782159268155179,0.8281673143661595,0.8985435400548863,0.915393959206237,True,qapinn,6,0.01/pi,burgers,False,1234,0.68,MS_hard_burgers_n6_qapinn_s1234
,,,,,0.9224646866777126,0.8577812311765252,0.8318189318680651,0.7704886413716503,0.7245118173901486,0.9790948091501523,0.9189172381526685,0.8672275970264272,0.8198284387264878,0.958896326319656,0.9232125214858619,0.8878505965157877,0.9704084526948509,0.9476912570707928,0.9883795506773975,,0.585443835263394,0.6982574447437573,0.7814874980009286,0.8273050490068198,0.8987534079756114,0.9142454635448466,True,qapinn,6,0.01/pi,burgers,False,1234,0.72,MS_hard_burgers_n6_qapinn_s1234
,,,,,0.9227468600308715,0.8526549432992352,0.8266183402202563,0.7648097071003164,0.7200513376144082,0.9774910230829609,0.9177485462545768,0.8632757126037275,0.8173430810445946,0.957918575095011,0.9208541243765483,0.8860626393833427,0.9703523169064237,0.9475527821380091,0.9886184417972813,,0.5769792645021982,0.6944005561929976,0.7803428471926585,0.8271749993696391,0.899249436324864,0.9132936796933013,True,qapinn,6,0.01/pi,burgers,False,1234,0.76,MS_hard_burgers_n6_qapinn_s1234
,,,,,0.9232332893868233,0.8479597118546871,0.8213737821036778,0.7593398363361631,0.71571095920007,0.9757162236458896,0.9159515170066617,0.8589507632231878,0.8144171060953485,0.9566501138769586,0.9179542560414161,0.883693878177465,0.9704283036080298,0.9476836729261912,0.9888624279438141,,0.5682679842847848,0.6899216881187592,0.778592376639108,0.8275515564725254,0.8999020946946535,0.9124593807772894,True,qapinn,6,0.01/pi,burgers,False,1234,0.8,MS_hard_burgers_n6_qapinn_s1234
,,,,,0.9238731828641917,0.8436138440517402,0.8160731750412871,0.7538836258937285,0.7111710628872828,0.9737867928806084,0.9136229280100017,0.8542526982528308,0.8109615771742078,0.9551189917482913,0.9144780856509388,0.8806667080362944,0.9706000569676846,0.948019421353419,0.9890946247096718,,0.558863887367118,0.6845771949203787,0.7760575261552213,0.8281569687182012,0.9005596825409313,0.9116511481472519,True,qapinn,6,0.01/pi,burgers,False,1234,0.84,MS_hard_burgers_n6_qapinn_s1234
,,,,,0.9246415635441962,0.8395167842905291,0.8106661653847085,0.7481704282508763,0.7060439316267266,0.9716945210028972,0.9108432138405307,0.8491119091787805,0.8068043886164543,0.9533686945721914,0.9103857805638903,0.8768682086666197,0.9708046227664857,0.9484497841739413,0.9892919612602713,,0.5482625131777985,0.6780053075081088,0.772500618951739,0.8286584453046478,0.9010393541978502,0.9107548599274564,True,qapinn,6,0.01/pi,burgers,False,1234,0.88,MS_hard_burgers_n6_qapinn_s1234
,,,,,0.9255384786369356,0.8355642030138963,0.8050670017327788,0.741900708516769,0.6999329305707921,0.9694065169589015,0.907662500415647,0.8434061780571155,0.8017124220843338,0.9514538344399619,0.9056484634601775,0.8721621258125143,0.9709546939901822,0.9488181782526713,0.9894258563025542,,0.5359741437872931,0.6697524285236556,0.7676306562142948,0.8286815878978746,0.9011195093666311,0.9096245412308569,True,qapinn,6,0.01/pi,burgers,False,1234,0.92,MS_hard_burgers_n6_qapinn_s1234
,,,,,0.9265836211662157,0.8316609432753647,0.7991522114066368,0.7347881593494993,0.6924882393517107,0.9668681759121265,0.9040879630255189,0.8369813808824949,0.7954221917968425,0.9494312861469881,0.9002610902293824,0.8664053738438176,0.9709522489435409,0.9489318821028409,0.9894632193924434,,0.5215808719035971,0.6593086431887035,0.7611078389185356,0.827828469882858,0.900529656527589,0.9080706316082865,True,qapinn,6,0.01/pi,burgers,False,1234,0.96,MS_hard_burgers_n6_qapinn_s1234
,,,,,0.9278073985372274,0.8277356277420539,0.7927654239606738,0.7265969840776826,0.6834552664501399,0.9640100834025535,0.9000792403935748,0.8296759054282146,0.7876773858334972,0.9473576169258112,0.8942504380213532,0.8594674660347317,0.9707045388905569,0.9485746149063893,0.9893647611047708,,0.5047862121864869,0.6461530211784292,0.7525379882298878,0.8256640749669009,0.8989283001318227,0.9058413187600128,True,qapinn,6,0.01/pi,burgers,False,1234,1.0,MS_hard_burgers_n6_qapinn_s1234
,,,,,0.9472473429987276,0.8663855688262944,0.8337844840372687,0.8523870346215288,0.8247397371674813,0.9687994606887438,0.945524806599028,0.9297770817023499,0.9123056984332919,0.9901679895951456,0.9763749040379069,0.9705838606473668,0.9843134473227907,0.9794333082134294,0.9950354220314435,,0.806949157835788,0.8944145302845412,0.9037625705583074,0.8980877525127455,0.8698006172220014,0.8668665132323238,True,qapinn,6,0.01/pi,burgers,False,2025,0.0,MS_hard_burgers_n6_qapinn_s2025
,,,,,0.9504955439020861,0.8754585970476471,0.8438878061580818,0.8583742102310777,0.8311819928345874,0.970376409050481,0.9473278693307323,0.9312388346616987,0.9144186132537042,0.9899363264422462,0.9774841866312948,0.9713301957846329,0.9857882850806351,0.9806000195644347,0.9951734628715982,,0.8132527069200364,0.896160020248528,0.8994064621112544,0.8991069479259721,0.8659061062198817,0.8645447003838173,True,qapinn,6,0.01/pi,burgers,False,2025,0.04,MS_hard_burgers_n6_qapinn_s2025
,,,,,0.9532309862856769,0.8824309784324703,0.8521447325831233,0.8623896263428174,0.834627500538102,0.9715496212316858,0.9485095932984703,0.93182815374551,0.9150894086212363,0.989235909010797,0.9776119264980628,0.9709183459472683,0.9869047676375169,0.9813542908268778,0.9952277174571509,,0.810153994805493,0.8892984676997217,0.889999066190347,0.8986009387367744,0.862740595355117,0.8626894371108407,True,qapinn,6,0.01/pi,burgers,False,2025,0.08,MS_hard_burgers_n6_qapinn_s2025
,,,,,0.955095249942835,0.8870661599841376,0.8584350759562475,0.8643366771849748,0.8352677046404847,0.9724269223501224,0.9492712114998965,0.931651903062173,0.9145586449563023,0.9882343713259404,0.9768622461949658,0.9695213038779968,0.9876638125621715,0.9817560649195751,0.9952520469976117,,0.7987793320624716,0.8748093893064421,0.8760040821394673,0.896614571370866,0.8600226152884636,0.8608848300790342,True,qapinn,6,0.01/pi,burgers,False,2025,0.12,MS_hard_burgers_n6_qapinn_s2025
,,,,,0.9558552988010981,0.889308405098208,0.8627852480718478,0.8641480552145184,0.8332703524002856,0.9730909871131559,0.949801828063135,0.930803981871731,0.912976169376219,0.9871141114173946,0.9753831257365347,0.9672695209984805,0.9880952663063022,0.9818140044552971,0.9952633796854513,,0.7804699353377719,0.8537206520704614,0.8577283517249674,0.8927134390685312,0.8571320061597838,0.8586118834062076,True,qapinn,6,0.01/pi,burgers,False,2025,0.16,MS_hard_burgers_n6_qapinn_s2025
,,,,,0.9553943900154775,0.8892251670214518,0.8652878131519479,0.8618124644376312,0.8288009297362722,0.9735952648275151,0.9502538768101004,0.9294187068055482,0.9104791087900994,0.9860485672460098,0.9733923699851412,0.9642856692090607,0.9882535926806237,0.9814645587587568,0.9952354587863539,,0.7565825051833319,0.8271293963180082,0.8354622074877682,0.8861396960221721,0.8533393280696285,0.8554095323183982,True,qapinn,6,0.01/pi,burgers,False,2025,0.2,MS_hard_burgers_n6_qapinn_s2025
,,,,,0.9536891696564542,0.886957865385867,0.8660416782449403,0.857444576047833,0.822177718512544,0.9739674182149793,0.950724814598799,0.9277289329002608,0.9073666103988692,0.9851769946152303,0.9711998992431281,0.9608229376609451,0.9882170645746327,0.9806374596484648,0.9951227218107382,,0.728339842003312,0.796175617473355,0.8095546260057529,0.875927688817073,0.8478755554358844,0.8508746185802853,True,qapinn,6,0.01/pi,burgers,False,2025,0.24,MS_hard_burgers_n6_qapinn_s2025
,,,,,0.9507858553633727,0.8826918972599263,0.8651211209578032,0.8513524380382563,0.8141356681303062,0.974217169142482,0.9512444670005378,0.9260811031453274,0.9043677943036343,0.9845818164931684,0.9691953369573454,0.9575405398088099,0.9880951279542077,0.979499323555587,0.9949466839507252,,0.6968121904787441,0.7620076419704521,0.7804316170535025,0.8609834574275926,0.8397486910146057,0.8444191394540307,True,qapinn,6,0.01/pi,burgers,False,2025,0.28,MS_hard_burgers_n6_qapinn_s2025
,,,,,0.9467823895909315,0.8766458377898879,0.8625719935791685,0.8440053677785402,0.8058859192415598,0.974344921576168,0.95177135345007,0.924818919055327,0.9026722845609352,0.9842756299340003,0.9677269864262087,0.9555932903781624,0.9880160034706829,0.9787149741553086,0.9949122356398485,,0.663302442301276,0.7260823896032711,0.7489123796065635,0.8405065127031032,0.8275668179488241,0.834685915007896,True,qapinn,6,0.01/pi,burgers,False,2025,0.32,MS_hard_burgers_n6_qapinn_s2025
,,,,,0.9418172552863407,0.8690729431577251,0.8584325091028315,0.8358275214082517,0.798363590503645,0.9743493783533864,0.952204223858494,0.924036976244383,0.9030173889885016,0.984204706814344,0.9668828000588149,0.9557511112785504,0.9880622287863522,0.9789953027632331,0.9952622005831753,,0.6306440530347639,0.6916049347923853,0.7178047856575098,0.8160833144458969,0.8109786591505398,0.8200479818585429,True,qapinn,6,0.01/pi,burgers,False,2025,0.36,MS_hard_burgers_n6_qapinn_s2025
,,,,,0.9360624501767792,0.8602659281528116,0.8527700567374603,0.8269902431775396,0.791357248160526,0.9742330714936562,0.952409145546973,0.9234832049052804,0.9047083236937167,0.9842692840223575,0.9664339782842917,0.9573774158621665,0.9882259096728957,0.9802081664840959,0.9959005212378345,,0.603107351595558,0.663476225404059,0.6921308901211988,0.7929509677837143,0.7931737972803908,0.8021540405332798,True,qapinn,6,0.01/pi,burgers,False,2025,0.4,MS_hard_burgers_n6_qapinn_s2025
,,,,,0.9297172327307457,0.8505575083509133,0.8457184765500264,0.8174769477321874,0.7840652728029758,0.9740052434021838,0.9522534472233787,0.9227740867905595,0.9064034536791372,0.984352506915582,0.9660522897807331,0.9591918016977721,0.9884536751178735,0.9816895031350205,0.9965355550009518,,0.5821854903778145,0.6434981376505987,0.6741184684002158,0.7746183624127869,0.777671536599684,0.7849936161295412,True,qapinn,6,0.01/pi,burgers,False,2025,0.44,MS_hard_burgers_n6_qapinn_s2025
,,,,,0.9230001908109259,0.840312656640771,0.8374998531344491,0.8073121565764372,0.7760466881085131,0.9736824138154045,0.9516343836577684,0.9216341001632515,0.9072410825566634,0.9843466233997962,0.9655082299723572,0.9603761625032496,0.9887003281602723,0.9829943402233777,0.9970238967706264,,0.565959775244519,0.6295976899837862,0.6620291516196333,0.7604507970103457,0.7651224782634481,0.7705470438550586,True,qapinn,6,0.01/pi,burgers,False,2025,0.48,MS_hard_burgers_n6_qapinn_s2025
,,,,,0.9161387993093587,0.829912522219492,0.8284226356286658,0.7966801363600817,0.767357682835697,0.9732870111002938,0.9504945580172763,0.9199548167248439,0.9069639579411578,0.9841690282978189,0.9647016873645736,0.9606827667135833,0.9889409415113897,0.9839960310258645,0.9973704422977872,,0.5522261732819919,0.6192645533224901,0.6535416327664395,0.7488568630982576,0.7549716300325361,0.758972612222566,True,qapinn,6,0.01/pi,burgers,False,2025,0.52,MS_hard_burgers_n6_qapinn_s2025
,,,,,0.9093567577138552,0.8197318280350704,0.8188582964888154,0.7858962787130009,0.7582965006510948,0.9728451089106506,0.9488239121790732,0.9177440355991754,0.9056189014587146,0.9837670708223437,0.9636132917613373,0.960142891246629,0.9891631907600166,0.9847106276969003,0.9976183676374953,,0.5396683562907348,0.6108835805726962,0.6471488831994132,0.738854183893622,0.7467188710444125,0.7498696098468781,True,qapinn,6,0.01/pi,burgers,False,2025,0.56,MS_hard_burgers_n6_qapinn_s2025
,,,,,0.9028609205233138,0.8101147939991014,0.8092059688574975,0.7753315470425873,0.7492141995345762,0.9723836859829174,0.9466525229334815,0.9150651448667364,0.9033395128793379,0.9831152476305067,0.9622579602503762,0.9588629417265252,0.9893601104608367,0.9851844791002776,0.9977988369472747,,0.5276148643947118,0.6035196502283224,0.6419863256779521,0.7299796628977139,0.7400345641437316,0.7427647099840403,True,qapinn,6,0.01/pi,burgers,False,2025,0.6,MS_hard_burgers_n6_qapinn_s2025
,,,,,0.8968295050134804,0.8013533434814788,0.7998547488199871,0.7653487209682577,0.7404379932707735,0.9719281436556417,0.9440393206896469,0.9120004664065033,0.9002641213596406,0.9822087645296999,0.9606604533612,0.9569493156898541,0.9895281339129806,0.9854614046913704,0.997926896753792,,0.5157155356290614,0.5965887598033563,0.6375214595798928,0.7220139035098342,0.7346712891756852,0.7372411205983725,True,qapinn,6,0.01/pi,burgers,False,2025,0.64,MS_hard_burgers_n6_qapinn_s2025
,,,,,0.8914032840518488,0.7936708933833733,0.7911508762274985,0.7562606269141804,0.7322444710296115,0.9715005544637209,0.9410602392704385,0.9086341662563311,0.8965171866108569,0.9810560781740851,0.9588455361770966,0.9544914642801902,0.9896673526460261,0.985578919059392,0.9980088713397915,,0.503768242402405,0.5896776528180901,0.6333793960002116,0.7148294948514646,0.7304138180830122,0.7329630033792881,True,qapinn,6,0.01/pi,burgers,False,2025,0.68,MS_hard_burgers_n6_qapinn_s2025
,,,,,0.8866812427781764,0.7872139542043634,0.7833739109365878,0.7483069014900273,0.724847407468697,0.9711184881476379,0.9377977150923777,0.9050449367842045,0.8922082196739146,0.9796722814741009,0.9568344405095455,0.951560969963637,0.9897812405532432,0.985568978300371,0.9980478317355475,,0.4916376143297315,0.5824583394248996,0.6292590338083913,0.7083248318992297,0.7270613707993183,0.7296661354509237,True,qapinn,6,0.01/pi,burgers,False,2025,0.72,MS_hard_burgers_n6_qapinn_s2025
,,,,,0.8827211182760315,0.7820514820597908,0.7767229358731265,0.741643938792679,0.7183898313120138,0.9707945167686979,0.934332452776967,0.9013021282105115,0.8874310481058435,0.9780737402396964,0.9546425826679327,0.948211007225877,0.9898753728964591,0.985457612532872,0.9980457212056373,,0.4792204013023943,0.5746510382867253,0.6248956118482721,0.7024008355691693,0.7244262523294872,0.7271440589346553,True,qapinn,6,0.01/pi,burgers,False,2025,0.76,MS_hard_burgers_n6_qapinn_s2025
,,,,,0.879545089794906,0.7781817718401125,0.771312689006343,0.7363447651038136,0.71294015842865,0.9705360604139068,0.9307378365010602,0.8974628753032607,0.8822607776397317,0.9762745063446759,0.9522774023208888,0.9444742885878218,0.9899555730843164,0.985263715643133,0.998003489788559,,0.4664348414202532,0.5660097090762768,0.6200443410901302,0.6969550246533626,0.7223370471941855,0.7252368069701034,True,qapinn,6,0.01/pi,burgers,False,2025,0.8,MS_hard_burgers_n6_qapinn_s2025
,,,,,0.8771503477299771,0.7755461107760947,0.7671790750334272,0.7324064361409668,0.7084938433781613,0.9703452715713193,0.927077325105317,0.8935696366522851,0.8767496890462596,0.9742849035626177,0.9497364176471381,0.9403604876327903,0.9900259793620863,0.9849975862238556,0.9979204307386202,,0.4532243837556525,0.5563186521059919,0.614473533256176,0.6918814324959051,0.7206415624403713,0.7238231944175725,True,qapinn,6,0.01/pi,burgers,False,2025,0.84,MS_hard_burgers_n6_qapinn_s2025
,,,,,0.8755229429791955,0.7740472123389547,0.7642923042226136,0.7297626681663422,0.7049804372561029,0.9702191128388374,0.9234048845802337,0.889648398795133,0.8709228016618025,0.9721119188006788,0.9470053208158881,0.935852579922542,0.990087462947469,0.9846591681552275,0.9977932736047784,,0.4395726707401397,0.5453992842093028,0.6079655655084891,0.6870750865126427,0.7192124113264214,0.7228200144731581,True,qapinn,6,0.01/pi,burgers,False,2025,0.88,MS_hard_burgers_n6_qapinn_s2025
,,,,,0.8746538487412889,0.7735723145726113,0.7625784497619329,0.7283023396133789,0.702278180122,0.9701490843456222,0.9197692900492656,0.8857089556138938,0.8647767185003691,0.9697628889775844,0.9440581347835475,0.9309060209625923,0.9901360499761082,0.9842357794072978,0.9976151940350934,,0.42552286687854085,0.5331180536672693,0.6003167795664773,0.682429589690672,0.7179448177625231,0.722177021797852,True,qapinn,6,0.01/pi,burgers,False,2025,0.92,MS_hard_burgers_n6_qapinn_s2025
,,,,,0.8745537573923657,0.7740177202630149,0.7619474793828191,0.7278924404990912,0.7002343673549793,0.9701214079491673,0.9162228021993168,0.8817480873832535,0.8582810947991784,0.9672519536859218,0.9408587758247068,0.9254481713334974,0.9901614442914995,0.9836982857322518,0.9973746659748687,,0.4112001950375207,0.519399693427146,0.5913402052662567,0.677832390792853,0.7167546434687505,0.7218748283873286,True,qapinn,6,0.01/pi,burgers,False,2025,0.96,MS_hard_burgers_n6_qapinn_s2025
,,,,,0.875263611568418,0.7753130606846899,0.7623278552460567,0.7284058702112024,0.698692588526331,0.970117260156424,0.9128355752387853,0.8777575185524944,0.8513864753367286,0.9646119380113772,0.9373670311209654,0.9193828662364321,0.9901448617030851,0.9829945336138124,0.9970540914759293,,0.3968291742855866,0.5042375727490364,0.5808643194470547,0.6731447183612277,0.7155654073736571,0.721914598784423,True,qapinn,6,0.01/pi,burgers,False,2025,1.0,MS_hard_burgers_n6_qapinn_s2025
,,,,,0.9513287209849669,0.8870639642987512,0.8631415462617625,0.8306096794110271,0.7817243424019406,0.983572920743447,0.9559904668710398,0.9265559152482928,0.9025975566328683,0.9807513673501171,0.9565910107309021,0.9456560104830694,0.9913254320722009,0.980738169436015,0.992476768211537,,0.8616570419730404,0.8988637444519633,0.8960965451884674,0.9032774423364403,0.9090406799326084,0.875457527571596,True,qapinn,6,0.01/pi,burgers,False,777,0.0,MS_hard_burgers_n6_qapinn_s777
,,,,,0.9508099240556191,0.885260633266354,0.8629316490136687,0.8302966126455329,0.7840675126558684,0.9834944068569537,0.9570612940794809,0.9254183127336304,0.9017017002374054,0.9809714757466289,0.9536858576099237,0.9423767269055306,0.9905575687301688,0.9804057142584979,0.9932924611366484,,0.8553852957020537,0.8826756252126458,0.8752093421142928,0.8955750490248485,0.9067331707268894,0.8760940468077891,True,qapinn,6,0.01/pi,burgers,False,777,0.04,MS_hard_burgers_n6_qapinn_s777
,,,,,0.9496282219384299,0.8818357825143552,0.8596686257104824,0.8264538841272441,0.7817825931242427,0.9831238978873398,0.9572994664443396,0.9232122224198788,0.8982885363689013,0.9810962845650194,0.9504764330608173,0.9371840601023929,0.989655543023252,0.9790639865098697,0.9938277774266683,,0.8414767850318888,0.8633014115749954,0.8524275746367598,0.8858140772715332,0.904028694402458,0.8779636070915638,True,qapinn,6,0.01/pi,burgers,False,777,0.08,MS_hard_burgers_n6_qapinn_s777
,,,,,0.9478232327877166,0.8769789704212174,0.8532679165231256,0.8188155645095232,0.7743502291613374,0.9824866491022315,0.956538585329733,0.9197298577985396,0.8921561538699573,0.9810444282994933,0.9468923137669369,0.9301345409709405,0.9885805626193321,0.9766937667789201,0.9940356007657296,,0.8206467142923469,0.84174839166366,0.8291653481963106,0.8748405537157211,0.9016439820399885,0.881102462114749,True,qapinn,6,0.01/pi,burgers,False,777,0.12,MS_hard_burgers_n6_qapinn_s777
,,,,,0.9454607706229663,0.8709967322185523,0.8440001460542382,0.807668150881468,0.7619939116269204,0.9816372111310585,0.9547331570488037,0.9149870303070473,0.8836056439199291,0.9807810995913141,0.9430079888120495,0.9217797049454922,0.9873013552684631,0.9735094926948663,0.9939238280839362,,0.7939642628854006,0.8188999751219267,0.8065912527376248,0.863350579629592,0.8999886126441291,0.8850315000275412,True,qapinn,6,0.01/pi,burgers,False,777,0.16,MS_hard_burgers_n6_qapinn_s777
,,,,,0.9426937380953426,0.8644067570974228,0.8327348303022452,0.7942361604781292,0.7460452311221845,0.9806666249493197,0.9520506351810312,0.9094632687233505,0.8734808364970864,0.9803616886474867,0.9392465679978572,0.9130565518198096,0.9858623854280201,0.9698404628678511,0.9935172212397171,,0.7626478603158446,0.7951411544791326,0.7851356012934442,0.8512824963797542,0.8985993020593449,0.8888413683793167,True,qapinn,6,0.01/pi,burgers,False,777,0.2,MS_hard_burgers_n6_qapinn_s777
,,,,,0.9397907818313035,0.857930478945299,0.8210018819340763,0.780680122365641,0.7286314720737125,0.9796906695704217,0.9488966877849324,0.904085641078381,0.8627600048620941,0.9799330567059814,0.9363014118758893,0.9047516759787295,0.9843784781354759,0.9657982527863371,0.9927672640106898,,0.7279353644766484,0.7703450759494392,0.7644522029818843,0.8376934190015926,0.8962168618950184,0.891683141125317,True,qapinn,6,0.01/pi,burgers,False,777,0.24,MS_hard_burgers_n6_qapinn_s777
,,,,,0.9370953312915975,0.8523403860066735,0.8106541533688005,0.7695668914149624,0.7120232769415884,0.9788192884547197,0.9457867393548036,0.8999500814360719,0.8522628972028076,0.9796488836355298,0.9348471292230671,0.8972585478004094,0.9830415806193133,0.9612948215271366,0.9915307886005693,,0.6911043301044156,0.7442527823618028,0.7438354669917431,0.8212181642381184,0.891156065187819,0.8929442028486844,True,qapinn,6,0.01/pi,burgers,False,777,0.28,MS_hard_burgers_n6_qapinn_s777
,,,,,0.9349260315568622,0.8482262105518914,0.8031723784723512,0.763150604271581,0.6981872540844456,0.9781219542456447,0.9430886777840605,0.8980603817219864,0.8428196996536624,0.9795374322657247,0.9354013847664435,0.890966201981001,0.9822471328244826,0.9565619771380576,0.9896003456122975,,0.6537112619036586,0.7171160350602681,0.722904528259825,0.8009572580280765,0.8812302607403054,0.8917177041090796,True,qapinn,6,0.01/pi,burgers,False,777,0.32,MS_hard_burgers_n6_qapinn_s777
,,,,,0.933477644892624,0.8458206020488966,0.7990403162134814,0.7624238376123678,0.6883239929028354,0.9776104754525716,0.9408295189484295,0.8987529040944642,0.8352354070497148,0.9794518623160366,0.9379509885277056,0.8864448895211732,0.9823935859469666,0.9524008951944235,0.9868180225832919,,0.618754285539559,0.6912542478919765,0.7033152192183396,0.7785458194843133,0.8649815787838235,0.8868033582162934,True,qapinn,6,0.01/pi,burgers,False,777,0.36,MS_hard_burgers_n6_qapinn_s777
,,,,,0.9327798173207762,0.8449843690024296,0.7976886691339394,0.7661320342777621,0.6821701749668762,0.9772496870636721,0.9387532492537678,0.9008943368887925,0.8295210929925835,0.9791733188353424,0.9413314027586945,0.883711084113371,0.9832447198446602,0.9494000331278573,0.9832761985108459,,0.590570613163963,0.6711736415226229,0.6892413458760291,0.7591207652221114,0.845556831584654,0.8791255203891662,True,qapinn,6,0.01/pi,burgers,False,777,0.4,MS_hard_burgers_n6_qapinn_s777
,,,,,0.9327253519461263,0.8453366010540926,0.7980132820513585,0.7715242606701034,0.6781896474954451,0.9769869411135087,0.9365606149933744,0.9026576310849478,0.8246255303035815,0.9785577097561261,0.9440181259767486,0.8817604225004785,0.9841477341747971,0.9471893443769458,0.9792922763581803,,0.5703671076689172,0.658422815574688,0.6822417764568198,0.7457197129149449,0.8280661614133216,0.8715141699435263,True,qapinn,6,0.01/pi,burgers,False,777,0.44,MS_hard_burgers_n6_qapinn_s777
,,,,,0.9331377009705114,0.8464351880593618,0.7989609849485677,0.7765500968457238,0.6749278287598071,0.9767811474965611,0.934089651192181,0.9031692265103757,0.8196352308697693,0.9775855506711626,0.9454718805970737,0.8796970224161218,0.984826183157334,0.945256233577291,0.9752780558221396,,0.5559534516354009,0.650849510058706,0.6802181538304959,0.7373176823155987,0.8142870569792038,0.8653756043259615,True,qapinn,6,0.01/pi,burgers,False,777,0.48,MS_hard_burgers_n6_qapinn_s777
,,,,,0.9338383621336692,0.8479188519864554,0.7998195011517885,0.7805073110564698,0.6716281827308883,0.9766177892799113,0.9313455910991443,0.9025335199027581,0.8143738747583367,0.9763255090357463,0.9459182902813545,0.8773558808344057,0.9853380217647731,0.9435225353757312,0.9715327373601835,,0.5450686404841714,0.6461601656952369,0.6808942667528161,0.7322548224383532,0.8038561915250423,0.8608490187772452,True,qapinn,6,0.01/pi,burgers,False,777,0.52,MS_hard_burgers_n6_qapinn_s777
,,,,,0.9346903491144237,0.8495731447505852,0.8002463493773208,0.78338628241291,0.6680365415075276,0.9765080520565905,0.9284527767350167,0.9011481995689313,0.8090721755334994,0.9748877974872527,0.9457172813888709,0.8749546918081951,0.9857850045454081,0.9421312523333356,0.9681784149242166,,0.5363713819821521,0.6430067851025968,0.6829052574547693,0.7294825212062933,0.7960086215601674,0.8577404968497402,True,qapinn,6,0.01/pi,burgers,False,777,0.56,MS_hard_burgers_n6_qapinn_s777
,,,,,0.9356136390935514,0.8513302898047328,0.800193566083696,0.7853689847568683,0.6641594132378724,0.9764784606380699,0.9255975136740211,0.8993721044317271,0.8040334283705283,0.9733947648521656,0.9451424174167873,0.8727493928016655,0.9862238800512151,0.9412124415840496,0.96525718358053,,0.5292264640357267,0.6407327335907528,0.6855409692004036,0.7284064728092372,0.7900874502320571,0.8558009792182464,True,qapinn,6,0.01/pi,burgers,False,777,0.6,MS_hard_burgers_n6_qapinn_s777
,,,,,0.9365802715827166,0.8532309043992196,0.799816757293227,0.7866560228967877,0.6601454745579719,0.9765579625463834,0.9229826639394137,0.8974475444316234,0.7994933958363032,0.971963591351982,0.9443541596961119,0.870896987399302,0.9866628437457382,0.9407975997379446,0.962802942294848,,0.523426470396546,0.6390605039783517,0.6884404514777861,0.7286558668749127,0.7856153817045046,0.8547763622160567,True,qapinn,6,0.01/pi,burgers,False,777,0.64,MS_hard_burgers_n6_qapinn_s777
,,,,,0.937598161525812,0.855371910258159,0.7993907494775486,0.7874276244378635,0.6562316032897906,0.9767675579251673,0.9207940328955411,0.8955110570692066,0.7955931641867262,0.9706938351138401,0.943424712284437,0.8694383414749741,0.987078672074994,0.9408229811438862,0.9608561800624232,,0.5190006648738242,0.6378975814266071,0.6914139269033522,0.7299636658418946,0.7822808238560935,0.8544366012329099,True,qapinn,6,0.01/pi,burgers,False,777,0.68,MS_hard_burgers_n6_qapinn_s777
,,,,,0.9386906617157139,0.8578532401174331,0.7992373719466057,0.7878408147096925,0.6527073794370323,0.9771134118339131,0.9191787800635467,0.8936315119962733,0.7923986436433474,0.9696603570613946,0.9423791169158492,0.8683339946915807,0.9874365536123655,0.9411665950098139,0.9594504922958598,,0.5160831917506375,0.6372265840315327,0.6943523855735515,0.7321129272081198,0.7799014150097334,0.8546015181193183,True,qapinn,6,0.01/pi,burgers,False,777,0.72,MS_hard_burgers_n6_qapinn_s777
,,,,,0.9398754326015314,0.860728232544371,0.7996606660646064,0.7880190531213934,0.6498757789506797,0.9775834557309262,0.9182329998644992,0.8918394942186294,0.7899274937345421,0.9689103510137039,0.941226349065885,0.8675084616025935,0.9877012039786977,0.9416864635544195,0.9585996343109681,,0.514809378447075,0.6370382453306332,0.6971768371048868,0.7349047166361591,0.7783735340967121,0.8551459047757928,True,qapinn,6,0.01/pi,burgers,False,777,0.76,MS_hard_burgers_n6_qapinn_s777
,,,,,0.9411461516758071,0.8639598369405769,0.8008865599237601,0.7880289830844681,0.6480068536346402,0.9781457309900997,0.9179953784501843,0.8901396993241207,0.7881674686086285,0.9684642523977613,0.9399742500386254,0.8668838231104617,0.9878397029884428,0.9422464551489838,0.9582945594976052,,0.515231840996807,0.6372941677597936,0.6998136384231799,0.7381391663808736,0.7776273098570933,0.8559909512004342,True,qapinn,6,0.01/pi,burgers,False,777,0.8,MS_hard_burgers_n6_qapinn_s777
,,,,,0.9424613425310504,0.8673895405882754,0.803006977272763,0.7878546054167909,0.6472923970717241,0.978748132436282,0.9184432524128745,0.8885111166978191,0.7870842312334103,0.9683178010849425,0.9386319944996964,0.8663971195851908,0.9878220799488804,0.9427312839963132,0.9585095175429668,,0.5172529359432808,0.6379038479305118,0.7021791248199181,0.7416028846719952,0.7775963398217052,0.8570896721351952,True,qapinn,6,0.01/pi,burgers,False,777,0.84,MS_hard_burgers_n6_qapinn_s777
,,,,,0.9437464514531599,0.8707294890596714,0.8059367512712455,0.7873895235745118,0.647815999087648,0.9793185895212014,0.9194897064944778,0.8869066813148192,0.7866251069982353,0.9684452222759915,0.9372104331691269,0.8660090397588286,0.9876246053954316,0.9430567781874326,0.9592099311001809,,0.5205892826102282,0.6387191135184692,0.7041768473362814,0.7450680222346707,0.7782051308744522,0.8584148158225496,True,qapinn,6,0.01/pi,burgers,False,777,0.88,MS_hard_burgers_n6_qapinn_s777
,,,,,0.944911850461469,0.8735888690247217,0.8093970660682667,0.7864589800234872,0.6495499330157036,0.9797664924834913,0.9209824623379046,0.8852563501517571,0.7867233968574147,0.9688025839120423,0.9357225638209768,0.8657077813492834,0.987236188726134,0.9431801503203967,0.9603593310442955,,0.524781836026947,0.6395408315025263,0.7056994563032316,0.7482979993724668,0.7793654515023208,0.8599443961133735,True,qapinn,6,0.01/pi,burgers,False,777,0.92,MS_hard_burgers_n6_qapinn_s777
,,,,,0.9458813074759292,0.875533935157906,0.8129370543031504,0.7848695250229252,0.6523762778817225,0.9799858466496942,0.9227072449934847,0.8834746319180495,0.787303354065557,0.9693320610269786,0.9341847559136098,0.8655100899922793,0.9866654590864146,0.9431091799910601,0.961923699467369,,0.5292632913696286,0.6401427327901991,0.7066403672562973,0.7510653655686905,0.7809808198113485,0.8616459378672793,True,qapinn,6,0.01/pi,burgers,False,777,0.96,MS_hard_burgers_n6_qapinn_s777
,,,,,0.9466139533056475,0.8761603897513641,0.8159909927602813,0.7824641924184281,0.656107842293408,0.9798604277786056,0.9243988688570254,0.8814719271738786,0.7882796808369571,0.9699680706962845,0.9326189002806545,0.8654569756436217,0.9859444725730725,0.9429027292164354,0.9638715779319734,,0.5334696040214388,0.6403129679288173,0.7069190575262232,0.7531862399440425,0.782962864172134,0.8634654552332335,True,qapinn,6,0.01/pi,burgers,False,777,1.0,MS_hard_burgers_n6_qapinn_s777
,,,,,0.9704159455373907,0.949922586706776,0.9133111882348324,0.8887165188688512,0.8733936900576634,0.9797840546107336,0.9218300378215152,0.8838731669640773,0.8745620724480385,0.9724700401743354,0.9429622787404598,0.9372840213322492,0.9923155237550115,0.9889314288359436,0.9951430975350963,,0.9340069834829953,0.8925449966470794,0.9260286341455389,0.9352467413901016,0.9287422999279582,0.9155646590225838,True,qapinn,7,0.01/pi,burgers,False,1234,0.0,MS_hard_burgers_n7_qapinn_s1234
,,,,,0.9719659950915708,0.9490554742713079,0.9070800489207587,0.8773594456080078,0.866024310280144,0.9790393765224588,0.9168025084362915,0.8728823172007423,0.8660910882647104,0.9700041636663964,0.9361019784225807,0.9322131021351988,0.9912839609077967,0.988218689931644,0.9949082579101178,,0.9061046035230091,0.8639156567293963,0.9080694661945793,0.9281054419410428,0.9265775197195412,0.9164565222391706,True,qapinn,7,0.01/pi,burgers,False,1234,0.04,MS_hard_burgers_n7_qapinn_s1234
,,,,,0.9730700179859461,0.946786501712206,0.8977922246807586,0.8621927766383194,0.8541767013412522,0.9779768415230384,0.9103207708456629,0.8601657953422309,0.855183118522178,0.9670608663194041,0.9284300893517025,0.9257263450007691,0.9899895502737176,0.9867860485961706,0.9944055562329992,,0.8715399649828102,0.8313775297375137,0.8870227007691264,0.9189287031068263,0.9240096454642998,0.9174875020191829,True,qapinn,7,0.01/pi,burgers,False,1234,0.08,MS_hard_burgers_n7_qapinn_s1234
,,,,,0.9736942349274845,0.9430418975364862,0.8855155330427461,0.8436802055874363,0.8380950125763101,0.976601178758377,0.9025966993967048,0.8462788922088614,0.8422286130772113,0.9637776976391582,0.9203512356544477,0.9180203216916218,0.9884441344233672,0.9844089428943086,0.9935036119879139,,0.8323781615575565,0.797100548544673,0.8643322628585882,0.9082392710815312,0.9213122490135778,0.9188777670154081,True,qapinn,7,0.01/pi,burgers,False,1234,0.12,MS_hard_burgers_n7_qapinn_s1234
,,,,,0.9738094957476332,0.9377856256566283,0.87054583637493,0.8225943839476234,0.818478085343208,0.9749325296429049,0.8939963920043906,0.8319483421729913,0.8279160055331869,0.960350150587816,0.9122981968578298,0.9094431901774803,0.9865918942028088,0.9808588650830257,0.9920630246523736,,0.7902577994726545,0.7626022433154368,0.840979993676772,0.8962176062704433,0.9184972155658919,0.9206425360974274,True,qapinn,7,0.01/pi,burgers,False,1234,0.16,MS_hard_burgers_n7_qapinn_s1234
,,,,,0.9733914897882125,0.9310333232624473,0.8534204578198401,0.8000630249762486,0.7964156679397818,0.9730120654358843,0.8850258109707673,0.8180921582062824,0.8131985676052983,0.9570148524746419,0.9047569521081011,0.900481603759259,0.9843756767964105,0.9759241222971965,0.989947222543724,,0.7463976037523569,0.7287647886988654,0.8173736039462757,0.8825355136409184,0.915184237990409,0.9225072699799454,True,qapinn,7,0.01/pi,burgers,False,1234,0.2,MS_hard_burgers_n7_qapinn_s1234
,,,,,0.9724211389750479,0.9228684896258164,0.8348828018152773,0.7774750133052986,0.7732553684706432,0.970907995419966,0.876276286635518,0.805715966070857,0.7991331140855178,0.9540066863102504,0.8982203308478944,0.8916392927406875,0.9818322729790234,0.9694240617060116,0.9870222161527883,,0.7017204982527947,0.695942737132505,0.7932832856129474,0.8662079376775957,0.9105075053357417,0.9239297900356119,True,qapinn,7,0.01/pi,burgers,False,1234,0.24,MS_hard_burgers_n7_qapinn_s1234
,,,,,0.9708853935366043,0.9134580455543403,0.8157967610642674,0.7562747693636228,0.7504801024398335,0.9687202770534803,0.8683416564716627,0.7957583740793557,0.7867502244018232,0.9515019271889227,0.8931216110095019,0.8833981963543488,0.9791959506095944,0.9613822911594968,0.9831897113683753,,0.6568097073884752,0.6638738593095531,0.7677164765160948,0.8455744297459125,0.9030438527342247,0.9241716323754366,True,qapinn,7,0.01/pi,burgers,False,1234,0.28,MS_hard_burgers_n7_qapinn_s1234
,,,,,0.9687786104020486,0.9030613906273957,0.797048650354202,0.7377055584565322,0.7297674766398964,0.9665808256903767,0.8617499100815822,0.7889489406529827,0.7772257736382856,0.9495917066616998,0.8897907008475068,0.8765383251531805,0.9769123991446168,0.9524542192874906,0.9784873270544597,,0.6123719287666956,0.6322523504426436,0.7396687225545864,0.8190303484347063,0.8907006212487131,0.9220384264102031,True,qapinn,7,0.01/pi,burgers,False,1234,0.32,MS_hard_burgers_n7_qapinn_s1234
,,,,,0.9661048339454489,0.8920281693015665,0.7794822383493658,0.7225264739631417,0.7128734969132756,0.9646468988783412,0.8569445092539477,0.78564546897097,0.7719168463010091,0.9483196397205941,0.8883642917017248,0.8722798193365202,0.975380842770231,0.9440405621431674,0.9733216174619066,,0.5708505838325936,0.6026966041313523,0.7106105121510115,0.7875675942861514,0.8719686974311105,0.9159425545386581,True,qapinn,7,0.01/pi,burgers,False,1234,0.36,MS_hard_burgers_n7_qapinn_s1234
,,,,,0.962880915744445,0.8807789795555097,0.7638462959299515,0.7109784723940178,0.7007171003272928,0.9630851645390921,0.8542748706927444,0.785833959966131,0.7714902033163714,0.947733434699495,0.8887838290613245,0.8713714217352628,0.9746390138762975,0.9372254472239758,0.968325215852497,,0.5364638435160625,0.5792777545008825,0.6854891298745588,0.7566423304123542,0.849549776622936,0.9066287315683991,True,qapinn,7,0.01/pi,burgers,False,1234,0.4,MS_hard_burgers_n7_qapinn_s1234
,,,,,0.9591401502580821,0.8697691452157555,0.7507141832820522,0.7030376435441297,0.6924422239783761,0.9620479659116485,0.8539372674733999,0.7892987576282564,0.774898319050149,0.9478689524290731,0.8909061230495441,0.8729589735656369,0.9744572182859537,0.9317096091225764,0.9636894997455323,,0.510487263618595,0.5636306693680067,0.6669881089788422,0.7304246898592918,0.8279592238759234,0.8969482640726524,True,qapinn,7,0.01/pi,burgers,False,1234,0.44,MS_hard_burgers_n7_qapinn_s1234
,,,,,0.954936032482469,0.8594427335793933,0.740414411521749,0.6985120453935268,0.686581985114155,0.9616473504393286,0.8559081325633233,0.7956291597681986,0.780431017777885,0.9486967957032899,0.8944657727133994,0.8755495084500022,0.9745865252941883,0.9267649993360845,0.9594870739950283,,0.49075498094593917,0.5538112385191153,0.6536236945570277,0.7087437276446886,0.8089306507058585,0.8882535491713061,True,qapinn,7,0.01/pi,burgers,False,1234,0.48,MS_hard_burgers_n7_qapinn_s1234
,,,,,0.9503449553095646,0.8501851477624364,0.7330288452882341,0.6970294563633503,0.6822420893902813,0.9619334814996139,0.8599451243886835,0.8041973767820348,0.7869015718450507,0.9501137852760139,0.8990517489847745,0.878204715444334,0.9748542812381201,0.9221177601003515,0.9558803194546595,,0.47501229225909297,0.5475344120223202,0.64330909563882,0.6902977495607867,0.7923792209622927,0.8805682558585456,True,qapinn,7,0.01/pi,burgers,False,1234,0.52,MS_hard_burgers_n7_qapinn_s1234
,,,,,0.9454668463828737,0.8422859992566951,0.7284459680919404,0.6980926061400149,0.6790442565665123,0.96288483717153,0.865650582381142,0.8142472858756485,0.7936422238779963,0.9519796570144173,0.904197105876829,0.8805432261046262,0.9751580028562878,0.9178227774626743,0.9529503881654959,,0.46190459467204104,0.543311113949386,0.63475862546862,0.6742501051126786,0.77786752393961,0.8736409589952084,True,qapinn,7,0.01/pi,burgers,False,1234,0.56,MS_hard_burgers_n7_qapinn_s1234
,,,,,0.940422927362192,0.8359192539750645,0.7264237784328974,0.7011766991679969,0.6768397934384708,0.9644130499544191,0.8725483910350963,0.8250279721292578,0.8002512388803776,0.9541545162499014,0.9094893791743026,0.8824583078900353,0.9754471965833906,0.9140165304978207,0.950682275771344,,0.45072225685971795,0.5402775894678313,0.6273245247594355,0.6602089251421546,0.7650249832756948,0.8672612926979986,True,qapinn,7,0.01/pi,burgers,False,1234,0.6,MS_hard_burgers_n7_qapinn_s1234
,,,,,0.935350481474158,0.8311438810621018,0.7266424516588447,0.7057975755579318,0.6755626341261729,0.9663811934124878,0.8801483775184548,0.835886570531936,0.8064625801642553,0.9565164661805634,0.9146225528938678,0.8839499799469984,0.9757060680033224,0.910807311240713,0.9490130709782489,,0.441117328746684,0.5379460979255227,0.620703567954114,0.6480050380031269,0.7535923407062602,0.8612949123856165,True,qapinn,7,0.01/pi,burgers,False,1234,0.64,MS_hard_burgers_n7_qapinn_s1234
,,,,,0.9303951740355583,0.8279215883185831,0.7287464492991409,0.711538277091738,0.6751769250794593,0.9686295237587711,0.8879943252147247,0.8463075845595036,0.8121006078929384,0.9589638695479701,0.9193959380093513,0.8850519609105572,0.9759374208824673,0.9082464693714486,0.9478628422074207,,0.4329384250546382,0.5360564739078556,0.6147599322132676,0.6375576785979129,0.7433931409507751,0.8556685508111133,True,qapinn,7,0.01/pi,burgers,False,1234,0.68,MS_hard_burgers_n7_qapinn_s1234
,,,,,0.9257023721139289,0.8261454999427066,0.7323800310622992,0.7180531574896363,0.6756599812430504,0.9710013485623433,0.8956973657985255,0.8559189412790211,0.8170630098214963,0.961411293484566,0.923691024652557,0.8858017981735581,0.9761508962674866,0.9063303168708051,0.9471477909631285,,0.4261398388349653,0.5344923365979253,0.6094319558449433,0.6288068389117435,0.7343005251605476,0.8503507785286789,True,qapinn,7,0.01/pi,burgers,False,1234,0.72,MS_hard_burgers_n7_qapinn_s1234
,,,,,0.9214092612832613,0.8256727344907892,0.737217011665172,0.7250655964617198,0.6769964777327035,0.9733629352831555,0.9029555409461416,0.8644816049335466,0.821309001367666,0.9637848422823659,0.927445934635391,0.8862296923227538,0.9763563300673043,0.9050124731220812,0.9467857733809744,,0.42073131526546853,0.5332305232917686,0.6046871174044635,0.621682235718052,0.7262132489794195,0.8453358235375947,True,qapinn,7,0.01/pi,burgers,False,1234,0.76,MS_hard_burgers_n7_qapinn_s1234
,,,,,0.9176387590153159,0.8263536842589639,0.7429825441123429,0.7323657791843258,0.6791767841065343,0.9756141134951481,0.9095601289619507,0.8718720608673418,0.8248472653707979,0.9660193647654519,0.9306358029437287,0.8863562507478666,0.9765610781436349,0.9042173411894642,0.9466987083680121,,0.4167489837191178,0.5323051321265684,0.6005010097865463,0.6160884295928357,0.7190385861701982,0.8406291074276285,True,qapinn,7,0.01/pi,burgers,False,1234,0.8,MS_hard_burgers_n7_qapinn_s1234
,,,,,0.9144964242466089,0.8280540357224312,0.7494642512565606,0.7398075069881187,0.6821953724633121,0.9776895263736651,0.9153894936434926,0.8780597972881509,0.8277214963001029,0.9680578184513337,0.9332591742632756,0.8861937465222195,0.9767693417942859,0.9038515151882568,0.9468138828924547,,0.4142369071960492,0.5317783351774428,0.5968486294008781,0.6119001322376555,0.7126824053413057,0.8362359524454904,True,qapinn,7,0.01/pi,burgers,False,1234,0.84,MS_hard_burgers_n7_qapinn_s1234
,,,,,0.9120691019664668,0.8306665935047498,0.7565117949050367,0.7473017205436834,0.6860467407977824,0.9795531256907871,0.9203943929200803,0.8830833080336906,0.8299946554003179,0.9698529567849659,0.9353309371985357,0.8857489474750677,0.9769823646144796,0.9038105315466597,0.9470635897252444,,0.4132316505102396,0.5317126421844337,0.593697854273735,0.6089572733644459,0.7070394797379819,0.8321505226377984,True,qapinn,7,0.01/pi,burgers,False,1234,0.88,MS_hard_burgers_n7_qapinn_s1234
,,,,,0.9104251006027718,0.8341136130891106,0.7640257840333015,0.7548043405346029,0.6907166198093518,0.9811893506780862,0.9245780253479836,0.8870251268317737,0.8317319832111865,0.971370357671849,0.9368789578826,0.8850256541025854,0.9771985563128182,0.903982174593349,0.9473836766021142,,0.41374762941923676,0.5321461047131483,0.5910045323595684,0.6070627208161964,0.7019869857579698,0.8283482140684519,True,qapinn,7,0.01/pi,burgers,False,1234,0.92,MS_hard_burgers_n7_qapinn_s1234
,,,,,0.9096140986394602,0.8383408808428988,0.7719393893774279,0.7622996022468721,0.696169031136006,0.9825943403359056,0.9279754491038298,0.8899891837285596,0.832984944981489,0.9725919008072391,0.9379435190193687,0.8840262605402243,0.9774134508161538,0.904246794694578,0.9477107525890638,,0.4157615035977435,0.5330705636391755,0.588706504079785,0.6059799369580582,0.6973785157185998,0.8247802203022531,True,qapinn,7,0.01/pi,burgers,False,1234,0.96,MS_hard_burgers_n7_qapinn_s1234
,,,,,0.90966592841843,0.8433055067758034,0.7801956908468015,0.7697802514187159,0.7023306423365581,0.9837689395292796,0.9306347307393947,0.8920818631273789,0.8337776103592338,0.9735179310785036,0.9385775605357876,0.8827515094820056,0.9776195780434646,0.9044759521804133,0.947978718467528,,0.4191966227507196,0.5344146691710906,0.5867167135038881,0.6054316693445859,0.6930398978761884,0.8213709268430454,True,qapinn,7,0.01/pi,burgers,False,1234,1.0,MS_hard_burgers_n7_qapinn_s1234
,,,,,0.9708357438171146,0.9101616974197435,0.8196816769262876,0.7722212701912945,0.7632239980593993,0.9754301644235808,0.906269725374158,0.8528963431460106,0.8373157157276054,0.9631469300211348,0.9076502141363085,0.8820292121864419,0.9781019015660987,0.9563085747126787,0.9826467102958766,,0.8261711305392853,0.8777950934729895,0.897999834148713,0.9144797385818048,0.9112551460867654,0.9375514412222562,True,qapinn,7,0.01/pi,burgers,False,2025,0.0,MS_hard_burgers_n7_qapinn_s2025
,,,,,0.9712717814052996,0.9118730366014899,0.8192477990678104,0.7734962806410565,0.7665766830036495,0.9757520366026021,0.9041230713488098,0.8539590219296181,0.8411930019644119,0.9625483052591852,0.9116461859955035,0.8894551065752654,0.9803703168512881,0.960410288746142,0.9822443091828871,,0.8197588520989074,0.874683238280054,0.8996083074131757,0.9136123579521458,0.9063751919634092,0.9351406233878828,True,qapinn,7,0.01/pi,burgers,False,2025,0.04,MS_hard_burgers_n7_qapinn_s2025
,,,,,0.9713363265453654,0.91264909078057,0.8177797230333673,0.7722853242418654,0.7682740923729002,0.9757656649652641,0.9007285929978932,0.851980557197438,0.842936839446872,0.9612560701743305,0.9132720555549232,0.895185977458307,0.9820028858047841,0.9638704304343835,0.9817853386490253,,0.8024795134964482,0.8608503108187877,0.8925880131451029,0.9086359973870796,0.9001988728497738,0.9314808603681314,True,qapinn,7,0.01/pi,burgers,False,2025,0.08,MS_hard_burgers_n7_qapinn_s2025
,,,,,0.9709517940990705,0.9123630925586828,0.8147525190841183,0.7681088808027374,0.7678279331520969,0.9753852622804101,0.8956140220570313,0.8463177059791206,0.8417967937341885,0.9590292412611934,0.9121119606293183,0.8985672918475364,0.9829337085553825,0.9663081103958726,0.9812155297685756,,0.7759370728513264,0.8376133048189561,0.8789187932063257,0.9011070029678903,0.8938526932972731,0.9273007052587754,True,qapinn,7,0.01/pi,burgers,False,2025,0.12,MS_hard_burgers_n7_qapinn_s2025
,,,,,0.9701051854365111,0.9109185025769984,0.8097764704447044,0.7608354260248813,0.7648704637674681,0.9744915093830185,0.8884442169110865,0.8367153262465855,0.8372347720441884,0.9557972237010981,0.9081122590222026,0.8992036287518332,0.9831176078644785,0.9673833784649752,0.9804831316243813,,0.7425822058238466,0.8068881956585326,0.8606157347003168,0.8922095819658958,0.888016945103241,0.9231112097510963,True,qapinn,7,0.01/pi,burgers,False,2025,0.16,MS_hard_burgers_n7_qapinn_s2025
,,,,,0.9688684970857536,0.9083381912249936,0.8029188618600127,0.7511258990616547,0.7591836686746345,0.9729779137143661,0.8793432919936068,0.8238743232333762,0.8290164243786767,0.9517844040222649,0.9018935627242525,0.8968840421711872,0.982634374410394,0.96677089784871,0.9796254233321843,,0.7052944025122084,0.7710003932342845,0.8394398459864748,0.8827026714052518,0.8830376989345915,0.9192711349862704,True,qapinn,7,0.01/pi,burgers,False,2025,0.2,MS_hard_burgers_n7_qapinn_s2025
,,,,,0.9674043247388936,0.9048532996758759,0.7950449098489856,0.7407871032749083,0.7511914408257052,0.9708120395875592,0.8692792194306446,0.8100471603779834,0.8178450727699785,0.9477166405880149,0.8952756256082679,0.8920906377209208,0.9818831655423792,0.9644752266364333,0.9788152924073374,,0.6669147779818947,0.7325249470169518,0.8169010398850889,0.8729793523077496,0.8792201386838295,0.9160626514739761,True,qapinn,7,0.01/pi,burgers,False,2025,0.24,MS_hard_burgers_n7_qapinn_s2025
,,,,,0.9659493444630282,0.9009286275966761,0.7876143291713368,0.7319696503384884,0.7424959007360701,0.9680822946462485,0.8598672363086769,0.7981689321270296,0.8059370089152958,0.944668604640438,0.8906757705049472,0.8866384307087947,0.9814444945406405,0.961347993287266,0.978329643831883,,0.6300593681834925,0.6942870103758815,0.7944548428392378,0.8629383784694774,0.8765575882702152,0.9136977673337818,True,qapinn,7,0.01/pi,burgers,False,2025,0.28,MS_hard_burgers_n7_qapinn_s2025
,,,,,0.9647701719250386,0.8971883276549592,0.7818550194207109,0.7259905891228855,0.735380779652074,0.9650101406554861,0.852434210542245,0.7901375111235089,0.7961468237938915,0.9433183083895047,0.8894842153360032,0.8829119967055085,0.9816407826966731,0.9588011556634358,0.9785539204149248,,0.5971858176856311,0.6594392318408409,0.773806023318651,0.8521080795989504,0.8739331832502885,0.9116685758994214,True,qapinn,7,0.01/pi,burgers,False,2025,0.32,MS_hard_burgers_n7_qapinn_s2025
,,,,,0.9640922520586459,0.8942507094850348,0.778359746632603,0.7233893784619212,0.7320089503482848,0.9619228641908691,0.8475343474085241,0.7865259525368057,0.7907977522599091,0.9435490546631461,0.8916112863592657,0.8826562805915686,0.9824551566641057,0.9580621800878706,0.9798285112982232,,0.5711003061420953,0.6316523144174877,0.7574743253941465,0.841125825605697,0.8701452037770571,0.9085791566255673,True,qapinn,7,0.01/pi,burgers,False,2025,0.36,MS_hard_burgers_n7_qapinn_s2025
,,,,,0.9640148174676095,0.8925258626158707,0.7772945133136906,0.7242612624061249,0.7333334700850238,0.9591925518760058,0.8452484145553312,0.7871534565983094,0.7908064701193233,0.9448142513485093,0.8961638707957861,0.8861804001102959,0.9837057698172301,0.9594567315284331,0.9819579998435518,,0.5549462190393796,0.6148341803469638,0.7488986871850895,0.8329474510045297,0.8661770390343205,0.9042338279689881,True,qapinn,7,0.01/pi,burgers,False,2025,0.4,MS_hard_burgers_n7_qapinn_s2025
,,,,,0.9644392708147523,0.892058037082278,0.7785441299602557,0.7281382122741656,0.73831164390228,0.9571571813346514,0.8455038799117514,0.791389613799603,0.795194446841613,0.9465949534991476,0.9020355527577217,0.8920611137342045,0.9851351494519646,0.9620548239902235,0.984202429685016,,0.5491252829062578,0.6097180335535581,0.7486510321796763,0.8292137303176754,0.8635636068220454,0.9000306153650132,True,qapinn,7,0.01/pi,burgers,False,2025,0.44,MS_hard_burgers_n7_qapinn_s2025
,,,,,0.9650472931048474,0.8924840145760707,0.7816887652879727,0.7341094909584599,0.7450622728188182,0.9560455786001452,0.8481514365763368,0.7984039683406621,0.8022609639218683,0.9485850940977967,0.9082673773580433,0.8984371704260418,0.9864812571093707,0.9646355331261727,0.9859966634762051,,0.5510073412552431,0.6135157825166966,0.7536463503921362,0.8283074093668036,0.8621400404555938,0.8967763268953067,True,qapinn,7,0.01/pi,burgers,False,2025,0.48,MS_hard_burgers_n7_qapinn_s2025
,,,,,0.9653557175989296,0.8931305774499798,0.7860033118227697,0.7411176104671268,0.7520749067611547,0.9559285250922281,0.8529145988375496,0.8073622688092187,0.8107109850626324,0.9506578793440743,0.9142261128423758,0.9041433965812838,0.987541734392039,0.9664869519522016,0.9871867138866194,,0.5577205930183674,0.6231243796506186,0.7607139343484927,0.8281253337111194,0.8612233560527247,0.8944767822695205,True,qapinn,7,0.01/pi,burgers,False,2025,0.52,MS_hard_burgers_n7_qapinn_s2025
,,,,,0.9648432687905972,0.8932117831030437,0.7905478808244578,0.7480946358387905,0.7583435763218749,0.9567096768122046,0.859329586496838,0.8174477206156922,0.8197146452716982,0.9527582359479138,0.9195803199235143,0.9087314174828188,0.9881859714366308,0.967367065264405,0.9878323005092449,,0.56709202673279,0.6362763522023618,0.7680154589297041,0.8274831589962734,0.8604904844577824,0.8929593865953227,True,qapinn,7,0.01/pi,burgers,False,2025,0.56,MS_hard_burgers_n7_qapinn_s2025
,,,,,0.9631019367751723,0.8920431988119005,0.7943487213669043,0.7540183152683064,0.763114497759728,0.9581577647058397,0.8667754120181834,0.8278503460220195,0.8286377227935519,0.9548410494217331,0.9242007049030388,0.9121423352106741,0.9883442026337224,0.9672685894733591,0.9880550673784716,,0.5773128448595544,0.6511988063974063,0.774626350401006,0.8258760676859258,0.8598519041747544,0.8920379676802385,True,qapinn,7,0.01/pi,burgers,False,2025,0.6,MS_hard_burgers_n7_qapinn_s2025
,,,,,0.9599430765938453,0.8891913509771885,0.7966227607888382,0.7579979651431988,0.7657295799493476,0.959970990771307,0.8746073598381452,0.8378267792261863,0.8369205293426957,0.9568714112956791,0.9280718285577495,0.91447592932661,0.9880006569515656,0.9662910482320988,0.9879825281931468,,0.5867052364622773,0.6663461030850166,0.7800560531307447,0.8231324687235537,0.8592568110107827,0.8915190975121428,True,qapinn,7,0.01/pi,burgers,False,2025,0.64,MS_hard_burgers_n7_qapinn_s2025
,,,,,0.9554107123817199,0.8845143008203943,0.7969204202322937,0.7593806982348665,0.7656271296273577,0.9618518519890241,0.882293041682126,0.8467996793815721,0.844108949221762,0.9588329048804749,0.9312335352416695,0.9158832923353291,0.9871954490839778,0.964603367145016,0.9877313326699922,,0.593751260932331,0.6803842452290484,0.7840085987402186,0.8192505385781885,0.8586303583922692,0.8912172120972732,True,qapinn,7,0.01/pi,burgers,False,2025,0.68,MS_hard_burgers_n7_qapinn_s2025
,,,,,0.9497106650779956,0.8780989906366139,0.7951051779798173,0.7578156796106773,0.7624166852614819,0.963563430526251,0.8894694953004401,0.854422710193172,0.8499165618733318,0.9607211818121203,0.9337522171727353,0.9165280943509901,0.9860206443119134,0.9624238900979265,0.9874010282314933,,0.5972414036080582,0.6922809394027283,0.7863169304834567,0.8143451541003907,0.8578928340987387,0.8909835985529392,True,qapinn,7,0.01/pi,burgers,False,2025,0.72,MS_hard_burgers_n7_qapinn_s2025
,,,,,0.9431091445244792,0.8701450816682212,0.7912247534539095,0.7532433387571161,0.7559389686297643,0.9649506448590485,0.8959279212338245,0.8605733764346716,0.8542390465076667,0.9625372357083735,0.9357112887678505,0.9165738131625077,0.9845986067338495,0.9599826468494349,0.9870697992309976,,0.5964011071333882,0.701370831120505,0.78695004515005,0.8086272151726007,0.8570003218489078,0.8907260735339926,True,qapinn,7,0.01/pi,burgers,False,2025,0.76,MS_hard_burgers_n7_qapinn_s2025
,,,,,0.9358562357688583,0.8608573396876781,0.7853807892783757,0.7458195977065573,0.7462654175402323,0.9659295189407836,0.9015644180792548,0.8652815164194506,0.8571083334481836,0.9642868379855887,0.9372020127763004,0.9161722344826843,0.983050520260764,0.9574773149886096,0.9867908703533221,,0.5909176130752511,0.7073333733916557,0.7860091484784354,0.802374360284916,0.8559697131026651,0.8904128309817216,True,qapinn,7,0.01/pi,burgers,False,2025,0.8,MS_hard_burgers_n7_qapinn_s2025
,,,,,0.928158168112429,0.8503882853346207,0.7776563694603661,0.7358112335877415,0.7336389433601422,0.9664607543494097,0.9063228984877223,0.8686285934872413,0.8586108966560948,0.9659793382290952,0.9383051138199938,0.9154447321052753,0.981471515920576,0.9550448662566493,0.9865907886047781,,0.5808630338898333,0.7100939441764728,0.7836847057450856,0.7958960796077137,0.8548816255011855,0.8900702398401985,True,qapinn,7,0.01/pi,burgers,False,2025,0.84,MS_hard_burgers_n7_qapinn_s2025
,,,,,0.9201880398238749,0.8388359025086629,0.7680999352832072,0.7235014465437495,0.7183885991949975,0.9665238071961056,0.910143344647468,0.8706562886442275,0.8588046840842928,0.9676212221340289,0.9390684385034802,0.9144619844388376,0.9799213181055939,0.952756251520807,0.9864711080628995,,0.5665574345995433,0.7096945013191782,0.7801909067667901,0.7895091310622359,0.8538697629089405,0.8897797413700457,True,qapinn,7,0.01/pi,burgers,False,2025,0.88,MS_hard_burgers_n7_qapinn_s2025
,,,,,0.9121119576729232,0.8262772366939032,0.7567409430997588,0.7091320321257503,0.7008600972842268,0.9660992271573617,0.9129203894300396,0.8713061127947098,0.8576604869129547,0.9692052619789514,0.939490016911573,0.9132321685235427,0.97842847561326,0.9506274831123063,0.9864130068126358,,0.5484347729649935,0.7061742810553086,0.7756970922368395,0.7835133882216149,0.8530964137739837,0.8896648312310008,True,qapinn,7,0.01/pi,burgers,False,2025,0.92,MS_hard_burgers_n7_qapinn_s2025
,,,,,0.9041107477324779,0.8128136574468556,0.7436178259482813,0.6928895371034905,0.6813871685202673,0.9651611070218667,0.9144772853665463,0.8703955076872266,0.8550392585546025,0.9706999302933135,0.9395111872305663,0.9117018354709809,0.9770007497668187,0.9486380511276553,0.9863837185217998,,0.5269726931598643,0.6995014146516707,0.7702794251468689,0.7781672245398671,0.8527253496185596,0.8898691474884073,True,qapinn,7,0.01/pi,burgers,False,2025,0.96,MS_hard_burgers_n7_qapinn_s2025
,,,,,0.8963898569056387,0.7986130637914519,0.7288112856998842,0.6749307631923753,0.66030745354923,0.9636786063141051,0.914557684528251,0.8676244955576409,0.850702315151881,0.9720410092651081,0.9390171995483902,0.9097648760813994,0.9756346814384859,0.9467503162520109,0.9863432470178047,,0.5027117613047078,0.6895804438730385,0.7639054693156082,0.7736627271098939,0.8528958739420139,0.8905282048975071,True,qapinn,7,0.01/pi,burgers,False,2025,1.0,MS_hard_burgers_n7_qapinn_s2025
,,,,,0.9703235691795484,0.9510874201564937,0.9365609484462013,0.9007080071062272,0.8884139363800575,0.993910865188221,0.9695201678964618,0.9237183837765063,0.8889737696453209,0.9856029817375723,0.9435022855947127,0.9032782277326642,0.9776088254002429,0.9465838087308852,0.9822089982150765,,0.8910440055999281,0.9266475763859283,0.9365907613368541,0.9407241533901708,0.9035823167599405,0.8907129336663733,True,qapinn,7,0.01/pi,burgers,False,777,0.0,MS_hard_burgers_n7_qapinn_s777
,,,,,0.9721709071402242,0.9538488596874414,0.9378091945685333,0.9026680781509125,0.8905212969932335,0.9935884522575792,0.9686777287304825,0.9240894471675867,0.8929359641101297,0.9857437944052159,0.945202062310872,0.9096744338088523,0.9786019767742442,0.9512936212068519,0.9840413454089383,,0.8744523029203268,0.9191668822407618,0.9330768913250722,0.9383576218282108,0.9008824108084789,0.891840526041819,True,qapinn,7,0.01/pi,burgers,False,777,0.04,MS_hard_burgers_n7_qapinn_s777
,,,,,0.9731672180311973,0.9538871895635285,0.9349323148051993,0.9013423719611718,0.8885366138669386,0.9926348122395496,0.9663325938332029,0.9227895372014193,0.8947107191763698,0.985660324725129,0.9462045206708499,0.9148885295121052,0.9793944698951047,0.9552264372089619,0.9859269538478104,,0.8557170183123661,0.9120423037392597,0.9308746694446333,0.936845424149481,0.8991927132504843,0.8926144230847626,True,qapinn,7,0.01/pi,burgers,False,777,0.08,MS_hard_burgers_n7_qapinn_s777
,,,,,0.972932187933254,0.9507596252778389,0.9275485026170303,0.8960111199762355,0.8815872745712162,0.9911274869975362,0.9625602504833826,0.9196729285384937,0.8937098960644616,0.9852791700209185,0.9462556781773442,0.9182231500649011,0.979914695486007,0.9581106809936096,0.9877663193713183,,0.8343453508903738,0.9041527181912019,0.9291358263561932,0.9363053391478778,0.8988535878571179,0.8932938018689166,True,qapinn,7,0.01/pi,burgers,False,777,0.12,MS_hard_burgers_n7_qapinn_s777
,,,,,0.9712878499463699,0.9446248564949804,0.9160991965205977,0.8866213769391633,0.8693999004199415,0.9892475503288211,0.9576556763021367,0.9147412503926249,0.8894474680146323,0.9845461059790329,0.9451230826178949,0.9189102685944467,0.9800714264410488,0.9596273301687145,0.9893956764673214,,0.8095007061640043,0.8938472109473462,0.9263530156070187,0.9363833982130606,0.8998433155190887,0.8940415310935618,True,qapinn,7,0.01/pi,burgers,False,777,0.16,MS_hard_burgers_n7_qapinn_s777
,,,,,0.9682588996303646,0.9360924815868856,0.9016923682247171,0.8738042414677989,0.8524841727060707,0.9872315997875848,0.9520994771131144,0.9081752872732061,0.881753426116097,0.983460626641542,0.9426261999259032,0.916299914483486,0.9797184237524843,0.9594211568545451,0.9906065774591689,,0.7804127777342172,0.8794628814476878,0.9206895697476924,0.9361924374885583,0.9017234248895434,0.8948900152844057,True,qapinn,7,0.01/pi,burgers,False,777,0.2,MS_hard_burgers_n7_qapinn_s777
,,,,,0.9640116915650075,0.9259470808343734,0.8857711509512562,0.8588071053903894,0.8321994394088819,0.9853081429727835,0.9464995043842269,0.9004588515822515,0.8710308404500109,0.9821163587566524,0.9387502552473155,0.9101319250568213,0.9786710567472056,0.9571514606669517,0.9911756520532125,,0.7468532077827927,0.8599331597416356,0.9104544689510522,0.9343276456642163,0.9036306122284841,0.8957407516934274,True,qapinn,7,0.01/pi,burgers,False,777,0.24,MS_hard_burgers_n7_qapinn_s777
,,,,,0.958784961315535,0.9149191878857065,0.8697720026387863,0.8433401013879318,0.8106154632287502,0.9836477708040903,0.941506084403458,0.892519106655472,0.8583980716969015,0.980713756271979,0.933853217563283,0.9008168044508342,0.9768507688531064,0.9526629851986854,0.9909010450375506,,0.7094909123355891,0.8352255931186495,0.8945602821399486,0.9289471438020661,0.9041442405395282,0.8962760141892306,True,qapinn,7,0.01/pi,burgers,False,777,0.28,MS_hard_burgers_n7_qapinn_s777
,,,,,0.9528462168646292,0.9035870440606387,0.8548682938862066,0.8291437076794775,0.7901346472561966,0.9823430337676903,0.9376849743635836,0.8855479007133977,0.8455743282860602,0.9795057856556467,0.9286937964749293,0.8895788450625027,0.9744577754456989,0.9462972692685804,0.9896651746180836,,0.6702772732013762,0.8068339922615996,0.8732830400412107,0.9184361616158101,0.9012147822938892,0.8956628877063955,True,qapinn,7,0.01/pi,burgers,False,777,0.32,MS_hard_burgers_n7_qapinn_s777
,,,,,0.9464759039244112,0.8923862410789036,0.8418251773039818,0.8173648790003525,0.7729374694991,0.981414716667552,0.9353694476996075,0.8804540763466119,0.834472358150505,0.9786912466924479,0.9240703208988694,0.8782773746856679,0.9719167361060563,0.9391175899368485,0.9875972872649488,,0.6331863107652791,0.7788713318924906,0.8499552033379965,0.9037740292743225,0.8936011494230847,0.8925621695415681,True,qapinn,7,0.01/pi,burgers,False,777,0.36,MS_hard_burgers_n7_qapinn_s777
,,,,,0.9399653189795086,0.8816578268236767,0.8309730464681736,0.8081859221219087,0.7601140931356204,0.9808305118128927,0.9345758504893619,0.8774030845298664,0.8263366386476042,0.9783380370885661,0.9203660125050337,0.8685918858036376,0.9695735784142442,0.9324604596581401,0.9852985868994248,,0.6032300095927166,0.757278160930964,0.8307115682861718,0.8898140794366225,0.8834831217966757,0.8866152017000684,True,qapinn,7,0.01/pi,burgers,False,777,0.4,MS_hard_burgers_n7_qapinn_s777
,,,,,0.9336146648642333,0.8716760958561182,0.8222681145379498,0.8010043269720397,0.7511100226466074,0.9805207495231353,0.935029266208003,0.8758709298961127,0.8210437605239563,0.9783881430790107,0.9174928169425991,0.8610725887519798,0.9675244469346195,0.9269696965539855,0.9835009732565154,,0.5821065700893695,0.7445105597874894,0.8187232045379934,0.8799971206310427,0.8740804008328804,0.8791981474614949,True,qapinn,7,0.01/pi,burgers,False,777,0.44,MS_hard_burgers_n7_qapinn_s777
,,,,,0.9277245692977992,0.8626324582121468,0.8153758958995574,0.794912736073803,0.7444717550187427,0.9803832710770536,0.9362591165193458,0.8750820113325024,0.8176337592135361,0.9787160481262484,0.9152192656592898,0.8554115564191831,0.9657503355805104,0.9225494590337947,0.9824291057396276,,0.5677178544094739,0.7384066454372693,0.8124250822727926,0.8735605499394953,0.8661235309518142,0.8716267206473681,True,qapinn,7,0.01/pi,burgers,False,777,0.48,MS_hard_burgers_n7_qapinn_s777
,,,,,0.922580336264731,0.8545866560148603,0.8097345032004364,0.7889921421113545,0.7388549252422328,0.9802780178600082,0.9376973939655642,0.8743356776718495,0.8152307878607966,0.9791871678349924,0.9134256379865714,0.8513370449524088,0.9642647559601205,0.9190599505361585,0.9819669339542609,,0.5575041501727991,0.7360539424049773,0.8094457224943866,0.8688370658913683,0.8591179049675921,0.864384361120177,True,qapinn,7,0.01/pi,burgers,False,777,0.52,MS_hard_burgers_n7_qapinn_s777
,,,,,0.9184342776685556,0.8474250637817948,0.8046168768078451,0.7823975769390897,0.7332818465071033,0.9800197461002661,0.938753570067079,0.8730967145057575,0.8133087586284434,0.9796929762934787,0.9121431670184564,0.8488895001195661,0.9631366540193194,0.9165753913157455,0.9819758681640364,,0.5497392084555737,0.735452919423147,0.8083871044021822,0.8649581837788506,0.8526780646928984,0.8575200358184935,True,qapinn,7,0.01/pi,burgers,False,777,0.56,MS_hard_burgers_n7_qapinn_s777
,,,,,0.9154949409847375,0.8408807230097691,0.7992498877284104,0.7744606420367568,0.7270867379988061,0.979380786423781,0.9388736411602581,0.8709863389926882,0.8115624382895715,0.9801636963768355,0.9114899577570129,0.8482597966981283,0.9624551763073419,0.915273214295652,0.9823601922707593,,0.5433656145901209,0.7353276957975045,0.808609154179891,0.8617065037803472,0.8466851106341742,0.8509570585800738,True,qapinn,7,0.01/pi,burgers,False,777,0.6,MS_hard_burgers_n7_qapinn_s777
,,,,,0.9139323125717219,0.8346634153208564,0.7930379916904524,0.7649044401781505,0.7199590039411716,0.9781146845813877,0.9375968623912849,0.8677540862292075,0.809746778410899,0.9805653796723779,0.9115790949423844,0.8495772674949886,0.962285342940957,0.9152891097680546,0.9830489989497856,,0.5377604027939323,0.7347285723538808,0.8097625618440611,0.8591378208434547,0.8411614552284864,0.8446040192053011,True,qapinn,7,0.01/pi,burgers,False,777,0.64,MS_hard_burgers_n7_qapinn_s777
,,,,,0.9138938337027559,0.8286929981045398,0.7858623547809968,0.754107907380115,0.7120960096823417,0.9760049964283635,0.9346138525306559,0.8632542021773251,0.8075755005699822,0.9808866888066218,0.9124317256380292,0.8527536578571104,0.9626347167701071,0.916627076435599,0.9839743673716563,,0.5326618612987408,0.7327870500020122,0.811456047897429,0.85732051694107,0.8361425335591526,0.8383697816802309,True,qapinn,7,0.01/pi,burgers,False,777,0.68,MS_hard_burgers_n7_qapinn_s777
,,,,,0.9154989482929257,0.8233186268776082,0.7782969231338889,0.7432369814824005,0.7043085429236051,0.9729306093677964,0.9298171554644824,0.8574406485996487,0.8047005345959212,0.9811221008091672,0.9139217040001886,0.8574099691136294,0.9634399184898963,0.9191317380992019,0.9850606698757555,,0.5281566248104146,0.7286506146895385,0.8130871764722828,0.8561958375802345,0.8316000383246884,0.832157044063726,True,qapinn,7,0.01/pi,burgers,False,777,0.72,MS_hard_burgers_n7_qapinn_s777
,,,,,0.9187701383722101,0.819318522682852,0.7715085515294814,0.7340239870547695,0.697876262076572,0.9689213572796556,0.9233210958436497,0.8503806161423805,0.8007700634394931,0.981258537701026,0.9157700313643339,0.8628938244433026,0.9645701545618004,0.9225047569735599,0.9862256336550967,,0.5245786667233374,0.7215832409049528,0.8138422387144837,0.8555399989456693,0.8274229344895518,0.8258635015587569,True,qapinn,7,0.01/pi,burgers,False,777,0.76,MS_hard_burgers_n7_qapinn_s777
,,,,,0.9235188687436183,0.8175686076832761,0.7667492725018016,0.7281394654165849,0.694069671194432,0.9641665822270562,0.9154175807504717,0.8422544600691636,0.7955181074297265,0.9812687584918723,0.9175898034365274,0.8683729073355004,0.9658358363468776,0.9263277049531965,0.9873861480929675,,0.5222529135916516,0.7111603826283363,0.8128476116570608,0.8549971895627656,0.8234362917848069,0.8193833919227648,True,qapinn,7,0.01/pi,burgers,False,777,0.8,MS_hard_burgers_n7_qapinn_s777
,,,,,0.9292964067515285,0.8185679405408033,0.764704595170145,0.7264458772502861,0.693545129989807,0.9589595224680465,0.9064556999648564,0.8333002813634275,0.7888132502912508,0.98110452594597,0.9189645082993365,0.8729744602205081,0.966996746367382,0.9300669489927201,0.9884590037368101,,0.5211882207349068,0.6974119946075589,0.8093872946082771,0.8541294026131915,0.8194218235509495,0.8125852430646197,True,qapinn,7,0.01/pi,burgers,False,777,0.84,MS_hard_burgers_n7_qapinn_s777
,,,,,0.9355014585506395,0.822200754816017,0.7651803665311432,0.7286169304314164,0.6960016444425843,0.9536133493528395,0.8967131150488248,0.8237114691021379,0.7806248712284752,0.9806870113471124,0.919530720450463,0.8759276585541186,0.9677762958669937,0.9330652631927543,0.9893491570128776,,0.5209621706256599,0.6808142031696809,0.8030843948245764,0.8524751256164897,0.8151732669153523,0.8053153132870926,True,qapinn,7,0.01/pi,burgers,False,777,0.88,MS_hard_burgers_n7_qapinn_s777
,,,,,0.9415769302902904,0.8279166863495098,0.767397953898252,0.733410540671021,0.7003426541981675,0.9484247720054332,0.8864152869882301,0.8136017471791237,0.7709533087892931,0.9799210137741255,0.9190477838115471,0.8766546828760533,0.9678963835599134,0.9345498411248861,0.9899217349152963,,0.5209203709765274,0.6621583587322076,0.7939842368521006,0.8496930318978484,0.8107139192472842,0.797576479855156,True,qapinn,7,0.01/pi,burgers,False,777,0.92,MS_hard_burgers_n7_qapinn_s777
,,,,,0.9471317964812423,0.835104198626111,0.7706271673595781,0.7394435130359854,0.7052477985690825,0.9437195122704831,0.8759677571833457,0.8032101007971425,0.7598622669209136,0.9787616651294818,0.9174951478672817,0.8748002248561518,0.9671429529440386,0.9336690108317891,0.9899532766096009,,0.5205140211043664,0.6423735358920772,0.7825131609613656,0.845783040558468,0.8067017393471025,0.7899101228972928,True,qapinn,7,0.01/pi,burgers,False,777,0.96,MS_hard_burgers_n7_qapinn_s777
,,,,,0.951926166844664,0.8432861941885953,0.7745107599106145,0.7459562186038746,0.7098683767418844,0.9399107865604419,0.8661571635211233,0.7933677300262625,0.7477967066201866,0.9772687776484267,0.9152994396868772,0.8703738984756806,0.9655190101443233,0.9296207346352083,0.9890419515338343,,0.5194895042760228,0.6223490252180299,0.7691994379718582,0.8408945485677821,0.8044329716602155,0.7834117821746427,True,qapinn,7,0.01/pi,burgers,False,777,1.0,MS_hard_burgers_n7_qapinn_s777
,,,,,0.944657627201561,0.8991549904596137,0.8627103071836316,0.8124202547635508,0.8171713846798092,0.9878206537289524,0.9608063389228523,0.9063010204397102,0.9010946429672603,0.9855587538195569,0.9396426134609407,0.9260364792874352,0.9787403120317778,0.9658937794450692,0.9913819637163535,,0.8539903354746341,0.9503001043853202,0.968129533533835,0.9742587729601035,0.9633350459034439,0.9471868416437061,False,qapinn,8,0.01/pi,burgers,False,1234,0.0,MS_hard_burgers_n8_qapinn_s1234
,,,,,0.9440193687419436,0.8982311316844976,0.8594005566260973,0.8084986880455726,0.8132904115973715,0.987790689792852,0.9595844058672419,0.9039808035149623,0.897833768096355,0.9854785018558838,0.9383845693356015,0.9235430346014979,0.9782369890036039,0.9645702106411732,0.9913480608512476,,0.849375672996202,0.9475658186472163,0.9670390071836011,0.9746873035968252,0.9652960139352381,0.9485844299243975,False,qapinn,8,0.01/pi,burgers,False,1234,0.04,MS_hard_burgers_n8_qapinn_s1234
,,,,,0.9430880490389345,0.8970313757906749,0.855844425783711,0.8041300864100593,0.8085240385900325,0.9878072696193959,0.958415272666182,0.9015685995450535,0.894544656640462,0.9853793538525253,0.9371278648994281,0.921362743039297,0.977602279455504,0.9633355312612004,0.9913870696376148,,0.8429158917883928,0.9430463521401369,0.9643179353254931,0.9739413401014632,0.9665294194009723,0.9500706384039418,False,qapinn,8,0.01/pi,burgers,False,1234,0.08,MS_hard_burgers_n8_qapinn_s1234
,,,,,0.9418674704635437,0.8955811439345203,0.8520975386641414,0.799386191331303,0.8028457583352745,0.9878704233947925,0.9572955845776346,0.8990944050950083,0.8912617702185789,0.9852272723527782,0.9358680241927935,0.9195183006365287,0.9768759417629648,0.9622254181820259,0.9914777001829782,,0.8345948564461634,0.9366913206877856,0.9599131128362515,0.9718121795625938,0.9668755082259848,0.9515711559044125,False,qapinn,8,0.01/pi,burgers,False,1234,0.12,MS_hard_burgers_n8_qapinn_s1234
,,,,,0.9403530796774354,0.8938783903335575,0.8481795406568914,0.7943734393874967,0.7963382934860814,0.9879771995352776,0.9562246425057317,0.8966215418315181,0.8880254450842432,0.9849916642062447,0.9346041484684451,0.9179794843627297,0.976104006396272,0.9612421877558588,0.9915768132779007,,0.8246586928248667,0.9286918759552298,0.9539854726999557,0.9682823809193875,0.9662139146248705,0.952868473033053,False,qapinn,8,0.01/pi,burgers,False,1234,0.16,MS_hard_burgers_n8_qapinn_s1234
,,,,,0.9385428720792941,0.8919060358355129,0.8440778023957003,0.7892143144093485,0.7892189941094089,0.9881219660844447,0.9552044834804047,0.8942269330513806,0.8848904949321463,0.9846508080445507,0.9333299307072238,0.9166762545551899,0.9753261979461394,0.960363422563074,0.9916328032618226,,0.8135972189529861,0.9194670016985577,0.9468936760279609,0.9635454710205396,0.9644730147001132,0.95363730315242,False,qapinn,8,0.01/pi,burgers,False,1234,0.2,MS_hard_burgers_n8_qapinn_s1234
,,,,,0.936454348802004,0.8896538920444734,0.83976040011137,0.7840245437200163,0.7818174412883989,0.9882966872753924,0.9542362987048386,0.8919779482431434,0.8819242388156184,0.9841945428283716,0.9320269992264804,0.9155169875149284,0.9745646551379308,0.9595543416960999,0.9916033788834103,,0.8020370153096322,0.9095816013587663,0.939123051452011,0.9579691715688418,0.9616629618750233,0.9535429694801348,False,qapinn,8,0.01/pi,burgers,False,1234,0.24,MS_hard_burgers_n8_qapinn_s1234
,,,,,0.9341461679907106,0.8871486616442706,0.8352018820345434,0.7788962740155191,0.7745070057577264,0.9884914985723343,0.9533164147475658,0.8899129979316958,0.8791887974336842,0.9836251041174467,0.9306638656145588,0.9144026885617003,0.9738177584562039,0.9587758356878462,0.9914679099720869,,0.7906110350205581,0.8996407668709003,0.9311986454180715,0.9520260362355539,0.9579100625851424,0.9523535385184114,False,qapinn,8,0.01/pi,burgers,False,1234,0.28,MS_hard_burgers_n8_qapinn_s1234
,,,,,0.9317402770298854,0.8844863392509597,0.8304208987599101,0.7738978682993525,0.7676193044562307,0.9886951999316884,0.9524335386512246,0.8880315269537336,0.8767148717763737,0.9829565199488255,0.9292017761065304,0.9132357849492111,0.9730619191276959,0.9579876424580704,0.9912295675402054,,0.7798560436398085,0.8901911305023956,0.9236051039937224,0.9462114498758328,0.9534610465207154,0.9500094331407908,False,qapinn,8,0.01/pi,burgers,False,1234,0.32,MS_hard_burgers_n8_qapinn_s1234
,,,,,0.9294368249373522,0.8818581321834603,0.825522809183247,0.769092496787063,0.7613800156659538,0.9888958300617894,0.9515689280135003,0.8862943282913909,0.8744795597725467,0.9822130500673196,0.9276043271319886,0.9119257339607313,0.9722593134966983,0.9571492749755655,0.9909094088484942,,0.770153056498007,0.8816396896803401,0.9167178345267225,0.9409592599948364,0.9486423358249149,0.9466257882059984,False,qapinn,8,0.01/pi,burgers,False,1234,0.36,MS_hard_burgers_n8_qapinn_s1234
,,,,,0.9275119831380584,0.879558195719353,0.8207336601233032,0.7645690282347709,0.7558933004596619,0.9890814708902222,0.9506998178325926,0.8846328010466097,0.8723990855474275,0.9814267869149494,0.9258472748926764,0.9103941662920588,0.9713683244792956,0.9562211372048082,0.9905368403375945,,0.7617070085972797,0.874197497519646,0.9107507487834912,0.9365681833353534,0.9437891634227819,0.9424417500879358,False,qapinn,8,0.01/pi,burgers,False,1234,0.4,MS_hard_burgers_n8_qapinn_s1234
,,,,,0.9262907289151862,0.8779627914810422,0.8164089034981059,0.7604729530467957,0.7511762178226375,0.9892414434584189,0.9498054263052601,0.8829655253263977,0.8703408955608477,0.9806343950787677,0.9239265393018663,0.9085806410832882,0.9703541205474243,0.9551665835845377,0.990139779115626,,0.7545609833869932,0.867862677365051,0.9057361472568647,0.9331606286378288,0.9391796385277045,0.9377505943035125,False,qapinn,8,0.01/pi,burgers,False,1234,0.44,MS_hard_burgers_n8_qapinn_s1234
,,,,,0.926094320166621,0.8774777851442803,0.8130043319466843,0.7570245116990203,0.7472207233759464,0.989367764418885,0.9488735434867535,0.8812202834438304,0.8681524393764282,0.9798728669370771,0.9218643641970379,0.9064490244339112,0.9691986270254391,0.953955352868547,0.9897366875483079,,0.7486379161962873,0.8624517912746673,0.901548177686397,0.9306888101419285,0.9350023581220931,0.9328388283979154,False,qapinn,8,0.01/pi,burgers,False,1234,0.48,MS_hard_burgers_n8_qapinn_s1234
,,,,,0.9271735623692084,0.8784635607158084,0.8110094440287038,0.7545145505330809,0.7440525782343806,0.9894568008706066,0.9479064589086168,0.8793578826846683,0.8656994741626445,0.9791747909162649,0.9197124921668147,0.903993758392302,0.9679084787801053,0.9525689931076384,0.9893326016129851,,0.7437958810733062,0.8576705166227112,0.8979621524463157,0.9289817007757089,0.9313616934326489,0.9279491464243115,False,qapinn,8,0.01/pi,burgers,False,1234,0.52,MS_hard_burgers_n8_qapinn_s1234
,,,,,0.9296478978276437,0.8811570214070401,0.8108583137302281,0.7532758677365337,0.7417639455962077,0.9895104717462951,0.9469243117970518,0.8773915522605708,0.8629029126771265,0.9785638201908904,0.9175507258442599,0.9012434596670935,0.9665201384304936,0.9510072788331189,0.9889193810589453,,0.7398799325960501,0.8531977780747565,0.8947247814737614,0.9278077425943639,0.9283006425839012,0.9232639829308248,False,qapinn,8,0.01/pi,burgers,False,1234,0.56,MS_hard_burgers_n8_qapinn_s1234
,,,,,0.9334703989666946,0.8856130976432953,0.8128428124782737,0.7536328625940669,0.7405096360312718,0.9895362317420873,0.9459647809410308,0.8753929530551178,0.8597616526819895,0.9780515168338471,0.9154774121697642,0.8982574761357686,0.9650997041172074,0.9492923675569487,0.9884791230771565,,0.7367641431249053,0.8487625316957148,0.8916158812708133,0.9269331211202739,0.9258206262064883,0.918901987960799,False,qapinn,8,0.01/pi,burgers,False,1234,0.6,MS_hard_burgers_n8_qapinn_s1234
,,,,,0.9384292404638123,0.891681139732002,0.8170520566453146,0.7558334059587293,0.740467158596762,0.9895455800117782,0.9450800712745465,0.8734763715673994,0.8563522729103241,0.9776370039781976,0.9135867842899971,0.8951117395793766,0.9637318379187576,0.9474674802194799,0.9879903839551264,,0.7343785421925303,0.8441968871835879,0.8884874483882685,0.9261650481360572,0.9238909214685183,0.9149266132302005,False,qapinn,8,0.01/pi,burgers,False,1234,0.64,MS_hard_burgers_n8_qapinn_s1234
,,,,,0.9441826013738882,0.8990186144481539,0.8233514124652929,0.7599738367307111,0.7417713128201022,0.9895507050630928,0.9443311681699683,0.8717599065509728,0.8528021514542143,0.9773098111792637,0.9119345679983542,0.8918737315407756,0.9624955483764549,0.9455861685375464,0.9874360722763298,,0.7327118537224173,0.8394543076628219,0.8852737194961056,0.9253756090966341,0.9224515450541281,0.9113652716615064,False,qapinn,8,0.01/pi,burgers,False,1234,0.68,MS_hard_burgers_n8_qapinn_s1234
,,,,,0.9503132192146697,0.9071328137044665,0.8313996835845,0.7659393397829689,0.7444460092442835,0.9895596982207686,0.9437800822834612,0.8703179903948237,0.849246780008412,0.977055236947829,0.9105037168153728,0.8885755399201867,0.9614312709417329,0.943693891657323,0.9868126956687371,,0.7317803702252763,0.8345906283354605,0.8819748411235003,0.9245097606457052,0.9214292078989585,0.9082447472588835,False,qapinn,8,0.01/pi,burgers,False,1234,0.72,MS_hard_burgers_n8_qapinn_s1234
,,,,,0.9563864167803284,0.9154364214288874,0.8406928850962586,0.773396154079629,0.7483705451712556,0.9895711682387603,0.9434807838097702,0.869156125336752,0.8457968214220513,0.9768606975302995,0.9091947696851372,0.8852029879527539,0.9605160197550476,0.9418107169179456,0.9861387264565181,,0.7315765097300614,0.8297268132564829,0.8786342253000489,0.9235905168482965,0.9207872565638888,0.9056436259352019,False,qapinn,8,0.01/pi,burgers,False,1234,0.76,MS_hard_burgers_n8_qapinn_s1234
,,,,,0.9619992704796919,0.9233039022992543,0.8506177324577444,0.7818593313677659,0.7533076361743857,0.9895690726377089,0.9434683052603946,0.8682331174564417,0.8425356079408589,0.9767207534310902,0.907860915269752,0.8817118539907878,0.9596678746516216,0.939923010744942,0.9854544217406791,,0.7320361165705971,0.8250213642088662,0.8753303288874309,0.9227225153979006,0.9205907723567196,0.9037380418954264,False,qapinn,8,0.01/pi,burgers,False,1234,0.8,MS_hard_burgers_n8_qapinn_s1234
,,,,,0.9668160753276083,0.9301217029972616,0.8605014492424329,0.7908102713390659,0.7589760903802397,0.9895185311974808,0.9437458916976447,0.867519719386972,0.8395387758037253,0.9766391201543558,0.9063765467070336,0.8780574123100583,0.9587823000638286,0.9379804149167115,0.9848054287501019,,0.7330281330272869,0.8206316734607793,0.8721471187594628,0.9220399953050583,0.920996791855918,0.9027876730913439,False,qapinn,8,0.01/pi,burgers,False,1234,0.84,MS_hard_burgers_n8_qapinn_s1234
,,,,,0.9705914195082911,0.9353317092731704,0.869653096467189,0.7998004825503114,0.765120288906676,0.9893633604777785,0.9442714365264925,0.8670509059619371,0.8368922986540535,0.976627264849286,0.9047003339758449,0.8742173644679891,0.9577773743913207,0.9358962902667116,0.9842203612709945,,0.7343195433015532,0.8166165939427481,0.8690696739631576,0.9215540416778419,0.922104617855187,0.9030166284341197,False,qapinn,8,0.01/pi,burgers,False,1234,0.88,MS_hard_burgers_n8_qapinn_s1234
,,,,,0.9731847813836637,0.9384707338361368,0.8773972777444677,0.8084945253176993,0.7715520568961814,0.9890255329818839,0.9449432730552002,0.8669350790798497,0.8347054604628455,0.9766992736835717,0.9029004182818119,0.8702145814952674,0.9566222855902884,0.9335683212003287,0.983707770455289,,0.7355973971103712,0.8129091716272854,0.8659551499654382,0.9210806943933072,0.9238380717792459,0.9044618988633014,False,qapinn,8,0.01/pi,burgers,False,1234,0.92,MS_hard_burgers_n8_qapinn_s1234
,,,,,0.9745701391141383,0.9392102443310079,0.8831097498253787,0.8166602300424926,0.7781623349844988,0.9884073585639431,0.9455892205409118,0.8673225691201956,0.8331143465135353,0.9768645506345246,0.9011415589476102,0.8661359906157852,0.9553419024743297,0.9309089017112246,0.9832640661399797,,0.7367202656301524,0.8095665027649754,0.8628059626606619,0.9204980628350282,0.9261089021358234,0.9070050977674103,False,qapinn,8,0.01/pi,burgers,False,1234,0.96,MS_hard_burgers_n8_qapinn_s1234
,,,,,0.9748398204713953,0.937395264647254,0.8862593162058424,0.8241350535326656,0.784869447920838,0.9873968107033012,0.9459611924553413,0.8683538963897762,0.8322309007882106,0.9771192334122359,0.8996529993896051,0.8621013690382066,0.9540095690254078,0.9278345313715864,0.9828569251012739,,0.7378860808478137,0.8069380160761414,0.859960883328171,0.9199269145759806,0.9289215087209273,0.9105014322462383,False,qapinn,8,0.01/pi,burgers,False,1234,1.0,MS_hard_burgers_n8_qapinn_s1234
,,,,,0.9579074492522732,0.9356608648192339,0.9216795283170212,0.8486091097128529,0.8293218154696093,0.9947473721822708,0.9535130048457527,0.8738181021264197,0.8399531396810609,0.9668371062318643,0.8926436300443394,0.8566251823708957,0.9703233657885462,0.950189316013921,0.9945321341820226,,0.9136080077801856,0.9263895120509795,0.9352796568778357,0.988555731425711,0.9751772806058566,0.96607270785659,False,qapinn,8,0.01/pi,burgers,False,2025,0.0,MS_hard_burgers_n8_qapinn_s2025
,,,,,0.9616661701016203,0.941671721944699,0.9251283513142652,0.8509360691874754,0.8290276073387711,0.9948898212255832,0.9533801245446227,0.8743071684930415,0.8403222040560624,0.9670953544198165,0.894225869678817,0.8593898585530971,0.9709815655368376,0.9515616723565281,0.9950698189718287,,0.9076834361851437,0.9264233800793402,0.9385738172586802,0.9908649245278411,0.9784495905652597,0.9679290754234147,False,qapinn,8,0.01/pi,burgers,False,2025,0.04,MS_hard_burgers_n8_qapinn_s2025
,,,,,0.9663233665030708,0.9487961177711445,0.929100998534817,0.8531374717757015,0.8277519660065014,0.9950001666971697,0.953126677323636,0.8744790425141684,0.8400034976753112,0.9673237151014403,0.8956584441864172,0.8618067896799707,0.9715676332368808,0.95259693539987,0.9954226417649257,,0.8980409875960539,0.9218382801690129,0.9368872554887252,0.988983813914055,0.9789499379805466,0.9682052823553026,False,qapinn,8,0.01/pi,burgers,False,2025,0.08,MS_hard_burgers_n8_qapinn_s2025
,,,,,0.9715057691732603,0.9564117601897898,0.9329586007434836,0.8550305048849335,0.8262027507128511,0.9950686631437369,0.9527709620630483,0.8745950066333532,0.8396575884328649,0.9675465311220985,0.8970974123464613,0.8642106354680517,0.9721017200922005,0.9533995190279888,0.9955111276676242,,0.8859203239472716,0.9130590399558525,0.9301896568991792,0.9826424974582715,0.9761596930953647,0.9668179453846448,False,qapinn,8,0.01/pi,burgers,False,2025,0.12,MS_hard_burgers_n8_qapinn_s2025
,,,,,0.9767498320744417,0.9637788546390355,0.9359496121458143,0.8563914042255298,0.8248180152840346,0.9950864174015307,0.9523061509588272,0.8748317245396571,0.839737136565871,0.9677790602708815,0.8986530042383831,0.8668252823389216,0.9726041274687902,0.954022030368544,0.995310621868673,,0.8720673869683715,0.9007703983579554,0.9190408137991541,0.9722238871521468,0.9703095485658924,0.963983078893824,False,qapinn,8,0.01/pi,burgers,False,2025,0.16,MS_hard_burgers_n8_qapinn_s2025
,,,,,0.9815556247006764,0.9701444682091718,0.9374195232177843,0.8570675550224774,0.8238068342888055,0.995045436450933,0.9517256655792337,0.8753174174129039,0.8405039091355502,0.9680370518171912,0.9004218752135807,0.8697860003336524,0.973118944236335,0.9545219190072999,0.994848075206535,,0.8566613240430687,0.8856789818949675,0.9042983769902537,0.9585075650325294,0.9620632149873544,0.9600065730479769,False,qapinn,8,0.01/pi,burgers,False,2025,0.2,MS_hard_burgers_n8_qapinn_s2025
,,,,,0.9854666000663912,0.9748799319434693,0.9370134530701046,0.8570033731863808,0.8232017551240755,0.9949389838946984,0.9510558682575463,0.8761410988401035,0.8420586289223475,0.9683521771106627,0.902491658096677,0.8731592935713861,0.9736962127803996,0.9549760947863255,0.9941758877346645,,0.8395159057560242,0.8683687362350097,0.8868527551251654,0.9423808493008206,0.9521126413751033,0.9550904474408172,False,qapinn,8,0.01/pi,burgers,False,2025,0.24,MS_hard_burgers_n8_qapinn_s2025
,,,,,0.9881560629802572,0.9776105778750374,0.9347612703329319,0.8562185113154864,0.8229187613333125,0.9947627698949649,0.9503707495991425,0.8773378350857345,0.8443754636350377,0.9687780008300876,0.9049137878130641,0.8769532469024277,0.9743559095354337,0.9554628550447498,0.9933510471342336,,0.8204227043414021,0.8493582114432807,0.8675753519686962,0.9247234396271257,0.9409829637861759,0.949281969828501,False,qapinn,8,0.01/pi,burgers,False,2025,0.28,MS_hard_burgers_n8_qapinn_s2025
,,,,,0.9894858979954615,0.9782823200236319,0.9310186719552771,0.8547672126424728,0.8228019216348726,0.9945171780679309,0.9497782042887168,0.8788659468654834,0.8473301929846565,0.9693761493186769,0.907661561499472,0.8811123894779631,0.9750660611278777,0.9560344063873683,0.9924297395302673,,0.7994533846206698,0.8292641064871469,0.847403384782777,0.9064198481942787,0.9290759489068432,0.9425555543581993,False,qapinn,8,0.01/pi,burgers,False,2025,0.32,MS_hard_burgers_n8_qapinn_s2025
,,,,,0.9895033967660521,0.9771237368830386,0.9263061071167411,0.8526852314050694,0.822633335122704,0.9942098532545607,0.9493879997299027,0.8805964921663728,0.8507171322580265,0.9701900002317488,0.9106037808569133,0.8855022912752273,0.9757480954152054,0.9566968028123776,0.9914679271082455,,0.7770748377928742,0.808894566956508,0.8273782234513811,0.8883697543758398,0.9168094657636239,0.9349507871666741,False,qapinn,8,0.01/pi,burgers,False,2025,0.36,MS_hard_burgers_n8_qapinn_s2025
,,,,,0.9883690608932434,0.9745096980706226,0.9211134197687961,0.849933235202162,0.8221143144221635,0.9938566544852998,0.9492795873410909,0.8823311619115493,0.8542618182806215,0.9712242404809662,0.9135214643004269,0.8899041064155054,0.9763035259546373,0.9574033130556168,0.9905152511741827,,0.7540299958813327,0.789160675386037,0.808528014030758,0.8714100270750348,0.9046774116892472,0.9266672639025872,False,qapinn,8,0.01/pi,burgers,False,2025,0.4,MS_hard_burgers_n8_qapinn_s2025
,,,,,0.9862517294048115,0.9707922973655759,0.9157507833634709,0.8463736181598688,0.8208616621881702,0.9934802467705561,0.9494874669025344,0.8838537088595966,0.8576492750404722,0.9724432350073623,0.916167571530911,0.8940380825910194,0.9766452424179248,0.9580614352128255,0.9896049483487733,,0.7310993128145612,0.7708687354361972,0.7916588626882314,0.8561767770220554,0.8931770854341753,0.9180601611465719,False,qapinn,8,0.01/pi,burgers,False,2025,0.44,MS_hard_burgers_n8_qapinn_s2025
,,,,,0.9832525788608228,0.9661833195347646,0.9102952385263647,0.8418119448338636,0.8184584277275191,0.9931049130065022,0.9500020831852146,0.884996928022659,0.860574707290686,0.9737857600738922,0.918345250646176,0.8976208138415811,0.976722098120762,0.9585558980830876,0.9887508735015199,,0.7088915284846381,0.7545228398402358,0.7771816952396475,0.842983608842362,0.8826691003030898,0.9095373357889133,False,qapinn,8,0.01/pi,burgers,False,2025,0.48,MS_hard_burgers_n8_qapinn_s2025
,,,,,0.9794009351638697,0.9607389545144626,0.9046416259399221,0.8360937513216273,0.8145608621733699,0.9927496752464711,0.9507806548801906,0.8856972902519272,0.8628061036027108,0.9751846890322629,0.9199658681844726,0.9004332603798475,0.9765307157507741,0.9587822762728284,0.9879548359046463,,0.6877359609398721,0.7402122494198689,0.7650356164324617,0.8317600031778323,0.8732627168271768,0.901416639557693,False,qapinn,8,0.01/pi,burgers,False,2025,0.52,MS_hard_burgers_n8_qapinn_s2025
,,,,,0.9747138334952828,0.9544270802922059,0.8986060204285358,0.8291847322590302,0.8089995238050786,0.9924208654379191,0.9517541517255854,0.8859998858973179,0.864223879581071,0.9765801631622546,0.9210572942521953,0.9023669262118015,0.9761114602714545,0.9586776612735362,0.9872168851149151,,0.6677132689458669,0.7276444945561973,0.7547631809024297,0.8221163764023364,0.8648280830306767,0.8938556911421383,False,qapinn,8,0.01/pi,burgers,False,2025,0.56,MS_hard_burgers_n8_qapinn_s2025
,,,,,0.9692709819031794,0.9472171869582656,0.8920201067029508,0.82117864016744,0.8018074481183868,0.9921071474330609,0.9528283566652482,0.8860073918945115,0.8648111226848365,0.977922893721488,0.9217210700759069,0.9034218777979872,0.9755291314772364,0.9582304226451642,0.9865409067403261,,0.6487733663089577,0.7162956866869319,0.7456991778978677,0.8135124221695067,0.8571186064682069,0.8868912038254504,False,qapinn,8,0.01/pi,burgers,False,2025,0.6,MS_hard_burgers_n8_qapinn_s2025
,,,,,0.9632571928214543,0.9391396553132338,0.8847766869289366,0.8122442139880688,0.7931636435254391,0.9917780628526545,0.9538795369490708,0.885804154495092,0.8645983504990559,0.9791698329047658,0.9220706029093236,0.9036635704182143,0.9748497446009756,0.957466511411012,0.9859331801779885,,0.6308303498015428,0.7055703929084333,0.7371576385473773,0.8054188861608623,0.8498909920895169,0.8805172387422192,False,qapinn,8,0.01/pi,burgers,False,2025,0.64,MS_hard_burgers_n8_qapinn_s2025
,,,,,0.956954796223203,0.9303007107405029,0.8768308957238211,0.8025630523158634,0.7833016847213337,0.9913869570349825,0.9547509348395914,0.8853965399103391,0.8635971213270204,0.9802771418800917,0.9221829133621027,0.9031678165014438,0.9741247574179996,0.9564255118688878,0.9853974276954268,,0.613791806191332,0.6949089684609898,0.7285495783109747,0.7974118672391239,0.8429718769488381,0.8747479773410656,False,qapinn,8,0.01/pi,burgers,False,2025,0.68,MS_hard_burgers_n8_qapinn_s2025
,,,,,0.9506991292349761,0.9208707372821024,0.8681862192834827,0.7922947652868109,0.7724386755446606,0.9908778615840251,0.9552546496897728,0.8846851472596798,0.8617511378880545,0.9811941023609589,0.9220738877475285,0.9019779983663709,0.9733854279419316,0.9551402801399415,0.9849304001824202,,0.5975560613172991,0.6838477002705382,0.7194367460111218,0.7892078740431617,0.8362832317048838,0.8696515010479504,False,qapinn,8,0.01/pi,burgers,False,2025,0.72,MS_hard_burgers_n8_qapinn_s2025
,,,,,0.9448195817671988,0.9110681941739905,0.8588925221126936,0.7815752526434867,0.7607464200336673,0.9901960547230523,0.955184273590317,0.8834658478449215,0.8589146148256238,0.9818603773177984,0.9216904033984059,0.9000795235682914,0.9726428293505207,0.9536237988536294,0.9845200243925845,,0.5820192601123549,0.6720554059866815,0.7095455200252404,0.7806631211854995,0.829844241321766,0.8653566894586324,False,qapinn,8,0.01/pi,burgers,False,2025,0.76,MS_hard_burgers_n8_qapinn_s2025
,,,,,0.9395819617184471,0.901145369480657,0.8490619777724171,0.7705343221247649,0.7483551932220728,0.9893012717484007,0.9543419797739028,0.8814540242953558,0.8548572531344865,0.9822080209707383,0.9209119799262107,0.8973880335393033,0.9718887904651465,0.9518610171281998,0.9841462618358229,,0.5671058069569206,0.6593609315651758,0.6987590541387755,0.7717540827127762,0.8237587631594727,0.8620401420968369,False,qapinn,8,0.01/pi,burgers,False,2025,0.8,MS_hard_burgers_n8_qapinn_s2025
,,,,,0.9351386844118476,0.891365071291928,0.8388880286707828,0.7593125704078704,0.7353688850319824,0.9881807883098453,0.952580195537742,0.8783291637401575,0.8492949116361382,0.9821697389105501,0.9195604047263883,0.8937510503648416,0.9710957415989114,0.9498034235267717,0.983783377943981,,0.5528107639401458,0.6457765859568045,0.6871033247344165,0.7625516645818894,0.818194810535862,0.8599025923098513,False,qapinn,8,0.01/pi,burgers,False,2025,0.84,MS_hard_burgers_n8_qapinn_s2025
,,,,,0.9314891296640279,0.881950693449253,0.8286427120327992,0.7480542555574957,0.7218636914287117,0.9868584918975071,0.9498564293631571,0.8737964732369582,0.8419411735682317,0.9816966186779639,0.9174167740572089,0.8889594494227097,0.970213042093533,0.9473604624203497,0.9834022475888246,,0.5392164776782655,0.6315016121926148,0.6747209084370674,0.7531790769466883,0.8133538815986053,0.8591427785142809,False,qapinn,8,0.01/pi,burgers,False,2025,0.88,MS_hard_burgers_n8_qapinn_s2025
,,,,,0.9284561976163245,0.8730025683343412,0.8186320276621565,0.7368622251939878,0.7078561255355236,0.9853924939023674,0.9462883172393477,0.8676476966483234,0.8325630238455584,0.9807891557875853,0.9142459138042616,0.8827692657409114,0.9691561735282694,0.9443819832843146,0.9829700277636001,,0.5264648149545741,0.6169004126768829,0.6618459354592358,0.7437517952828206,0.8094143101236269,0.8599100105564238,False,qapinn,8,0.01/pi,burgers,False,2025,0.92,MS_hard_burgers_n8_qapinn_s2025
,,,,,0.9256900018837559,0.8643967512997252,0.8091029508195989,0.7257113910386951,0.6932300556694941,0.9838558810306639,0.9421891186999953,0.8597970273748187,0.8210090900835548,0.9795425828307268,0.9098254291901225,0.87492285558052,0.9677802837075,0.9406176116237942,0.9824457409659166,,0.5146720922384451,0.6024433251522758,0.6487793935123122,0.734290845578974,0.8064276096973858,0.8622129668159503,False,qapinn,8,0.01/pi,burgers,False,2025,0.96,MS_hard_burgers_n8_qapinn_s2025
,,,,,0.9227100509239476,0.8557068478274042,0.8001063872120564,0.7143433733665135,0.677627225921129,0.9822993021294769,0.938046165382187,0.8502753424690592,0.8071738477461294,0.9781922314960071,0.9039867890915727,0.865156072851206,0.9658328847736969,0.9356372702658857,0.9817648918625462,,0.5037939588543793,0.5886087825633561,0.635881117973013,0.724638410771836,0.8041711262771492,0.8657701861497922,False,qapinn,8,0.01/pi,burgers,False,2025,1.0,MS_hard_burgers_n8_qapinn_s2025
,,,,,0.969753050151245,0.930890008110223,0.8892075969647051,0.825742866460149,0.8020113579899216,0.983705872173046,0.9629159985490992,0.9187284473888684,0.9011944167035266,0.9869463195398755,0.9498919095898837,0.9367588576071205,0.9814918413063317,0.9695862395169729,0.9923596654951266,,0.9239921698847623,0.963611905372589,0.9397009211655224,0.9394364763815436,0.9274346466229959,0.9182989104205599,False,qapinn,8,0.01/pi,burgers,False,777,0.0,MS_hard_burgers_n8_qapinn_s777
,,,,,0.9683700503731251,0.9272454001537475,0.8833436258219185,0.8206201183944432,0.7934743716498216,0.9839880023133813,0.9614626075560435,0.9176022670774759,0.8975328851707989,0.9862435027535866,0.9514309668648373,0.93546102804767,0.9827767848026662,0.9690498983684452,0.9926419852189622,,0.9045408133077034,0.9512210993846337,0.926125048240249,0.9316536238462035,0.9250925101640182,0.9145382649351295,False,qapinn,8,0.01/pi,burgers,False,777,0.04,MS_hard_burgers_n8_qapinn_s777
,,,,,0.9665374782353774,0.9224891235472077,0.8767381714449141,0.8146278761068136,0.7845665943973215,0.9840344960985843,0.9597257737827847,0.9160205104072804,0.8935503640639103,0.9857070335527468,0.9526522301121139,0.9339855022871186,0.9837528813281071,0.968349449182836,0.9930171804457073,,0.8786899914813688,0.9335263392291602,0.9094555975355011,0.9216334840212894,0.9201257776492803,0.9098307940569432,False,qapinn,8,0.01/pi,burgers,False,777,0.08,MS_hard_burgers_n8_qapinn_s777
,,,,,0.9642352585465582,0.9167448130053376,0.8699015007338812,0.8087446459365806,0.7764113081892526,0.9838398280490241,0.9579598014700936,0.9146477206519691,0.8900535780429195,0.9854159003491668,0.9538707247159921,0.9328845623389589,0.9846033582757115,0.9679414869697618,0.9934017050403303,,0.8479848901360639,0.9113940653351257,0.8904626697483827,0.9095961627867317,0.9131779046175404,0.904722036876173,False,qapinn,8,0.01/pi,burgers,False,777,0.12,MS_hard_burgers_n8_qapinn_s777
,,,,,0.9614852493289462,0.9102288613152726,0.8631644566980918,0.8035750936092905,0.7694290151213646,0.9834340298014304,0.956309991376593,0.9138541294558363,0.8872798594565827,0.9853364899752665,0.9552147480739437,0.9322176465387289,0.9854065557104479,0.9678640870110596,0.9936765295224582,,0.8143561303039264,0.8861497811313389,0.8700680437150267,0.8957676492225111,0.9048463056000953,0.8994227461690064,False,qapinn,8,0.01/pi,burgers,False,777,0.16,MS_hard_burgers_n8_qapinn_s777
,,,,,0.9583491192866818,0.9032190575008743,0.856723471733154,0.799379200129419,0.7636891699743464,0.9828777014464636,0.9548559796275544,0.9137389634408469,0.8852001835969314,0.9853855908871028,0.9566518022928376,0.9318342774416286,0.9861549470754216,0.9679787909697516,0.9937833629388235,,0.7796242578933712,0.8591130591893458,0.8489765149362374,0.8803050850682861,0.895531382358237,0.8939746302775387,False,qapinn,8,0.01/pi,burgers,False,777,0.2,MS_hard_burgers_n8_qapinn_s777
,,,,,0.9549187057506346,0.8960152462831109,0.8507414011861845,0.796219874869596,0.759197880389332,0.9822500747318149,0.9536784706325414,0.9142566259098321,0.8837737737886493,0.9854998544744339,0.958088372969315,0.9316096003044453,0.986821209611129,0.9681654946742853,0.993732252620175,,0.745246797067184,0.8313357138022845,0.8275524765406369,0.863356721030102,0.8853900979094722,0.8882505008382439,False,qapinn,8,0.01/pi,burgers,False,777,0.24,MS_hard_burgers_n8_qapinn_s777
,,,,,0.951301747015296,0.8889017787748278,0.8453971336841927,0.7940866135923468,0.7559969931102796,0.9816338904383365,0.9528777143984819,0.9153182669252232,0.8830208027168731,0.9856579459913879,0.9594402121542264,0.9315053793396522,0.9873892770265651,0.968365886722163,0.9935702884959942,,0.7123798623950123,0.8036459361004517,0.8059916313454865,0.8452168450483322,0.8744847285876128,0.8820594808422467,False,qapinn,8,0.01/pi,burgers,False,777,0.28,MS_hard_burgers_n8_qapinn_s777
,,,,,0.9476069746220611,0.8821199227752325,0.8408680451449132,0.792955247058367,0.7541561519432771,0.9811016166868576,0.9525456115084837,0.9168354032402545,0.8829965022435964,0.9858636864678172,0.96065358578227,0.931543007510739,0.9878528608000962,0.9685659187618999,0.9933564391319697,,0.6820111403959647,0.7767840018255632,0.784537406032905,0.8263924768474823,0.8629682245532172,0.8752971382757718,False,qapinn,8,0.01/pi,burgers,False,777,0.32,MS_hard_burgers_n8_qapinn_s777
,,,,,0.9439316117123454,0.8758525253593284,0.8372873126453875,0.7927963539442381,0.7537214459744832,0.9807062019546388,0.9527311500766698,0.9187209876809026,0.8837324198093695,0.9861232913059956,0.9616964586878368,0.9317518299998608,0.9882069456876147,0.9687688662453152,0.9931456570566423,,0.6549757579457683,0.7514384787933098,0.7635556087363105,0.807527768640485,0.8511605123603895,0.868021674042344,False,qapinn,8,0.01/pi,burgers,False,777,0.36,MS_hard_burgers_n8_qapinn_s777
,,,,,0.940353194303434,0.8702203525861744,0.8347162690552531,0.7935631118643428,0.7546666962063983,0.9804775528588798,0.9534254050378195,0.920876090719231,0.8851870805318728,0.9864335110449566,0.9625421042955318,0.9321257312166832,0.9884437079605064,0.9689727325834376,0.9929781347914912,,0.6318620780524662,0.7281630471663505,0.743456000669417,0.789253640449621,0.8394956180328645,0.8604375741862748,False,qapinn,8,0.01/pi,burgers,False,777,0.4,MS_hard_burgers_n8_qapinn_s777
,,,,,0.9369261825482063,0.8652875400732537,0.8331426188327608,0.795181676399471,0.7568752376872527,0.9804241290738203,0.9545675466782955,0.923182160112938,0.8872292278776442,0.986779996399646,0.9631583517262285,0.9326039585600185,0.9885526513366223,0.969156974428434,0.9928738568130457,,0.6129116004119383,0.7072601681191159,0.7245492236943387,0.7720419449962787,0.8283959518078997,0.8528194296533601,False,qapinn,8,0.01/pi,burgers,False,777,0.44,MS_hard_burgers_n8_qapinn_s777
,,,,,0.9336825809914562,0.8610724813727394,0.8324974884728072,0.7975528203070424,0.7601565958524414,0.9805378495393663,0.9560628219256078,0.9255050529036604,0.889655802836548,0.9871407954584855,0.96350537899042,0.9330781064647686,0.9885221005845191,0.9692811577722936,0.9928339549103774,,0.5980091306352132,0.6887351308718974,0.7069490969350806,0.7561264575254063,0.818158410883724,0.8454237983540518,False,qapinn,8,0.01/pi,burgers,False,777,0.48,MS_hard_burgers_n8_qapinn_s777
,,,,,0.9306352070842676,0.8575600117873515,0.8326790459230242,0.8005625261761478,0.7642828920794832,0.9808000914976385,0.9578031475176062,0.9277073920428542,0.8922292019529496,0.9874912569749164,0.9635393999642795,0.9334146848065098,0.9883405882264681,0.9692926011433785,0.9928470398719276,,0.5867743050003157,0.6723507431218436,0.6905695191582291,0.7415106380854125,0.8089081812260277,0.8384299469843727,False,qapinn,8,0.01/pi,burgers,False,777,0.52,MS_hard_burgers_n8_qapinn_s777
,,,,,0.9277822033096587,0.854712450523904,0.8335743317874871,0.8040960683126761,0.7690262872206849,0.9811871930878086,0.9596846393831018,0.9296632938817416,0.8947157910834301,0.9878083413192978,0.9632183108571084,0.9334796595260137,0.9879971492363449,0.9691357561914474,0.9928966674987229,,0.5787025985156511,0.6577460021151406,0.675195549810185,0.7280356736573486,0.8006209871716903,0.8319234751125288,False,qapinn,8,0.01/pi,burgers,False,777,0.56,MS_hard_burgers_n8_qapinn_s777
,,,,,0.9251116386361867,0.8524773049904131,0.8350731753006909,0.8080496011298122,0.7741850485589105,0.9816743550897842,0.961619248244949,0.9312707757495623,0.8969140744931138,0.9880736021152099,0.9625069669905509,0.9331563838482982,0.9874808910181444,0.9687589019622116,0.9929669425082038,,0.5732930880515468,0.6445561250087541,0.6605756530958713,0.7154659545543836,0.7931816907232608,0.8259127739096774,False,qapinn,8,0.01/pi,burgers,False,777,0.6,MS_hard_burgers_n8_qapinn_s777
,,,,,0.9226055500561521,0.850791272929896,0.8370730588835618,0.8123366676790326,0.7795959146508245,0.9822376849059711,0.9635404688914554,0.9324602015697724,0.8986708190383536,0.9882748591399987,0.9613812954222396,0.9323555637850577,0.9867800785505904,0.9681168182186799,0.9930454371424826,,0.5701316795733875,0.6324981217841292,0.6464970745684112,0.7035599731267951,0.786445007049644,0.8203588003576469,False,qapinn,8,0.01/pi,burgers,False,777,0.64,MS_hard_burgers_n8_qapinn_s777
,,,,,0.9202434607363351,0.8495813843626994,0.839475817382416,0.8168888187015657,0.785135389221773,0.9828545542916904,0.9654038529318473,0.9331985038147609,0.8998877124519551,0.9884068390289262,0.9598315393369409,0.9310199152711106,0.9858815185674937,0.96717123512975,0.9931239688254325,,0.5689283824523536,0.621413573199004,0.6328315027465372,0.6921175761437064,0.7802818016442007,0.8152045635125863,False,qapinn,8,0.01/pi,burgers,False,777,0.68,MS_hard_burgers_n8_qapinn_s777
,,,,,0.9180056846541337,0.8487652828847414,0.8421791182527975,0.8216513885873217,0.790714166309502,0.9835028242457674,0.9671832957385429,0.9334895613257053,0.9005220586768597,0.988470952752604,0.9578650177788318,0.9291266868844343,0.9847707674434447,0.9658910523130324,0.993198199477197,,0.5695192326671173,0.611276131230795,0.619553301693798,0.6810058087105829,0.7746067704286489,0.8103973094365348,False,qapinn,8,0.01/pi,burgers,False,777,0.72,MS_hard_burgers_n8_qapinn_s777
,,,,,0.915877129025661,0.8482531971377757,0.8450663029360246,0.8265758968663203,0.7962673777537693,0.9841596346401813,0.9688639338100334,0.9333710850849498,0.9005833195281123,0.9884741827428196,0.955508517199522,0.9266894887842737,0.9834334753699203,0.9642533199432538,0.9932666928438559,,0.5718415008864567,0.6021719117563358,0.6067339405202926,0.6701651341686854,0.7693859084323722,0.8058987121069677,False,qapinn,8,0.01/pi,burgers,False,777,0.76,MS_hard_burgers_n8_qapinn_s777
,,,,,0.9138519855579549,0.8479538959913612,0.8479983175142204,0.8316105239930969,0.8017430582408261,0.9848003808389679,0.9704317864509331,0.9329068735574032,0.9001251723650545,0.9884267191194906,0.9528097779694976,0.9237598820002156,0.9818589755508748,0.9622471500092533,0.9933298223117364,,0.5758896930486098,0.5942556466916302,0.5945161693332793,0.6596009377732552,0.7646265892979537,0.8016818909440502,False,qapinn,8,0.01/pi,burgers,False,777,0.8,MS_hard_burgers_n8_qapinn_s777
,,,,,0.9119396742382171,0.847786079326173,0.8508121332342787,0.8366902078874436,0.8070886422129814,0.9853986117658111,0.9718621860567133,0.9321752221160573,0.8992325975599107,0.9883385262305359,0.9498374802356373,0.9204266762104253,0.9800455001024804,0.9598787142297693,0.9933884629154515,,0.5816518584141838,0.5876870331063688,0.5830687026125186,0.6493551684186305,0.7603469647992747,0.7977135489966125,False,qapinn,8,0.01/pi,burgers,False,777,0.84,MS_hard_burgers_n8_qapinn_s777
,,,,,0.9101714453546429,0.8476954264275591,0.8533303971711935,0.841728778802734,0.8122384798339966,0.9859272933940502,0.9731092024355625,0.9312526126148389,0.8980031634102293,0.9882152400617176,0.9466783868682547,0.9168117343415919,0.9780075305731643,0.9571786829766039,0.99344266579335,,0.5890362656277667,0.5825504751590492,0.5725281099018492,0.6394667850272664,0.7565340815861703,0.7939267998753111,False,qapinn,8,0.01/pi,burgers,False,777,0.88,MS_hard_burgers_n8_qapinn_s777
,,,,,0.9086071886190468,0.8476754868401914,0.855385463001073,0.846614693633709,0.8171032763097246,0.9863615383010413,0.9741003389375612,0.9301950634300932,0.896524272384575,0.9880549044815434,0.9434315861596164,0.913061155744627,0.9757837273260889,0.9542098986329389,0.9934904520577157,,0.5978007566898966,0.5787753700124507,0.5629433323370436,0.6299316979930412,0.753103001196306,0.790196180599649,False,qapinn,8,0.01/pi,burgers,False,777,0.92,MS_hard_burgers_n8_qapinn_s777
,,,,,0.9073403172350958,0.8477880005382693,0.8568578906311728,0.8512143144163409,0.8215663624024705,0.9866826329702774,0.9747411586957911,0.9290205601462006,0.8948501160217821,0.9878473610619254,0.9401992340079286,0.9093308630964199,0.973441811402373,0.9510712712640892,0.9935270980818077,,0.6075093611137056,0.5760802494269658,0.5542416872952649,0.6206779074627236,0.7498758691700469,0.7863308391192765,False,qapinn,8,0.01/pi,burgers,False,777,0.96,MS_hard_burgers_n8_qapinn_s777
,,,,,0.9064991052398192,0.8481768807644331,0.8577226415902863,0.8553838340588937,0.8254896959826482,0.9868823033595421,0.9749309089735269,0.9276962514106124,0.8929833528179372,0.9875772495600829,0.9370747881418529,0.9057683786341675,0.9710769503917157,0.9478948427044185,0.9935453951110367,,0.6175352302106508,0.573963590087615,0.5462341126333619,0.6115727765140889,0.7465965986819137,0.7820972226128373,False,qapinn,8,0.01/pi,burgers,False,777,1.0,MS_hard_burgers_n8_qapinn_s777
0.9967820003792426,0.9735798446242141,0.9295345756296588,0.8756556616661128,0.848511381426755,,,,,,0.9843848732715627,0.945564146798045,0.8969771238155794,0.8568931102774594,0.9812617601931011,0.9478983400595419,0.9180711121495148,0.9817537305623224,0.9613396006522721,0.9539676702346345,0.6188339274957827,,0.6642269212352775,0.7595101723300924,0.8178979864006454,0.8282634336509213,0.8101575796669485,True,twin,3,0.01/pi,burgers,False,1234,0.0,MS_hard_burgers_n3_twin_s1234
0.9968113857816311,0.9725528911842805,0.9275356707893327,0.8699227562505698,0.8435420749640816,,,,,,0.9837223305804532,0.9444921920149025,0.8920304452524768,0.853403801041775,0.9817445677728351,0.9449363516836033,0.9169023190042288,0.9810343355143375,0.9604519479675718,0.9538153334563682,0.5819115252049756,,0.628877767679765,0.7309444431078242,0.800723107156678,0.8164807692389014,0.7994413558701452,True,twin,3,0.01/pi,burgers,False,1234,0.04,MS_hard_burgers_n3_twin_s1234
0.9968395673343982,0.9715407418862902,0.9251452951195722,0.8645215932099843,0.8387088370826036,,,,,,0.9830617295302356,0.9429475200930791,0.8873114429292125,0.8500963069030643,0.9819192993744845,0.9421247247311693,0.9158460684019386,0.9804280236924191,0.9601995521270615,0.954720764898236,0.5458319432838625,,0.5937985108060014,0.7015511758979606,0.7828766702796819,0.8053384637607807,0.7887993169268991,True,twin,3,0.01/pi,burgers,False,1234,0.08,MS_hard_burgers_n3_twin_s1234
0.9968663530428019,0.9705502101734019,0.9224203520661746,0.8595594905773193,0.833957405932948,,,,,,0.9824104079696692,0.9409799643852043,0.8829315978895652,0.8469266772617626,0.9817893585251439,0.9395683204296114,0.9148540413057487,0.9799988238692966,0.9606296131019176,0.9568293398302925,0.5108164100941119,,0.5591912794408923,0.6714062996249716,0.7643349937741164,0.7948544074007071,0.7788998751631049,True,twin,3,0.01/pi,burgers,False,1234,0.12,MS_hard_burgers_n3_twin_s1234
0.9968915437975367,0.96958796370714,0.9194589964675075,0.8551578991293031,0.8292288492636073,,,,,,0.9817756195742389,0.9386865768871693,0.8790224045273147,0.8438439751012454,0.9813914728131857,0.9373790761782099,0.9138479655145529,0.9798362419563817,0.9617278089456944,0.960268584089214,0.47703309846188185,,0.5252490885911169,0.6405834783435227,0.7448759145667377,0.7848708440015745,0.7702962985639964,True,twin,3,0.01/pi,burgers,False,1234,0.16,MS_hard_burgers_n3_twin_s1234
0.9969149348239746,0.9686603887456122,0.9163999586101759,0.8514406083175652,0.8244428243746762,,,,,,0.9811643587984566,0.9362113854001859,0.8757238447930077,0.8407676568996308,0.9807994666918093,0.9356682364530671,0.9126843920383123,0.9800323379198276,0.963339898912012,0.9651084402246591,0.44461789095407256,,0.49216616100665644,0.6091771437120682,0.724111372304366,0.7750812108067373,0.7633965184277619,True,twin,3,0.01/pi,burgers,False,1234,0.2,MS_hard_burgers_n3_twin_s1234
0.9969363163382512,0.9677734445392909,0.9134089557718634,0.8484798447527515,0.8194907687345923,,,,,,0.9805832075853445,0.9337316643083685,0.8731289951972195,0.8375694111173754,0.9801173149563995,0.9344980144576834,0.9111252227573104,0.9806194631226292,0.9650626705072692,0.971239804891337,0.41369872936083624,,0.4601461382958394,0.5773262839046243,0.7015398586890431,0.7649984771776788,0.7583957535077791,True,twin,3,0.01/pi,burgers,False,1234,0.24,MS_hard_burgers_n3_twin_s1234
0.9969554729505536,0.9669325309673283,0.9106514982004634,0.8462072181186204,0.8142903664889443,,,,,,0.980038183069177,0.9314296581685512,0.8711916638121108,0.8341119110469395,0.9794593012630148,0.9337980490510042,0.908888173095999,0.9814778122149919,0.9662034048763937,0.9781237843668963,0.3844884595598181,,0.4294846946875323,0.5453503295052093,0.6767499428770897,0.7538564735415703,0.755138641750507,True,twin,3,0.01/pi,burgers,False,1234,0.28,MS_hard_burgers_n3_twin_s1234
0.9969721829647757,0.9661423320610104,0.908259770196369,0.8443658431425165,0.8089895414542253,,,,,,0.9795345926834144,0.9294572527691674,0.8696749456853989,0.8304496268289391,0.9789227295608508,0.9333247213049048,0.9059221278667938,0.982298136019703,0.9660876254738344,0.984586265546985,0.35754132185750376,,0.40085225416513703,0.5141670870151905,0.6500729768203056,0.7406990044713399,0.7528502093069724,True,twin,3,0.01/pi,burgers,False,1234,0.32,MS_hard_burgers_n3_twin_s1234
0.9969862216401931,0.9654066998069503,0.9063068405296678,0.8426472444379212,0.8042248685849774,,,,,,0.9790769146399871,0.9279070986085949,0.8682865244091915,0.8271287489646976,0.9785644576467092,0.9328053989381303,0.9028237480274426,0.9827555140536878,0.964804270985434,0.989303418220718,0.33412419876702903,,0.3757434879407891,0.48589501691538817,0.6236835182674658,0.725513518151645,0.7501275681074556,True,twin,3,0.01/pi,burgers,False,1234,0.36,MS_hard_burgers_n3_twin_s1234
0.9969973604485244,0.9647285605864329,0.904799643400873,0.8409545255771032,0.8008221846042665,,,,,,0.9786687061907544,0.9268024299646797,0.8669414506861891,0.8249497742022526,0.9783920748958684,0.9321873915258037,0.9005901452684143,0.982800879673902,0.9633257599975359,0.9919500153225251,0.31586301266192235,,0.356104785064781,0.46333051891244315,0.6013075612502677,0.7106722965814913,0.7461474012360008,True,twin,3,0.01/pi,burgers,False,1234,0.4,MS_hard_burgers_n3_twin_s1234
0.9970053650786059,0.9641098410265193,0.9036922928692077,0.8394075822007431,0.7989652214295069,,,,,,0.9783125542818172,0.9261081859084005,0.8657652660386592,0.8241315075239292,0.9783725329922173,0.9316034057594915,0.8996163407302359,0.9826236659913078,0.9624022950053205,0.9932411324908307,0.30309471200414395,,0.34243448026410483,0.44747670917000065,0.5850820828723958,0.6989031589983845,0.7415462658649364,True,twin,3,0.01/pi,burgers,False,1234,0.44,MS_hard_burgers_n3_twin_s1234
0.9970100006516981,0.9635514557854011,0.9029112452235493,0.8381269421136599,0.7981468819371647,,,,,,0.9780100564148277,0.925755487721146,0.8648778790079972,0.8242158848192844,0.9784516434313922,0.9311502647331145,0.8995125462745991,0.9823883742464653,0.96202614080496,0.9939030793644305,0.2944706213238581,,0.3332971730402377,0.4368112918916718,0.5740891274830768,0.6905618681811989,0.7371633524172737,True,twin,3,0.01/pi,burgers,False,1234,0.48,MS_hard_burgers_n3_twin_s1234
0.9970110266875281,0.9630532888755944,0.9023799651439595,0.8371519159402707,0.7978049588901032,,,,,,0.9777618412135834,0.9256671610553178,0.8643151093145253,0.8246827326136251,0.9785739945969215,0.9308405548899756,0.8997538946655335,0.9821655396930231,0.9619090465810757,0.9942896108592856,0.2884110503013468,,0.32696573494100767,0.42929477239233965,0.5664237808748255,0.6846151426998413,0.7333001517905581,True,twin,3,0.01/pi,burgers,False,1234,0.52,MS_hard_burgers_n3_twin_s1234
0.9970082022996736,0.9626142619329304,0.9020349722377834,0.8364683486031502,0.7976268528444033,,,,,,0.9775676144700746,0.925775435786491,0.864058469441388,0.8252505247665541,0.9786959515411274,0.9306485296830909,0.9000312527143972,0.9819759310439908,0.961845400846524,0.9945356780193573,0.28390303041568304,,0.3223290456292012,0.42357893282801545,0.5607123741109976,0.6801079590737669,0.7299723107920943,True,twin,3,0.01/pi,burgers,False,1234,0.56,MS_hard_burgers_n3_twin_s1234
0.997001283485191,0.962232391629869,0.9018316351861034,0.8360392575560687,0.7974928192010899,,,,,,0.9774262410700566,0.9260296051307741,0.8640665292658486,0.8258197377274782,0.978790249101544,0.930539099507716,0.9002202229423151,0.981818794352494,0.9617422265631388,0.994694157622954,0.2804055665041702,,0.31879321408374656,0.41894653570740326,0.5561870639852649,0.6764682718830888,0.7271200022567382,True,twin,3,0.01/pi,burgers,False,1234,0.6,MS_hard_burgers_n3_twin_s1234
0.9969900257563374,0.9619048885105922,0.9017427833300049,0.8358220254232395,0.797370790453801,,,,,,0.9773358408407969,0.9263961256643424,0.8642925060417903,0.8263701446895574,0.9788445789133893,0.9304793878567034,0.9002857207503708,0.9816838327103174,0.9615664484324844,0.9947898755896142,0.2776221105676994,,0.31603159826685095,0.41501852492100405,0.5524183852102406,0.6733835215279195,0.7246697556291772,True,twin,3,0.01/pi,burgers,False,1234,0.64,MS_hard_burgers_n3_twin_s1234
0.9969741836642129,0.9616282836172749,0.9017539693797635,0.8357763903466212,0.7972587889257318,,,,,,0.9772939113965843,0.9268548375520177,0.8646924736433059,0.826906173292958,0.9788574690024652,0.9304428427172142,0.9002269517523103,0.9815579626304465,0.9613101227638775,0.9948375601434175,0.2753710929951116,,0.31384272538762903,0.41157786505405103,0.549142426352209,0.6706787021287672,0.7225523275205413,True,twin,3,0.01/pi,burgers,False,1234,0.68,MS_hard_burgers_n3_twin_s1234
0.9969535111494919,0.961398558295588,0.9018584057475417,0.8358674252925461,0.7971624659292454,,,,,,0.9772974582770817,0.9273943594917126,0.8652283929709158,0.8274366755221594,0.9788339364847062,0.9304099721363405,0.9000547535411706,0.9814291982324524,0.9609756508465153,0.9948478240998685,0.2735284539800495,,0.31208763705908815,0.4084885872355354,0.5461820692171647,0.6682496369921717,0.72070807056516,True,twin,3,0.01/pi,burgers,False,1234,0.72,MS_hard_burgers_n3_twin_s1234
0.9969277637172301,0.9612112853240898,0.9020529635447389,0.8360659789147269,0.797087786001784,,,,,,0.9773431114082144,0.9280081675769236,0.8658684814190399,0.8279689521077309,0.978782043801451,0.9303675059525933,0.8997832872485497,0.9812883125772579,0.9605700068561706,0.9948292360680029,0.27200255535945167,,0.3106628056358598,0.40565933766154116,0.5434120121837502,0.6660297867733238,0.7190872119801885,True,twin,3,0.01/pi,burgers,False,1234,0.76,MS_hard_burgers_n3_twin_s1234
0.9968966969164638,0.9610617669839915,0.9023355892507041,0.836348176130898,0.7970391115529557,,,,,,0.9774272624733936,0.928691916499256,0.8665866714003142,0.8285076853615378,0.9787106572831317,0.9303071360462611,0.899427022267804,0.9811290884571728,0.9601020991835683,0.9947890016958505,0.27072190712454025,,0.30948702310242715,0.4030245970549938,0.5407401833584075,0.6639723745274377,0.7176474691868413,True,twin,3,0.01/pi,burgers,False,1234,0.8,MS_hard_burgers_n3_twin_s1234
0.9968600677671776,0.9609451820545698,0.9027039432856918,0.8366946711826696,0.7970191448208935,,,,,,0.9775461885694537,0.9294418559634533,0.8673617828976317,0.8290553423923936,0.9786281989015195,0.9302243292732117,0.8989997642560799,0.9809479391340933,0.959581461533393,0.994733195186075,0.2696296271702761,,0.3084954779698525,0.4005356112833175,0.5380981062801233,0.6620418113485245,0.7163524534377089,True,twin,3,0.01/pi,burgers,False,1234,0.84,MS_hard_burgers_n3_twin_s1234
0.9968176379960788,0.960856718563682,0.9031548653842271,0.8370899480230696,0.797029328990793,,,,,,0.9776961564197852,0.9302540688660507,0.868176777340052,0.829612862684614,0.9785420977842995,0.9301173223350191,0.8985142563435926,0.9807432501941724,0.95901733173289,0.9946668502431498,0.26867970764492516,,0.307635769879769,0.3981543606675167,0.5354339548584509,0.6602085679521426,0.7151696590039673,True,twin,3,0.01/pi,burgers,False,1234,0.88,MS_hard_burgers_n3_twin_s1234
0.9967691681867942,0.960791688313959,0.90368433546903,0.8375216797774374,0.7970702500259103,,,,,,0.9778735339799981,0.9311242541442019,0.8690181071338037,0.8301802693482075,0.9784586586357936,0.9299862915777196,0.8979820086397673,0.9805147283749253,0.958418093174452,0.9945940637954649,0.2678349091400132,,0.3068656082266508,0.39585013493067756,0.5327082041597576,0.6584469595614214,0.7140694900375424,True,twin,3,0.01/pi,burgers,False,1234,0.92,MS_hard_burgers_n3_twin_s1234
0.9967144261357601,0.960745635993259,0.9042876843231737,0.8379803006036501,0.7971421626856177,,,,,,0.9780748550222877,0.9320477501180956,0.8698752236312125,0.8307572534931705,0.9783831265981878,0.9298327900105924,0.8974133567254451,0.9802629266743855,0.9577910245218316,0.994518045732606,0.26706561592396394,,0.3061514523057388,0.39359760476135247,0.5298909361469458,0.6567339034342851,0.7130245484905707,True,twin,3,0.01/pi,burgers,False,1234,0.96,MS_hard_burgers_n3_twin_s1234
0.9966531828725275,0.9607144332270977,0.9049598577634078,0.8384585533351814,0.7972452219472935,,,,,,0.9782969001902682,0.9330196941902792,0.8707401180407605,0.831343488513294,0.978319834633039,0.9296592196579218,0.8968173853859628,0.9799888256222392,0.9571421180362085,0.9944412375253695,0.2663485547396576,,0.3054670383191246,0.3913752303916129,0.5269596229681653,0.6550484853719793,0.7120093443094014,True,twin,3,0.01/pi,burgers,False,1234,1.0,MS_hard_burgers_n3_twin_s1234
0.9889821977933364,0.9350963683906582,0.930691013212653,0.9657009083547864,0.8810243725265597,,,,,,0.973689184259155,0.9627442912059423,0.9835585460353998,0.9243007852706836,0.9792966831503919,0.9711596437261708,0.9694358639210132,0.9876094258464438,0.9612810317126483,0.9290216499277167,0.6795752035107678,,0.7647463175879213,0.8415081295586209,0.7773580994422266,0.7531219459205328,0.8328502612473905,True,twin,3,0.01/pi,burgers,False,2025,0.0,MS_hard_burgers_n3_twin_s2025
0.9885952334200991,0.9336182582625148,0.9275631909918204,0.9637207643579045,0.8763345688761828,,,,,,0.9732779822830074,0.9618599743009559,0.9848427885236524,0.9218752412939154,0.9807108955224716,0.9763069419512705,0.969965089647709,0.988374754683626,0.9627168561932842,0.9339571881216611,0.6437824696080159,,0.7362083315726106,0.8266600149307647,0.7661645516744716,0.7433798216971962,0.8260319328101156,True,twin,3,0.01/pi,burgers,False,2025,0.04,MS_hard_burgers_n3_twin_s2025
0.9881919282494794,0.9322100099827125,0.9248869963168073,0.9604463024636142,0.8717366717841394,,,,,,0.9728950229471052,0.9613207103263662,0.9852376158997105,0.9192524643565645,0.9826218837951913,0.9815732827485691,0.9701206724511948,0.9894712298083496,0.9649814962024698,0.9396485068008427,0.6082808814171704,,0.70701900394229,0.8109579971237345,0.7569792187593921,0.7356262511848383,0.8194600140875697,True,twin,3,0.01/pi,burgers,False,2025,0.08,MS_hard_burgers_n3_twin_s2025
0.9877753065374203,0.9308808244813019,0.9225190639047367,0.9556914258149996,0.8671854165343202,,,,,,0.9725451034291606,0.9609666030208723,0.9844404309193575,0.9163669836685341,0.9848535570207188,0.9866491710566149,0.9697817122392653,0.9909228306590536,0.9679187146257072,0.9459379553029615,0.5732618569151015,,0.6772205525071133,0.7941018712998652,0.749425144421927,0.7295477939446245,0.8130265064622112,True,twin,3,0.01/pi,burgers,False,2025,0.12,MS_hard_burgers_n3_twin_s2025
0.9873491111337018,0.929633172429226,0.9203010733998055,0.9493309996876629,0.8627018188555975,,,,,,0.9722293953895357,0.9606280639036309,0.9821822470225161,0.91322437836986,0.987176947788268,0.9911551634403346,0.9688779430771075,0.9926957030462896,0.9712816904243828,0.9526615922531173,0.538889866998563,,0.6468520051414095,0.7757288004247567,0.7429222811714259,0.7247990227734669,0.8066013242138718,True,twin,3,0.01/pi,burgers,False,2025,0.16,MS_hard_burgers_n3_twin_s2025
0.9869177361908291,0.9284647948402869,0.9181191925043404,0.9413165474974232,0.8583736542311471,,,,,,0.9719467149427592,0.9601809192828504,0.9782506091721243,0.9099072826756772,0.9893415769655474,0.9946500757812397,0.9674025290936067,0.9946934666213835,0.9747223890495658,0.959660378068097,0.5053176534075478,,0.6159681580972339,0.7554452306999033,0.736670519513157,0.721026370862738,0.8000387633743609,True,twin,3,0.01/pi,burgers,False,2025,0.2,MS_hard_burgers_n3_twin_s2025
0.9864861281691462,0.9273722359416074,0.9159184221545381,0.9316962559571909,0.854370111183801,,,,,,0.9716950188328952,0.9595668836640433,0.9725170293575691,0.906594819198928,0.9911114665689853,0.9966491958624847,0.9654421252060236,0.996722503169931,0.9778021984395603,0.9667984429597606,0.47268609019063373,,0.5846432429874555,0.7328415081851862,0.7295739841801265,0.7178424896809769,0.79314922325615,True,twin,3,0.01/pi,burgers,False,2025,0.24,MS_hard_burgers_n3_twin_s2025
0.9860596443673166,0.9263539330362809,0.9136388779085873,0.9206731280658228,0.851011131766887,,,,,,0.9714720083355393,0.9587447706114255,0.9650025140422931,0.9036372271847255,0.9922829367004757,0.99667444760262,0.9632653278606667,0.9984187763364168,0.9800711355030848,0.9739696144662962,0.44117621163273113,,0.5530368964786422,0.7075548283152486,0.7201464531149134,0.7147432891547006,0.7855602306153434,True,twin,3,0.01/pi,burgers,False,2025,0.28,MS_hard_burgers_n3_twin_s2025
0.9856438804674895,0.9254119280044343,0.9111826872472659,0.908812279196753,0.848937173465916,,,,,,0.9712749994370626,0.9576639999269559,0.956098566400934,0.9017393670950122,0.9927346254778988,0.9944606205490635,0.9615362685300098,0.9992421976378465,0.9813541323251862,0.980996754082463,0.4113701532392521,,0.5218562877238632,0.6798496300240047,0.7069048759803439,0.7110813893090006,0.7764350189721517,True,twin,3,0.01/pi,burgers,False,2025,0.32,MS_hard_burgers_n3_twin_s2025
0.9852444727641861,0.9245524210393156,0.9086084652614836,0.8974515572289029,0.849039706721953,,,,,,0.9711009747168389,0.9564269684341187,0.9470293752038303,0.9019107258522114,0.9926016428624682,0.9905543146711355,0.961343449022272,0.9988469630130888,0.9821568126926639,0.9873110637694575,0.3850245106783667,,0.49340689188319553,0.6522562594180071,0.6903973401288056,0.7064759461160077,0.7647484530973006,True,twin,3,0.01/pi,burgers,False,2025,0.36,MS_hard_burgers_n3_twin_s2025
0.9848668948850245,0.9237856360507978,0.9062219477817027,0.8885182615609151,0.851394376942106,,,,,,0.9709472595816201,0.9553248385981116,0.9397587918135774,0.9043573375218092,0.9922480254883871,0.9866718998569127,0.9631267868392147,0.997692413119199,0.9831803530448201,0.9919467766277295,0.364592540023388,,0.4711037941994561,0.629525336017856,0.6746376562493338,0.701321665177869,0.7509668728585999,True,twin,3,0.01/pi,burgers,False,2025,0.4,MS_hard_burgers_n3_twin_s2025
0.984516243603789,0.9231249458990223,0.9042598096486236,0.8828722828155713,0.8546933507980828,,,,,,0.9708123392604225,0.9545351995240492,0.9353106050210298,0.9078181944165585,0.9919169341889442,0.9842470700840013,0.9658708651788888,0.9966254703204565,0.9843455028269651,0.9946262778301384,0.3505317388380107,,0.4559538831754629,0.6139543675763307,0.662898401354865,0.6962543417512969,0.7373778374861164,True,twin,3,0.01/pi,burgers,False,2025,0.44,MS_hard_burgers_n3_twin_s2025
0.9841970528316101,0.9225852937252013,0.9027521550358668,0.8797216929509483,0.8577211930577497,,,,,,0.9706962534194137,0.9540461453849249,0.9330380417553911,0.9110511126656324,0.9916542095620684,0.9832172752862036,0.9684845178799261,0.9959146092172737,0.9852952459882903,0.996012506174475,0.3410434566865541,,0.44598249863585165,0.6038526371696545,0.6548538363141312,0.6915897054183788,0.7256691390257045,True,twin,3,0.01/pi,burgers,False,2025,0.48,MS_hard_burgers_n3_twin_s2025
0.9839131220471307,0.9221810889997075,0.9016380603538144,0.8780054747945418,0.8600879732230008,,,,,,0.970600366904014,0.9537858710519169,0.9319564634928401,0.9136275889084582,0.9914370521239875,0.9829627402745559,0.9706050966069906,0.9954311767402013,0.9859320020362544,0.9967521791240216,0.3342686473170362,,0.43898042524591135,0.5968254169427616,0.6489946049442803,0.6873348328567824,0.7160705495628503,True,twin,3,0.01/pi,burgers,False,2025,0.52,MS_hard_burgers_n3_twin_s2025
0.9836673927270403,0.9219240998661457,0.9008496860441174,0.8770958380169602,0.8618142398213722,,,,,,0.9705267256850808,0.9536910573821638,0.9314759043542759,0.9155404968577031,0.9912389690687365,0.9830627169388338,0.9722358427373031,0.9950515637584462,0.9863029477239846,0.9971756176653863,0.32916807515367263,,0.4337007382765859,0.5914752151996238,0.6443605321329131,0.6834482553920482,0.7083043059164843,True,twin,3,0.01/pi,burgers,False,2025,0.56,MS_hard_burgers_n3_twin_s2025
0.9834618615752858,0.9218217954068315,0.9003330258202703,0.8766898940121783,0.8630072314812566,,,,,,0.9704773264320857,0.9537172129441576,0.9313169197625302,0.9168801706853801,0.9910425471941076,0.9833149273182366,0.9734509900517557,0.9947184906337276,0.9864732904055759,0.9974285795185982,0.3252473419467372,,0.4295613907742676,0.5871620613050232,0.6405205779024876,0.6799140551539593,0.7021047171274053,True,twin,3,0.01/pi,burgers,False,2025,0.6,MS_hard_burgers_n3_twin_s2025
0.9832975435035329,0.9218764026526329,0.900045909188311,0.8766350312868039,0.8637716229156265,,,,,,0.9704535161195448,0.953833388700546,0.9313456654001536,0.9177411984554705,0.9908385741484981,0.9836262201270237,0.9743194270321579,0.9944096645984206,0.9864954047100376,0.997578213420313,0.322240699072261,,0.4262616059690159,0.5835742681402268,0.6372710328169607,0.6767181611948904,0.6972669809089043,True,twin,3,0.01/pi,burgers,False,2025,0.64,MS_hard_burgers_n3_twin_s2025
0.9831744869416795,0.9220847965529809,0.8999527728153038,0.8768416582158924,0.8641980318772757,,,,,,0.9704556521707313,0.9540161530780553,0.9314899247940287,0.9182080361080818,0.9906231967755932,0.9839506383962244,0.9748975309090966,0.9941170220680641,0.9864086544008385,0.9976582216663724,0.3199654231538973,,0.42360226490620256,0.5805202479392592,0.6344830028498357,0.6738336335980966,0.6936090701701475,True,twin,3,0.01/pi,burgers,False,2025,0.68,MS_hard_burgers_n3_twin_s2025
0.983091832107569,0.9224390685600207,0.9000212506470366,0.8772481230323552,0.8643647474731648,,,,,,0.970483027882114,0.9542458683228698,0.9317049395252573,0.9183551649980348,0.9903956928658517,0.9842633064152347,0.9752325176518826,0.9938383368698281,0.9862429982066903,0.9976867578981704,0.31827073210530704,,0.42142279663567045,0.57785376326857,0.6320513702585582,0.6712202182024565,0.6909499443618509,True,twin,3,0.01/pi,burgers,False,2025,0.72,MS_hard_burgers_n3_twin_s2025
0.9830478938269775,0.9229275472333437,0.9002208324450035,0.8778071900032306,0.8643393080984808,,,,,,0.970534012231512,0.9545050178748524,0.9319599472617888,0.9182479303763412,0.9901570816834728,0.9845498739821563,0.9753650668933774,0.9935739788208746,0.9860215577950577,0.9976742360363529,0.3170230197190605,,0.4195832481294326,0.5754517615840056,0.6298825826227799,0.6688291531787371,0.6891065792734773,True,twin,3,0.01/pi,burgers,False,2025,0.76,MS_hard_burgers_n3_twin_s2025
0.9830402934174871,0.9235360662771037,0.9005229073864113,0.8784808014152085,0.8641791219282938,,,,,,0.9706063210786603,0.9547778116563591,0.9322326765592577,0.917942831271911,0.989909323794477,0.9848020013494502,0.9753305780068506,0.9933254758179522,0.9857622659638895,0.9976272241398628,0.3161028350907464,,0.41796063013129087,0.5732089188428322,0.627893299032959,0.6666082171233274,0.6878995961561506,True,twin,3,0.01/pi,burgers,False,2025,0.8,MS_hard_burgers_n3_twin_s2025
0.9830660951346448,0.924249202834861,0.9009013477080475,0.8792378542226421,0.8639317566819906,,,,,,0.9706973415664734,0.9550503766620475,0.9325068489687068,0.917487716903301,0.9896548504665064,0.9850152003267522,0.975159755647116,0.9930947122430697,0.9854789974885482,0.9975505254759396,0.31540559784485384,,0.41644961445214945,0.5710372516383824,0.6260115022498053,0.6645063055144392,0.6871614132282773,True,twin,3,0.01/pi,burgers,False,2025,0.84,MS_hard_burgers_n3_twin_s2025
0.9831219512794571,0.9250513239474507,0.9013331910987618,0.880053036472911,0.8636355339931894,,,,,,0.9708044318304822,0.9553111152555119,0.9327708275474293,0.91692235898813,0.9893962733604829,0.9851876045485524,0.9748790372406417,0.9928834398404401,0.9851824884452837,0.9974482912677977,0.3148415652554499,,0.41496230277402363,0.5688649644061291,0.624176055594226,0.6624757426413291,0.6867417841385567,True,twin,3,0.01/pi,burgers,False,2025,0.88,MS_hard_burgers_n3_twin_s2025
0.9832042541177328,0.9259273943729541,0.9017991455177954,0.8809060548516428,0.8633203690228763,,,,,,0.9709251607061645,0.9555509790810855,0.9330167351654394,0.9162792408121525,0.9891361664788393,0.9853191687122695,0.9745109246227572,0.9926929763313104,0.984880992040758,0.9973245010196509,0.31433606171126866,,0.41342805153179796,0.5666355180326065,0.6223362125114087,0.6604741887378333,0.6865116429220046,True,twin,3,0.01/pi,burgers,False,2025,0.92,MS_hard_burgers_n3_twin_s2025
0.9833092722361153,0.9268635088852678,0.9022837675856406,0.8817809828130111,0.8630089479146794,,,,,,0.9710574734525614,0.955763553066464,0.9332398068397593,0.9155846505210541,0.9888768996149652,0.9854111070424475,0.9740744090315565,0.9925240655676273,0.9845808115557707,0.9971831039049018,0.3138279108318007,,0.41179140959510374,0.5643049443024604,0.6204495891247738,0.6584644323464592,0.6863630941871741,True,twin,3,0.01/pi,burgers,False,2025,0.96,MS_hard_burgers_n3_twin_s2025
0.9834332787321796,0.9278471604664872,0.9027753509343107,0.8826656267409559,0.8627179412213991,,,,,,0.9711997644660321,0.9559449397678339,0.9334378263789856,0.9148597616350326,0.9886205195098533,0.9854654804678119,0.9735853940202042,0.992376846580611,0.9842866833894103,0.9970279677634651,0.31326832868816995,,0.41001056756698595,0.5618400380055,0.6184809647576831,0.6564145239323649,0.686208527713457,True,twin,3,0.01/pi,burgers,False,2025,1.0,MS_hard_burgers_n3_twin_s2025
0.9962866702206432,0.9598978960127942,0.9552912665130658,0.968937109319488,0.9244204793832603,,,,,,0.9789278965027515,0.9715154186971234,0.9800755554460018,0.9459115814565175,0.993907704763614,0.9851130619997076,0.9801836983146722,0.9870180598654897,0.9818107523869247,0.9789652324610848,0.6419812239729639,,0.687570016129094,0.7873115190173271,0.7920779909120235,0.7396953702733146,0.7639436117511862,True,twin,3,0.01/pi,burgers,False,777,0.0,MS_hard_burgers_n3_twin_s777
0.9962511227273118,0.9571129888436624,0.9504185199430044,0.9642527859862092,0.9184251587392628,,,,,,0.9770201464538901,0.9682608151619453,0.9780993702276871,0.9412873234402067,0.9940759790886124,0.9886246927356371,0.9799187826275556,0.9885582786463263,0.9810823832108755,0.9800568593337993,0.6030431261185039,,0.6505361421303035,0.7638294543110362,0.7773655502212965,0.7280424566577562,0.7504638894737693,True,twin,3,0.01/pi,burgers,False,777,0.04,MS_hard_burgers_n3_twin_s777
0.9962264867139144,0.9543953528933398,0.9448437725938487,0.9584247466468813,0.9125583697600694,,,,,,0.9751100800693772,0.9642571335284869,0.9748301383102669,0.9365956929631758,0.993892547000661,0.9915944856964605,0.9795935007897881,0.990392605869743,0.9804978377056368,0.9811088533481619,0.5643963759643709,,0.6130596594699242,0.7392199536216172,0.7632114168699765,0.7180671021145757,0.7379862391833809,True,twin,3,0.01/pi,burgers,False,777,0.08,MS_hard_burgers_n3_twin_s777
0.9962130144979174,0.9517985068473311,0.9387450573003324,0.9513936804293662,0.9067260106252192,,,,,,0.9732394577753714,0.9596220505716542,0.9701477776267604,0.9317601832533273,0.993309844083828,0.9936918001256122,0.9790768297708469,0.9923159687029769,0.9799614933671998,0.9821131594516607,0.5267723930469786,,0.5758263790573772,0.713487733203659,0.7493457501166729,0.7094190731873737,0.7264779585271555,True,twin,3,0.01/pi,burgers,False,777,0.12,MS_hard_burgers_n3_twin_s777
0.9962109818012451,0.949373866032968,0.9324238839708409,0.9432659027687903,0.9009712884082809,,,,,,0.9714488605292759,0.954590916157025,0.9640958585217624,0.9268172417321818,0.992321121470318,0.9946649443452635,0.9782674006769265,0.9941826450388342,0.9794192654643048,0.9830896517726265,0.49059983658800943,,0.5393020991642344,0.6865510961754723,0.7352223710708354,0.7016574486638862,0.7157968585150646,True,twin,3,0.01/pi,burgers,False,777,0.16,MS_hard_burgers_n3_twin_s777
0.9962206751873869,0.9471681927734803,0.9262685548350176,0.9342541212173086,0.8954441871711659,,,,,,0.9697755988351389,0.9494966951643458,0.9568421984177752,0.921903546609125,0.9909827700177379,0.9943417386853788,0.9771045432756442,0.995861694124948,0.9788489263498799,0.984078299467373,0.4559941384433795,,0.5036863805760566,0.6582095748440558,0.7199615128870556,0.6942146675307733,0.7056151692019745,True,twin,3,0.01/pi,burgers,False,777,0.2,MS_hard_burgers_n3_twin_s777
0.9962423774469172,0.9452213822552545,0.9206685526993876,0.9246620621916912,0.8903719370796395,,,,,,0.9682518310744935,0.9447013308412389,0.9486695174632083,0.9172385333539188,0.9894248189999899,0.9926538311975294,0.9755870616370249,0.9971718329893114,0.9782709283203361,0.9851197806601754,0.42291418733324476,,0.4690371969491238,0.6282263219290072,0.702445543515732,0.6863347721365192,0.6953107042495178,True,twin,3,0.01/pi,burgers,False,777,0.24,MS_hard_burgers_n3_twin_s777
0.9962763391791344,0.9435646531799902,0.9159043988379887,0.9149951322415872,0.8860008287626023,,,,,,0.9669030277362773,0.9404948582442166,0.9400836997328751,0.9130820561131399,0.9878340895860889,0.9897697784042349,0.9738229885166988,0.9978730053428043,0.9777095754786957,0.9861943385594863,0.3915117413057124,,0.4356177084196578,0.5966765293177456,0.6818140385401177,0.6770232666979151,0.6838350618711712,True,twin,3,0.01/pi,burgers,False,777,0.28,MS_hard_burgers_n3_twin_s777
0.9963227512991886,0.9422194034343683,0.9120614299438121,0.9061267793122357,0.8825495446131227,,,,,,0.9657469744259187,0.9370046899222044,0.9319821746607578,0.9097020365342381,0.9864012022090983,0.9863377837689641,0.9721531295180199,0.9978669589145164,0.9771887737890342,0.9871812577787279,0.36253406407536326,,0.40434747841323365,0.5646412924618786,0.6584580845108422,0.665290436082957,0.6700231821420859,True,twin,3,0.01/pi,burgers,False,777,0.32,MS_hard_burgers_n3_twin_s777
0.9963817059934194,0.9411967100651378,0.909023840112769,0.8990722764216806,0.8801680928514968,,,,,,0.9647933567805017,0.9341720375116722,0.9254234352259566,0.9073055194076806,0.9852528251067331,0.9833576507131994,0.9710618648777224,0.9974639772986256,0.9769077254393539,0.9879765489592803,0.33745267699653997,,0.3769795395721514,0.5347669876776417,0.6349005818151764,0.6512292210503087,0.6540012745858862,True,twin,3,0.01/pi,burgers,False,777,0.36,MS_hard_burgers_n3_twin_s777
0.9964531605246002,0.9404975125324676,0.9065599011999689,0.8942725607130124,0.8787410202136791,,,,,,0.9640439365970899,0.9318160652270796,0.9208887960542954,0.905797120977969,0.9844160315605284,0.9814213001269361,0.9706769623779201,0.9971333609131253,0.9770699363634583,0.9885736594266806,0.3177238576656054,,0.3552620649754794,0.5101710805487875,0.6148742493628481,0.6368417484039909,0.6380048837945452,True,twin,3,0.01/pi,burgers,False,777,0.4,MS_hard_burgers_n3_twin_s777
0.9965368963754752,0.9401133580380645,0.9044400717479985,0.8914041962198107,0.8779636381403497,,,,,,0.9634932367217657,0.929739022456485,0.9180885298878274,0.9048654044558986,0.9838378005884126,0.9804379339467004,0.9707686689533214,0.9970659831754447,0.977640634256246,0.9890204832912984,0.30346898693455304,,0.339429649787093,0.49199495435047524,0.6004066977190595,0.6243039015337344,0.6243292179424677,True,twin,3,0.01/pi,burgers,False,777,0.44,MS_hard_burgers_n3_twin_s777
0.9966324780341088,0.9400275648573405,0.9025157103677537,0.8898572445988551,0.8775575554467605,,,,,,0.9631295996576952,0.9278036572433392,0.9164455275456509,0.9042232469370046,0.9834342148640971,0.9800528550668908,0.9710718330263778,0.9972002930799482,0.9784452107960167,0.9893671628797709,0.29351798154028846,,0.3282439310077638,0.4791550625320709,0.5909264845343656,0.6142898813889375,0.6136042831444415,True,twin,3,0.01/pi,burgers,False,777,0.48,MS_hard_burgers_n3_twin_s777
0.9967392275539514,0.940216703474839,0.9007339197847518,0.8891105172461435,0.8773491780212433,,,,,,0.9629364924215319,0.9259541604877457,0.9154679721182645,0.9036922495530905,0.9831309531503949,0.9799641629372142,0.9714152075245761,0.9974189315088393,0.9793169155798698,0.9896501859353993,0.2864718684567933,,0.3201817066589126,0.4699237143067175,0.5848311618450196,0.6064305025002744,0.605343506458043,True,twin,3,0.01/pi,burgers,False,777,0.52,MS_hard_burgers_n3_twin_s777
0.9968561961878029,0.9406521694029114,0.8991102837822257,0.8888238933568745,0.8772601155401525,,,,,,0.9628938931044227,0.9241967188667193,0.9148389263109172,0.9031924074259183,0.9828798204042039,0.9799888001735848,0.9717189583598129,0.9976410702490647,0.9801529178036416,0.9898943262553681,0.28131597266766356,,0.3141299098195306,0.46297105366767044,0.580757793965144,0.6001910272203099,0.5988868373508262,True,twin,3,0.01/pi,burgers,False,777,0.56,MS_hard_burgers_n3_twin_s777
0.9969821595977261,0.9413017818239089,0.8976911671985092,0.8888045994783605,0.8772696788010946,,,,,,0.9629796519165355,0.9225679701057237,0.9143829663332116,0.9027039698564152,0.9826573567377721,0.980034101471468,0.9719591599503982,0.997830444746649,0.9809073080974262,0.9901149618601579,0.2774375586779532,,0.3094157191533141,0.4574896257367224,0.5778399729933079,0.595165066055561,0.5937329525723057,True,twin,3,0.01/pi,burgers,False,777,0.6,MS_hard_burgers_n3_twin_s777
0.9971156237687282,0.942131265030147,0.8965244544613138,0.8889535120999931,0.8773834608970374,,,,,,0.9631707153628535,0.9211093563283425,0.914014247338763,0.9022358178434963,0.9824565659541757,0.9800607715597843,0.9721390880588464,0.9979789024732704,0.9815692605774186,0.9903207195211133,0.2744808948249327,,0.3056506074753657,0.4530245452281015,0.5755827836724987,0.5910747884834684,0.5895459840644642,True,twin,3,0.01/pi,burgers,False,777,0.64,MS_hard_burgers_n3_twin_s777
0.9972548528435776,0.9431056097589785,0.8956436943566121,0.8892239183694656,0.8776147773602532,,,,,,0.963444191113256,0.9198527026282762,0.9136970530675782,0.9018067941470569,0.982278817054507,0.9800575209430532,0.9722728426803136,0.9980911821074134,0.9821453499816257,0.9905160346273324,0.27222990269595393,,0.3026019088754475,0.44931711224410864,0.5737141126044721,0.5877241951259792,0.5860996807884924,True,twin,3,0.01/pi,burgers,False,777,0.68,MS_hard_burgers_n3_twin_s777
0.9973979137334855,0.94419023882271,0.8950629295947391,0.8895953654891644,0.8779754340671937,,,,,,0.9637782020157377,0.9188150731642362,0.9134209926526123,0.9014363126549392,0.9821282927101486,0.9800264309991052,0.9723772492569621,0.9981758870186619,0.9826487226827171,0.9907030277943951,0.27054019863761564,,0.30011780774183433,0.44621001660017495,0.572084953756662,0.5849656050845792,0.5832332325567426,True,twin,3,0.01/pi,burgers,False,777,0.72,MS_hard_burgers_n3_twin_s777
0.9975427405823561,0.9453520081021345,0.8947779822901577,0.890058625546618,0.8784718651582296,,,,,,0.9641525448674276,0.9179993080661788,0.9131867844579059,0.9011402478201824,0.9820090075108868,0.9799751255798881,0.9724682284286836,0.9982412891391144,0.9830934469278126,0.9908826616271896,0.2693040897022061,,0.298088386307778,0.4435974287162413,0.5706119699495642,0.5826815275973004,0.5808252757741119,True,twin,3,0.01/pi,burgers,False,777,0.76,MS_hard_burgers_n3_twin_s777
0.9976872093549257,0.9465600264950014,0.8947704675013372,0.8906076408742399,0.8791041249857938,,,,,,0.9645491766087754,0.9173970338129839,0.912998610147749,0.9009295862614337,0.98192353660386,0.979912701794049,0.9725592684965322,0.9982938787397472,0.983491985129348,0.9910553573133521,0.2684341102884001,,0.29642697985452393,0.44140029065501557,0.569246270097844,0.5807755513457346,0.5787799454515173,True,twin,3,0.01/pi,burgers,False,777,0.8,MS_hard_burgers_n3_twin_s777
0.9978292270010808,0.9477862784852897,0.895012449878966,0.891235680547866,0.8798662948605898,,,,,,0.9649524895145944,0.9169922584839382,0.912860325055083,0.9008104024497693,0.9818727651890099,0.9798477564228453,0.9726609967014851,0.9983382047780722,0.9838544012007349,0.9912213293384989,0.2678558017986091,,0.29506170196159054,0.4395548985368134,0.56795721144154,0.5791678737437567,0.5770197097468459,True,twin,3,0.01/pi,burgers,False,777,0.84,MS_hard_burgers_n3_twin_s777
0.9979668137618065,0.9490060916232204,0.8954704893597715,0.8919338193797088,0.8807474810066668,,,,,,0.9653494837342675,0.9167645245388643,0.9127738315747566,0.9007844359969351,0.9818560282663308,0.9797874535918347,0.9727811893413866,0.9983772144536393,0.9841884087241785,0.9913807417016678,0.26750562378595233,,0.29393265317911943,0.43800841010341535,0.5667252266379634,0.5777936295519477,0.5754821247163787,True,twin,3,0.01/pi,burgers,False,777,0.88,MS_hard_burgers_n3_twin_s777
0.998098190282958,0.9501984800914297,0.8961089564911185,0.8926908690220834,0.8817331268189403,,,,,,0.9657298103490282,0.9166914112433541,0.9127387025479957,0.9008498961712041,0.9818714462037591,0.9797372095712841,0.9729249766067023,0.9984126796392376,0.9844996863008064,0.9915337654274177,0.2673309104253387,,0.292991350376693,0.43671753251625084,0.5655388219803714,0.576602223063637,0.5741185565548862,True,twin,3,0.01/pi,burgers,False,777,0.92,MS_hard_burgers_n3_twin_s777
0.9982218440119368,0.9513462598703021,0.896892315137412,0.8934938577571195,0.8828062733431044,,,,,,0.9660856905812875,0.9167502369399232,0.9127523759314569,0.9010023066303342,0.9819162531337002,0.9797006949880018,0.9730951792903889,0.9984455872715994,0.9847923153577041,0.9916805938259673,0.2672905016680274,,0.2922010721454844,0.43564858422621394,0.5643939776707023,0.5755570555958303,0.5728935112738284,True,twin,3,0.01/pi,burgers,False,777,0.96,MS_hard_burgers_n3_twin_s777
0.9983365822130981,0.9524361137961005,0.8977867390513409,0.8943288629727147,0.8839487785211548,,,,,,0.9664118086059342,0.9169191885604631,0.9128106477056029,0.9012352984286903,0.9819870611405683,0.9796799654288434,0.973292638751522,0.9984764324646932,0.9850691860748056,0.9918214434824968,0.26735557851212516,,0.29153740507078224,0.43477776412548574,0.5632943028442732,0.5746352603256871,0.5717843578921316,True,twin,3,0.01/pi,burgers,False,777,1.0,MS_hard_burgers_n3_twin_s777
0.986195599845413,0.973665418603011,0.9497287131460473,0.9364963720157363,0.8904077786477995,,,,,,0.9876201866953439,0.9456887152457637,0.9412475531842295,0.8853091065183368,0.9784096458590136,0.9735854182418171,0.9317384189618014,0.9862519331051701,0.9589376728441943,0.9852374051813112,0.6368817719265363,,0.6986023904065393,0.7657850002153518,0.7641321357169671,0.8061818945861673,0.8170117273276466,True,twin,4,0.01/pi,burgers,False,1234,0.0,MS_hard_burgers_n4_twin_s1234
0.9864519494928665,0.9719487445533349,0.9477189221941701,0.9324408380689777,0.886908447312531,,,,,,0.987748394030919,0.9482501990436654,0.9451596760687799,0.8938463705177009,0.9801403733809052,0.9763415248491004,0.9391177994889115,0.9863628773349715,0.9615752943452912,0.9861091192928273,0.600663301823213,,0.6700107149532174,0.7426268951442553,0.7513118639179514,0.7956105454817859,0.8172433869045053,True,twin,4,0.01/pi,burgers,False,1234,0.04,MS_hard_burgers_n4_twin_s1234
0.9866703083450732,0.9701974003887981,0.9450472790476677,0.9274550677990492,0.8809395644903245,,,,,,0.987854453122885,0.9508748967815849,0.947387884902848,0.8986503745271188,0.9820634148497908,0.9779925167014754,0.9434877876174691,0.9865007625167261,0.9629558307850647,0.9866979332229876,0.5656059200603988,,0.6417334540179542,0.7196524485012245,0.7396277553714691,0.78492512579526,0.8156887657651295,True,twin,4,0.01/pi,burgers,False,1234,0.08,MS_hard_burgers_n4_twin_s1234
0.9868523568726522,0.9684328410115921,0.9416385180922808,0.9218716525311772,0.8733080200587491,,,,,,0.9879378163054626,0.953149107671867,0.948112869342129,0.9002866655626194,0.9838830023404586,0.9786635214033496,0.9452155144568362,0.9868099422975474,0.9635004491005262,0.9870722055404932,0.5315686669671215,,0.6135103389860643,0.6964211561975825,0.7282904519162345,0.7739852872649946,0.812498188000225,True,twin,4,0.01/pi,burgers,False,1234,0.12,MS_hard_burgers_n4_twin_s1234
0.9869998297485356,0.9666781769892369,0.9375548571096061,0.9160072345688341,0.8647712598208709,,,,,,0.9879998560996959,0.9548412990008288,0.9476145893062451,0.8994286214842189,0.9854038534005791,0.9785318509263526,0.944747742289004,0.987341718809889,0.9634888091883353,0.98726521835681,0.498549932069953,,0.5852457138671502,0.6726077887337478,0.7166301057788766,0.7626626931613596,0.8078535230233672,True,twin,4,0.01/pi,burgers,False,1234,0.16,MS_hard_burgers_n4_twin_s1234
0.9871144868356907,0.9649575936441636,0.9329600535312572,0.9101268286317217,0.856014640945147,,,,,,0.988043628063743,0.9558795538725294,0.9462061628197334,0.8968100337144262,0.9865271557184647,0.9777904701913923,0.9426043175683595,0.9880877423015094,0.9631390472762942,0.9873005807774645,0.46666309174638426,,0.5569953120984233,0.6480030886397146,0.7040770273402619,0.7508215442653362,0.8019604156951378,True,twin,4,0.01/pi,burgers,False,1234,0.2,MS_hard_burgers_n4_twin_s1234
0.9871980898640975,0.963295764764632,0.9280694662399084,0.904439449408272,0.8476620001186514,,,,,,0.9880737391897748,0.9563090771562595,0.9441983880111576,0.8932094586376513,0.987230301979064,0.976631482134143,0.93939306311283,0.989009846212224,0.9626752203933184,0.9872162761360517,0.4361098477253777,,0.5289585323336599,0.6225270866027302,0.6901585058070306,0.7382845229106192,0.794995398016899,True,twin,4,0.01/pi,burgers,False,1234,0.24,MS_hard_burgers_n4_twin_s1234
0.9872523768012534,0.9617172176459685,0.9231028808957739,0.8991089337041189,0.8402888702350567,,,,,,0.9880962822610166,0.9562425171649912,0.9418867973934871,0.8894383218873215,0.9875395862204224,0.9752398349234102,0.9358133984398184,0.9900519514271077,0.962359991477435,0.9870818934052344,0.40720887998967675,,0.501526859285675,0.5963272411964361,0.6746026589042502,0.7248411119832889,0.7870275960375025,True,twin,4,0.01/pi,burgers,False,1234,0.28,MS_hard_burgers_n4_twin_s1234
0.98727904384832,0.9602456968369594,0.9182522433238646,0.894261336700833,0.8343967265478834,,,,,,0.9881187400357027,0.9558161277048924,0.9395438771901646,0.8862871177791786,0.9875052498351586,0.973783827998057,0.9326016069470812,0.9911343674798614,0.9624739313277003,0.9870039542303655,0.3805067623337656,,0.4754167066465759,0.5700101192567166,0.6576289506706056,0.7104121629907862,0.7780042509691143,True,twin,4,0.01/pi,burgers,False,1234,0.32,MS_hard_burgers_n4_twin_s1234
0.9872797242817991,0.9589033627330086,0.9136673998937986,0.8899821521114949,0.8303251428410766,,,,,,0.9881496969871175,0.9551600073878416,0.9374033827218208,0.8843976220573653,0.9871847983823833,0.9723986441597777,0.9303933874129374,0.9921520099352251,0.963245071876192,0.9871123897170176,0.35688900384903594,,0.4518023170328406,0.5449033983482923,0.6403402871683281,0.6954450885112942,0.7679564578166941,True,twin,4,0.01/pi,burgers,False,1234,0.36,MS_hard_burgers_n4_twin_s1234
0.9872559696104104,0.9577100038763791,0.9094562354562392,0.886307821957748,0.8281146415268374,,,,,,0.9881983914282495,0.9543840995103156,0.9356335668164004,0.8840739121602738,0.9866353183528448,0.9711679984898125,0.9295244678650676,0.9929988995451496,0.9647435175750729,0.9875130839883328,0.3374244862682271,,0.4321415148247385,0.5229205373797642,0.624708328364559,0.6812196323531557,0.7573815480357189,True,twin,4,0.01/pi,burgers,False,1234,0.4,MS_hard_burgers_n4_twin_s1234
0.9872092385982715,0.9566822704691813,0.9056914899472245,0.8832178377503274,0.8274034547793605,,,,,,0.9882740748615726,0.9535752506743458,0.934307128195112,0.8851335091004273,0.9859113074886887,0.9701104000306162,0.9298662439030505,0.9936092249657497,0.9667853871250075,0.9882072785330457,0.3227914740566025,,0.4174842857111874,0.5056788666953587,0.6126431591309484,0.6693993253076687,0.7473362469628616,True,twin,4,0.01/pi,burgers,False,1234,0.44,MS_hard_burgers_n4_twin_s1234
0.9871408808557066,0.9558330703657558,0.9024180950876711,0.8806369017764452,0.8275264775752422,,,,,,0.9883853046955684,0.952799241427693,0.9333902949105853,0.8869893121244413,0.985063839962738,0.9691803596292472,0.9308862062174551,0.993979706659024,0.9689801812388873,0.9890623015025125,0.31274171261695,,0.4077730534947169,0.49349307047320357,0.6047797529589359,0.6609559767732908,0.7389118044663642,True,twin,4,0.01/pi,burgers,False,1234,0.48,MS_hard_burgers_n4_twin_s1234
0.9870521319553388,0.9551711765687868,0.8996582692843902,0.8784548987424877,0.8278208414070907,,,,,,0.9885392574302323,0.9521030556870325,0.9327691281540629,0.8889709060050138,0.9841386695008039,0.9682921460124696,0.9319571434692928,0.9941555510017207,0.9709450776599349,0.9898967150964896,0.30620568250921626,,0.4018855183488926,0.48530717123647305,0.6002709332800826,0.655624554032001,0.7325953271622472,True,twin,4,0.01/pi,burgers,False,1234,0.52,MS_hard_burgers_n4_twin_s1234
0.9869441008988171,0.9547011445839441,0.89741504037056,0.8765570274502179,0.8278753884437996,,,,,,0.9887412006781238,0.9515162090892102,0.932299392085025,0.890610389706467,0.9831735192939163,0.9673543596188546,0.932644519711068,0.9941980267408177,0.9724796156480043,0.9905906522350694,0.3019302065334343,,0.3983754074479025,0.47958280981949136,0.5977112758119004,0.6524571061130096,0.7282299398321752,True,twin,4,0.01/pi,burgers,False,1234,0.56,MS_hard_burgers_n4_twin_s1234
0.986817773075987,0.9544234567649144,0.8956758389369409,0.8748488180298857,0.8275516880474527,,,,,,0.9889941229266268,0.9510521366654944,0.9318507129826122,0.8917005119144014,0.9821963043446925,0.9662961863833515,0.9327669365869289,0.9941592961849838,0.973560323251559,0.9911102719703393,0.2989584533751332,,0.3960856461241564,0.47507366525542993,0.5959754098865088,0.6505504404365738,0.7253715696984724,True,twin,4,0.01/pi,burgers,False,1234,0.6,MS_hard_burgers_n4_twin_s1234
0.9866739969744689,0.9543348568640054,0.8944168617181448,0.8732678596467301,0.826877278175634,,,,,,0.9892985728889254,0.9507107124969694,0.9313295772650858,0.8922111003645512,0.9812253448985201,0.9650779196461927,0.9323123563954371,0.9940736286872021,0.9742495100608579,0.991471154951158,0.29671631722809,,0.394295871919923,0.47102387057124473,0.5944242869178432,0.6493097043945141,0.72357312577809,True,twin,4,0.01/pi,burgers,False,1234,0.64,MS_hard_burgers_n4_twin_s1234
0.9865134901124605,0.9544288572075418,0.8936078854378849,0.8717846651361839,0.8259470901681061,,,,,,0.9896526710876288,0.9504819778033107,0.9306843216219182,0.8921985277578982,0.9802714951617963,0.9636904591202762,0.93134806985999,0.9939597304198666,0.9746265992566655,0.9917027065692331,0.2949042667301896,,0.39261749804192975,0.4670487700365733,0.5927669508791674,0.6483945948817608,0.7224825212169161,True,twin,4,0.01/pi,burgers,False,1234,0.68,MS_hard_burgers_n4_twin_s1234
0.9863368387244453,0.9546962615443187,0.8932162799599062,0.8703971454677777,0.8248701494505449,,,,,,0.9900522378448743,0.950350028033279,0.9298997671754002,0.8917514406185559,0.9793410760199317,0.9621496172113879,0.9299687068459803,0.9938264315665496,0.9747601919382187,0.9918315554717454,0.29337150395999684,,0.39085167536773113,0.4629693757210063,0.59088120378447,0.6475992574171615,0.721835975604636,True,twin,4,0.01/pi,burgers,False,1234,0.72,MS_hard_burgers_n4_twin_s1234
0.9861445000916295,0.9551257385214326,0.8932097895742698,0.8691229543565523,0.8237483888494732,,,,,,0.990491031175112,0.9502963389106778,0.928987932064111,0.890964932973423,0.9784386482935197,0.9604889387936837,0.9282730061238863,0.993677574499884,0.9747025817010623,0.9918772585447165,0.29202994963967005,,0.38888632634255227,0.4586948601832941,0.5886944281588956,0.6467650234266015,0.7214239229270201,True,twin,4,0.01/pi,burgers,False,1234,0.76,MS_hard_burgers_n4_twin_s1234
0.9859368007562561,0.9557043070661683,0.893557834067976,0.8679916485444132,0.8226701909206805,,,,,,0.9909610060778813,0.9503019497638668,0.9279778842959174,0.8899286414201778,0.9775690292286155,0.9587525871951157,0.926354299070295,0.9935151327435068,0.9744921830265056,0.9918528292779194,0.29080592382866854,,0.38663449582236015,0.4541561133729699,0.5861243865249453,0.645734622542016,0.7210615772524426,True,twin,4,0.01/pi,burgers,False,1234,0.8,MS_hard_burgers_n4_twin_s1234
0.9857139548767319,0.9564178376769252,0.8942318283766845,0.867037348634929,0.8217083999737367,,,,,,0.9914526106902237,0.9503486481968249,0.9269060610866197,0.8887199500149012,0.976738426638827,0.9569886764984771,0.9242956580687446,0.993340654310033,0.9741570621834731,0.99176647530578,0.2896159555494792,,0.38400062563615694,0.44927300110801394,0.5830585015630203,0.6443354852406018,0.7205720048401314,True,twin,4,0.01/pi,burgers,False,1234,0.84,MS_hard_burgers_n4_twin_s1234
0.9854760509479475,0.9572514174824817,0.8952048416619403,0.8662929817022164,0.820920193587554,,,,,,0.9919550752485277,0.9504193669525187,0.9258085771851434,0.8874003725659098,0.9759547762188341,0.9552440125617652,0.922167542264024,0.9931558512341104,0.9737180268753759,0.991623187000709,0.28835719533698184,,0.38086478665780854,0.443941384872071,0.5793521973287381,0.642376963184064,0.7197782900004314,True,twin,4,0.01/pi,burgers,False,1234,0.88,MS_hard_burgers_n4_twin_s1234
0.9852230754115342,0.9581897196257035,0.8964510761536754,0.8657860471891572,0.8203473220729156,,,,,,0.9924566905649522,0.9504981405915158,0.9247156868393756,0.8860138673017441,0.9752275545214665,0.9535603663443825,0.920026894396606,0.992962594899119,0.9731906874103511,0.99142600838802,0.2869046965432312,,0.37707741582747367,0.43803116491284044,0.5748354662387332,0.6396540290759122,0.7185006604085361,True,twin,4,0.01/pi,burgers,False,1234,0.92,MS_hard_burgers_n4_twin_s1234
0.984954915574997,0.9592173111548724,0.8979453683324821,0.8655362781844735,0.8200171581286203,,,,,,0.99294508435668,0.950569875956744,0.9236488138952919,0.884587348567803,0.9745671917079841,0.9519725027811963,0.9179177645813514,0.9927628241511781,0.9725869590786748,0.9911769235373274,0.2851136743083311,,0.3724619103225593,0.43139104296470004,0.5693222563457236,0.6359531558517189,0.7165564356112503,True,twin,4,0.01/pi,burgers,False,1234,0.96,MS_hard_burgers_n4_twin_s1234
0.9846713557446092,0.9603188870071565,0.8996628526108514,0.8655550472221669,0.8199444627202767,,,,,,0.9934074700778388,0.9506200955506793,0.9226197929732922,0.8831327532550317,0.9739843752144101,0.9505077688724817,0.9158729468183404,0.9925584138716621,0.9719158654063381,0.9908772869053339,0.282822519794573,,0.36681987221835327,0.42385454188834254,0.5626170632494526,0.6310554239683236,0.713759133287383,True,twin,4,0.01/pi,burgers,False,1234,1.0,MS_hard_burgers_n4_twin_s1234
0.9898474195299417,0.9690661538243057,0.9099176847388443,0.8737029408704577,0.8879494906626991,,,,,,0.992336524192833,0.9429775518512351,0.9046144162743175,0.9352263409376191,0.9692257562092065,0.9374822675148211,0.9667158690792924,0.98939231935653,0.9769921224456557,0.9654558215639667,0.6415314087815559,,0.7068632864472726,0.7626818813115182,0.8395401157153347,0.8243306875990236,0.7981345011796375,True,twin,4,0.01/pi,burgers,False,2025,0.0,MS_hard_burgers_n4_twin_s2025
0.9898845015085708,0.9687215957063229,0.9075592766102758,0.8714260663225772,0.8805257175544388,,,,,,0.9922240246417852,0.9411703963759304,0.9037514989383717,0.930037487283078,0.9680473774289575,0.9373845479860599,0.9638100964554851,0.9896400268853415,0.9761812420084576,0.9666209918220438,0.6055599656479805,,0.6732500838507282,0.7351572379672398,0.8269701113376557,0.8153634075591236,0.788254750797181,True,twin,4,0.01/pi,burgers,False,2025,0.04,MS_hard_burgers_n4_twin_s2025
0.9899221768679957,0.9683723309134827,0.90535770139336,0.8696142971624937,0.8729951684650834,,,,,,0.9921050027350552,0.939493496856964,0.9032293230183468,0.9243878291934989,0.966982384811983,0.9374743436386725,0.960387589516652,0.9899447204127791,0.9756126582590866,0.9683167001823997,0.5698816420193419,,0.6391390710778377,0.7066438105543495,0.8137561213895312,0.8063998430520496,0.779016461068551,True,twin,4,0.01/pi,burgers,False,2025,0.08,MS_hard_burgers_n4_twin_s2025
0.9899604400215952,0.9680193101638445,0.9033512071258466,0.868258818223089,0.8654640189187133,,,,,,0.9919798520354656,0.9379824134187387,0.9030339389199126,0.9183519317148857,0.966056854366808,0.9377384412113368,0.956464052607053,0.990322077928291,0.9752857035555318,0.970501741594321,0.5348009204799955,,0.6048405926624322,0.6772871604183307,0.7995888421565381,0.7972849821552928,0.7704426610937004,True,twin,4,0.01/pi,burgers,False,2025,0.12,MS_hard_burgers_n4_twin_s2025
0.9899992892101531,0.9676635071408782,0.9015725990058628,0.8673171589026668,0.8580091591582216,,,,,,0.9918489939665455,0.9366673576547492,0.9031278572250498,0.9119897362328404,0.9652920558800884,0.9381550518414782,0.9520408770869319,0.9907666401315296,0.9751444312877787,0.9731249316725339,0.5005793937393682,,0.5706232777501734,0.647189505484023,0.7840758660384561,0.7878275133566249,0.7625273610736353,True,twin,4,0.01/pi,burgers,False,2025,0.16,MS_hard_burgers_n4_twin_s2025
0.9900387209283917,0.9673058959099669,0.900047119185255,0.8667050529535498,0.8506889354458069,,,,,,0.991712863076912,0.9355711816560516,0.9034381709695752,0.9053563847164827,0.9647029657858998,0.9386815958014447,0.9471165331611042,0.991238246910627,0.9750687184273819,0.9761017692440995,0.46743071293488375,,0.5367181114727502,0.6164154850332856,0.7666995763504687,0.7776999857854988,0.75519294900788,True,twin,4,0.01/pi,burgers,False,2025,0.2,MS_hard_burgers_n4_twin_s2025
0.9900787340403165,0.9669474670292968,0.8987907043282133,0.8662952600139162,0.8435747598430606,,,,,,0.9915719174719566,0.9347077279082424,0.9038522472683004,0.8985365944910274,0.9642970387760836,0.9392498290977179,0.9417258505479872,0.9916574232830229,0.9748805183521324,0.9792747195226085,0.4355639955750302,,0.5033766414545106,0.5850652417575044,0.7468268795805522,0.7662987805949075,0.7482048087311446,True,twin,4,0.01/pi,burgers,False,2025,0.24,MS_hard_burgers_n4_twin_s2025
0.9901193234896734,0.9665892079153339,0.8978089248086277,0.8659413798843777,0.8368167511790884,,,,,,0.9914266304522279,0.9340808738049993,0.9042398346815763,0.8917183888123463,0.9640735803068555,0.939784933724631,0.9360255752420563,0.9919283841122163,0.9744059760214865,0.9823867450426041,0.405349097744701,,0.47107345140758206,0.553534645473187,0.7239955455849493,0.7527435779872745,0.7411318704299141,True,twin,4,0.01/pi,burgers,False,2025,0.28,MS_hard_burgers_n4_twin_s2025
0.9901604854290179,0.966232093544496,0.8970967332922322,0.8655384245385643,0.8307147787715399,,,,,,0.99127748446683,0.9336843229051751,0.904512570049792,0.8852746702432067,0.9640237067816494,0.9402536385942306,0.9303953329020744,0.9919974429175045,0.9736187449695815,0.9851396724030248,0.3775865230240066,,0.44083525419408803,0.522965586591828,0.698714305365886,0.7364757439659265,0.7335837087372684,True,twin,4,0.01/pi,burgers,False,2025,0.32,MS_hard_burgers_n4_twin_s2025
0.9902022176971463,0.9658771068115051,0.8966389278441325,0.8650759143881079,0.8256801789834589,,,,,,0.9911249759894335,0.9335021780282402,0.9046738334400237,0.8797261366665744,0.9641309588664462,0.9406927364951919,0.9254152136416735,0.9918962435862394,0.9727516335614059,0.9873622380196281,0.35363287301575297,,0.41438825213779795,0.49549188465647376,0.6733247609226315,0.7185546227323361,0.7258161523431375,True,twin,4,0.01/pi,burgers,False,2025,0.36,MS_hard_burgers_n4_twin_s2025
0.9902445179570674,0.9655252175983786,0.8964114748635291,0.8646143958260976,0.8220027798348988,,,,,,0.9909696107941542,0.9335103334048356,0.9047904894574144,0.8754856596094192,0.9643725804162621,0.9411657286018293,0.9215962258964061,0.991705896768798,0.9721538900938981,0.9891036202773987,0.33482288336496735,,0.39345810943510334,0.47340990915672004,0.6512291724104647,0.7017623127725654,0.7188353261421176,True,twin,4,0.01/pi,burgers,False,2025,0.4,MS_hard_burgers_n4_twin_s2025
0.990287378090935,0.9651773679214731,0.8963834902714635,0.8642163044298149,0.819610819242939,,,,,,0.9908118959213521,0.9336785562311049,0.904923325317771,0.8725738732930977,0.9647213825120691,0.9417026368055236,0.9190498545348491,0.991490214051612,0.9719802797329671,0.9904966158946655,0.32137929110222135,,0.3784588445301518,0.45752780495343415,0.6344019403684789,0.6883008373598125,0.7134338045527757,True,twin,4,0.01/pi,burgers,False,2025,0.44,MS_hard_burgers_n4_twin_s2025
0.9903307966752647,0.9648344995748711,0.8965197808438202,0.8639120584012461,0.8181357003410973,,,,,,0.990652347913279,0.9339730531076528,0.9050981094737947,0.8706589785090391,0.9651479447434008,0.9422942745711574,0.9174937048285555,0.9912775964066486,0.9721184064469228,0.9916162438026934,0.31230646624136016,,0.3683456898179569,0.446885504487908,0.6225240605256159,0.6784359669537344,0.7096758005879292,True,twin,4,0.01/pi,burgers,False,2025,0.48,MS_hard_burgers_n4_twin_s2025
0.9903747681099337,0.9644975211666182,0.8967835786770043,0.8637045260815764,0.8171841781792033,,,,,,0.9904914789535857,0.9343592437313196,0.9053145830677759,0.8693452269033498,0.9656230017582129,0.9429156806822375,0.916544818201233,0.9910770714018602,0.9723746445727326,0.9924914161870747,0.30624556456911484,,0.3616165762623509,0.43990263081339726,0.6142355448750245,0.671347736475078,0.7072265640307711,True,twin,4,0.01/pi,burgers,False,2025,0.52,MS_hard_burgers_n4_twin_s2025
0.9904192897300452,0.9641673208606762,0.8971391587362525,0.8635814731965399,0.8164968695355516,,,,,,0.9903298006822187,0.9348043345421188,0.9055602011618907,0.8683573338404473,0.9661195856562849,0.9435412336552097,0.9159229399224126,0.9908915501147522,0.972614975880701,0.9931488517102346,0.302089876007292,,0.357040695142152,0.435253190412466,0.6082627594596773,0.666134280982358,0.7056996147870037,True,twin,4,0.01/pi,burgers,False,2025,0.56,MS_hard_burgers_n4_twin_s2025
0.9904643561974286,0.9638447721271827,0.8975541519393877,0.8635240063539483,0.8159482621343916,,,,,,0.9901678286791828,0.9352795567053563,0.9058179997931172,0.8675537925062177,0.9666148276610163,0.9441486696089122,0.9154762099927095,0.9907225943528605,0.9727835040257549,0.9936242294745239,0.29911551413208526,,0.3538143378299974,0.43206916349166374,0.6037569119009984,0.6621711819687996,0.7047910624384964,True,twin,4,0.01/pi,burgers,False,2025,0.6,MS_hard_burgers_n4_twin_s2025
0.9905099603727164,0.9635306934708433,0.8980012214039472,0.8635115119573598,0.8154937186131814,,,,,,0.9900060627916019,0.9357616682477903,0.9060707212371624,0.8668773746962272,0.9670911327795644,0.944719608230947,0.9151370573076806,0.9905716098037926,0.9728734548556909,0.993956804886814,0.2968817614045138,,0.35144733943611256,0.4298218187068876,0.6002092968156278,0.659079171436785,0.7042764156837377,True,twin,4,0.01/pi,burgers,False,2025,0.64,MS_hard_burgers_n4_twin_s2025
0.9905561003629578,0.9632258991002219,0.8984589543999458,0.8635245572589361,0.8151248479370867,,,,,,0.9898450041083487,0.9362336522506587,0.9063030634978584,0.866310364850278,0.9675366065064674,0.9452395195408063,0.9148794068836,0.990440092365866,0.9729003025602201,0.9941836301106466,0.2951145241395446,,0.3496317350118883,0.42817756963047676,0.5973060693679283,0.6566192408949395,0.7039834454913803,True,twin,4,0.01/pi,burgers,False,2025,0.68,MS_hard_burgers_n4_twin_s2025
0.990602770302187,0.9629311383081229,0.8989120582043943,0.8635462910819264,0.8148442395450912,,,,,,0.9896851327601708,0.9366847001377667,0.9065027285864464,0.8658485002125476,0.9679449026953344,0.9456976422838668,0.9146931843401486,0.9903295229769244,0.972886225649302,0.9943365989514198,0.2936300812516591,,0.3481574106385042,0.4269061174022068,0.5948314493015908,0.654620087672297,0.703774013565767,True,twin,4,0.01/pi,burgers,False,2025,0.72,MS_hard_burgers_n4_twin_s2025
0.9906499615361302,0.9626471515486563,0.8993508493998826,0.8635631896251625,0.814654253588395,,,,,,0.9895269325758913,0.9371094941734548,0.9066608686787933,0.8654890204553684,0.9683144477069469,0.946086790941018,0.9145721869004965,0.9902411772871748,0.9728528909763257,0.9944414935253041,0.29229519385128777,,0.3468691481118394,0.4258347350433048,0.5926211550459354,0.6529437211137099,0.7035363757208205,True,twin,4,0.01/pi,burgers,False,2025,0.76,MS_hard_burgers_n4_twin_s2025
0.9906976727038037,0.9623746254669121,0.8997704048563087,0.8635650664548903,0.8145531794810444,,,,,,0.9893708612064654,0.9375071442322134,0.9067719143963894,0.8652263208642301,0.9686474222103798,0.9464029840686717,0.9145093986364745,0.9901758759943504,0.9728183949936602,0.9945180193752137,0.2910089960085848,,0.3456476157612622,0.424828833547852,0.5905439440855619,0.6514735841971806,0.7031831337657377,True,twin,4,0.01/pi,burgers,False,2025,0.8,MS_hard_burgers_n4_twin_s2025
0.990745895525361,0.9621142091797291,0.9001693407378845,0.8635447929168015,0.8145348058570586,,,,,,0.9892173680001733,0.9378798516374444,0.9068331531071115,0.8650512580688309,0.9689485150909621,0.9466448785593878,0.9144957727990022,0.9901337796759538,0.9727961970726439,0.9945803131443759,0.2896934401843591,,0.34439954768796854,0.42378208786582244,0.5884933536131733,0.6501101136397603,0.7026486396599139,True,twin,4,0.01/pi,burgers,False,2025,0.84,MS_hard_burgers_n4_twin_s2025
0.9907946254210728,0.961866505252946,0.9005486169621957,0.8634979133893605,0.8145895632698524,,,,,,0.9890668812850388,0.9382316188182205,0.9068442172882526,0.864952079492914,0.9692237555441604,0.946813239847643,0.914520701377994,0.9901143238321447,0.9727952112717644,0.9946377645858725,0.2882874832067079,,0.3430516857496994,0.4226103729920087,0.5863828970319143,0.6487681086783649,0.7018849975800198,True,twin,4,0.01/pi,burgers,False,2025,0.88,MS_hard_burgers_n4_twin_s2025
0.9908438550104839,0.9616320898538838,0.9009104274400701,0.863422076691982,0.814705908228196,,,,,,0.9889198208150611,0.9385671061611952,0.9068064253605859,0.8649156686243933,0.9694794843496167,0.9469102777756739,0.9145728288623507,0.9901162029477094,0.972820363744491,0.9946959893813861,0.28674339241194663,,0.3415467216417993,0.4212473494155764,0.5841424322825628,0.6473750681543922,0.7008580999912482,True,twin,4,0.01/pi,burgers,False,2025,0.92,MS_hard_burgers_n4_twin_s2025
0.9908935775216849,0.9614114746131606,0.9012573344826803,0.8633165094372803,0.8148717080922432,,,,,,0.9887765780427222,0.9388907605148883,0.9067222307531136,0.8649288222983552,0.9697215922699686,0.9469391608174237,0.914641043423312,0.9901374615897613,0.9728734292863526,0.9947578280390045,0.2850241782827036,,0.3398403750868047,0.41964140083147705,0.5817156300317525,0.6458699089563245,0.6995440325339063,True,twin,4,0.01/pi,burgers,False,2025,0.96,MS_hard_burgers_n4_twin_s2025
0.9909437873230655,0.9612051397180836,0.9015915826056913,0.8631815963958168,0.8150753158388842,,,,,,0.988637529148461,0.9392061861865133,0.9065947610240426,0.8649792020151799,0.9699549685027901,0.9469035531249702,0.9147151573556891,0.990175632145182,0.9729539467523421,0.9948242484353932,0.28310166746555887,,0.3378992324307525,0.4177532429150446,0.579058153070312,0.6442019096475757,0.6979262080761388,True,twin,4,0.01/pi,burgers,False,2025,1.0,MS_hard_burgers_n4_twin_s2025
0.9851864801761199,0.9502005567452203,0.9483452140452013,0.9715266624716735,0.9508194738064636,,,,,,0.986170090120203,0.9749180559519826,0.9766070303118348,0.9747183867108378,0.9851879059346822,0.9696199006447159,0.9837502034219302,0.9662764481254761,0.9791416392497326,0.9837530301106562,0.6614385316932123,,0.7273711546400166,0.7852839841145969,0.8236607809280388,0.7174353342899472,0.7437763224514993,True,twin,4,0.01/pi,burgers,False,777,0.0,MS_hard_burgers_n4_twin_s777
0.9849290488081742,0.9469415986318418,0.94268323730471,0.9712223359922886,0.9500562028939653,,,,,,0.9848683464282544,0.9722025727144094,0.9801657192236801,0.9759125167325907,0.9859143505468876,0.9737089384841155,0.9861384238694698,0.9711506440380703,0.9816778648381864,0.9857978473946603,0.6229916498080177,,0.6952981127616613,0.7663709532399253,0.8092314212391889,0.7098745267486976,0.7334339252297334,True,twin,4,0.01/pi,burgers,False,777,0.04,MS_hard_burgers_n4_twin_s777
0.984723422528506,0.9436450110343504,0.9366226215231562,0.9688726075798842,0.9480617835328203,,,,,,0.9834399687082346,0.9689645364570166,0.9822617573170249,0.9762041963572142,0.9863049748603764,0.9775526038357957,0.9881057705788157,0.9760005380700912,0.9843853478472964,0.9877882328261074,0.5849623351273092,,0.6625352339166302,0.747024670404262,0.794877893875432,0.7034569700611651,0.7246355756496566,True,twin,4,0.01/pi,burgers,False,777,0.08,MS_hard_burgers_n4_twin_s777
0.984571717084011,0.9403959216852195,0.9302400728345411,0.9643613522288489,0.9444825730490791,,,,,,0.9819261041453083,0.9652636359603891,0.9826659137588547,0.975256721298881,0.9863940214198028,0.9810972967813577,0.989564802452476,0.9807326176167127,0.9871581942425244,0.9896783150628635,0.5476104098367743,,0.6291867486301445,0.7268963989833623,0.7804259305198753,0.698007079933053,0.7171783632102904,True,twin,4,0.01/pi,burgers,False,777,0.12,MS_hard_burgers_n4_twin_s777
0.9844758537995336,0.9372761193715253,0.9237202049000512,0.9576473454018728,0.9391135879003136,,,,,,0.9803713940033875,0.9612263436429094,0.981148314832723,0.9727837719759895,0.98621600227724,0.9841445542680145,0.9903677886130916,0.9852562691964912,0.9899037810510285,0.9914468411300087,0.5111140618387171,,0.5953295348458595,0.7055379017542963,0.765521321032706,0.6932716169828731,0.7108356869152969,True,twin,4,0.01/pi,burgers,False,777,0.16,MS_hard_burgers_n4_twin_s777
0.984437460590699,0.9343595335182932,0.9173789871313968,0.9487696574441568,0.9318427480437356,,,,,,0.9788202915274183,0.9570869034261776,0.9775319197126006,0.9685473910051206,0.985839404323697,0.9864061822448449,0.990304057401287,0.98946722571231,0.992510141212808,0.9930846448275902,0.4756482151070247,,0.5610948676933912,0.6825060420988333,0.7496187731769677,0.6889690228847968,0.7053963097446079,True,twin,4,0.01/pi,burgers,False,777,0.2,MS_hard_burgers_n4_twin_s777
0.9844577608897529,0.93170865751396,0.9116680426747886,0.9378755825593792,0.9226169457850886,,,,,,0.9773137558792981,0.9532148547555778,0.9717534892815568,0.9623603133554389,0.9854115386125991,0.9875793835625449,0.9891144128409859,0.9932013650980136,0.9947910014537865,0.9945874554689039,0.4414204765015644,,0.5267155209147527,0.6574521579051005,0.731912280471557,0.684780367383241,0.7006496722357223,True,twin,4,0.01/pi,burgers,False,777,0.24,MS_hard_burgers_n4_twin_s777
0.9845374626103666,0.9293721911266941,0.9071149336404609,0.9252922006305108,0.911450830697968,,,,,,0.9758867064371031,0.9500826512758226,0.963951974564493,0.9541156982783259,0.9851768032445535,0.9874495664684431,0.9865353413305014,0.9961548844578282,0.996401768060567,0.9959458285791473,0.40872781992545665,,0.4925969202944213,0.6302606473990757,0.711307463710679,0.6803431417653037,0.6963376894383051,True,twin,4,0.01/pi,burgers,False,777,0.28,MS_hard_burgers_n4_twin_s777
0.9846766313989216,0.9273839393035229,0.9041530568426164,0.9117134597539068,0.8985660000716325,,,,,,0.9745664375080861,0.9481200789017582,0.9546339842059479,0.9439274332011331,0.9854100321391004,0.9860152017335642,0.982428996500737,0.9978310395196188,0.996788764250539,0.9970970210460501,0.3782242275390198,,0.45963273547256167,0.601523976625662,0.6869394556188565,0.6753617161822395,0.6922038107922157,True,twin,4,0.01/pi,burgers,False,777,0.32,MS_hard_burgers_n4_twin_s777
0.9848745984320614,0.9257629913148122,0.9028773562611737,0.8985299776659869,0.8848183768758314,,,,,,0.9733720278305883,0.9474798080861303,0.944953250313048,0.932533100900604,0.9862588451879396,0.9836727723990388,0.9771202818469069,0.997829533647222,0.9954633571613641,0.9978558811098485,0.3514363699121124,,0.42985158342447594,0.5736029821296241,0.6600017441056387,0.6698905211502328,0.688392561275792,True,twin,4,0.01/pi,burgers,False,777,0.36,MS_hard_burgers_n4_twin_s777
0.9851298565205806,0.9245148819718425,0.9029043192496805,0.8876659287865011,0.8720369908395097,,,,,,0.972314642438156,0.9478843127271624,0.9366191070456205,0.9216235414227676,0.9876164379709529,0.9813213223162021,0.9717204176013611,0.9965732851117981,0.9927531287684587,0.9980574101163325,0.3303447813796394,,0.4059559250924465,0.5503794909206019,0.6347670927932776,0.6643708285726203,0.6855161726631205,True,twin,4,0.01/pi,burgers,False,777,0.4,MS_hard_burgers_n4_twin_s777
0.9854399944150329,0.9236335662757453,0.9035073092267736,0.8803006610385312,0.8620176514809513,,,,,,0.9713985466271612,0.9487283448795205,0.930801141415112,0.9129123228810874,0.989167208314126,0.9797965765271435,0.9674909198287301,0.9951709444457233,0.989837465593206,0.9978004669641936,0.3153437820767532,,0.38876141201709546,0.5337672509463417,0.6149259377298718,0.6589633921404264,0.6835429284462523,True,twin,4,0.01/pi,burgers,False,777,0.44,MS_hard_burgers_n4_twin_s777
0.9858016659134594,0.9231038376050247,0.9039486183936681,0.8761765234431155,0.8551553141843908,,,,,,0.9706225596153971,0.9493731283279188,0.9274188117634588,0.9068225660323489,0.9905659122609031,0.9792312569095312,0.9647907915451692,0.9943469446826738,0.9875890553444545,0.9973112603555757,0.30493939864305203,,0.37668048768459533,0.5224221993642267,0.6007603123958952,0.6533962410098997,0.6817641470268405,True,twin,4,0.01/pi,burgers,False,777,0.48,MS_hard_burgers_n4_twin_s777
0.9862105800075823,0.9229039172506509,0.903749770818087,0.8743214349905315,0.8507907074467795,,,,,,0.9699817391033098,0.9493922191385651,0.9257149541684973,0.9027811591348577,0.9915817868418507,0.9792806882934686,0.9632312334398502,0.9941660644193225,0.9861290386928971,0.9967443489547868,0.29746645738084737,,0.36779501974371737,0.5142260103076763,0.5909138718247896,0.6475714184697967,0.6797688011201589,True,twin,4,0.01/pi,burgers,False,777,0.52,MS_hard_burgers_n4_twin_s777
0.9866615446794679,0.9230079109054405,0.902757976712394,0.873794601512582,0.8481135872553944,,,,,,0.9694689956818097,0.9486359235564505,0.9249244800262137,0.9000665147492886,0.9921278373511991,0.9795583197716453,0.9623147557745789,0.9943983670857659,0.9852268038714217,0.9961710622598284,0.2918552358475273,,0.360859317782387,0.507747480859042,0.5840345986374041,0.6416790946356509,0.6775643195986056,True,twin,4,0.01/pi,burgers,False,777,0.56,MS_hard_burgers_n4_twin_s777
0.9871485465721084,0.923387961669439,0.9010638448067658,0.8739290423436975,0.8465236363370069,,,,,,0.9690765139949582,0.9471635820948512,0.9245071595885223,0.898151774757225,0.9922188020686021,0.9798050862277281,0.9616957633161356,0.994802746703724,0.9846245593426867,0.9956176904956949,0.28749839799326354,,0.3551825676713025,0.5022190311691398,0.5791009281089041,0.6359772367914669,0.6752902786414406,True,twin,4,0.01/pi,burgers,False,777,0.6,MS_hard_burgers_n4_twin_s777
0.9876648762254909,0.924015906187483,0.8988827049473369,0.874315732827881,0.8456391323513567,,,,,,0.968796796931217,0.9451439977315912,0.9241427608986481,0.8967138117669314,0.9919202322644006,0.9798892461275416,0.9611808105829611,0.9952203246201481,0.984138044197604,0.9950897534213229,0.2840429261152679,,0.35038418374775643,0.49725655847734196,0.5753936396126066,0.630666223401922,0.673070284693872,True,twin,4,0.01/pi,burgers,False,777,0.64,MS_hard_burgers_n4_twin_s777
0.9882032908005826,0.9248644828023658,0.8964632929536626,0.8747276112250836,0.8452272714468968,,,,,,0.9686233495164034,0.9427794443592131,0.9236671001944748,0.8955675033125736,0.9913145652333453,0.9797628587736996,0.9606737287970005,0.9955726373569909,0.9836591329171327,0.9945839355268375,0.2812776862931907,,0.34625318994909343,0.492677976223861,0.572437647796322,0.6258715752031593,0.6709878133264251,True,twin,4,0.01/pi,burgers,False,777,0.68,MS_hard_burgers_n4_twin_s777
0.9887562172407252,0.9259080360327778,0.8940349197236126,0.8750514520187606,0.8451446906305939,,,,,,0.9685509599945313,0.9402622147393839,0.9230128284526651,0.8946096895203741,0.9904838319825267,0.9794232151635274,0.9601316823011172,0.9958346556373877,0.9831348362186222,0.9940938007443784,0.27907566114727317,,0.3426743621101766,0.48840455062682586,0.5699404828855872,0.6216613037748252,0.6690963762098256,True,twin,4,0.01/pi,burgers,False,777,0.72,MS_hard_burgers_n4_twin_s777
0.9893159679640079,0.9271228196912917,0.8917833834551463,0.8752409851962274,0.845299843803574,,,,,,0.9685756784796291,0.9377548157891545,0.9221683847798805,0.8937837939351285,0.9895020925883826,0.9788885791577244,0.9595390629591694,0.9960101965515924,0.9825469997133607,0.9936124863767192,0.2773595818226255,,0.3395854338963953,0.48440629812585406,0.5677343759905622,0.6180634428731533,0.6674292641536814,True,twin,4,0.01/pi,burgers,False,777,0.76,MS_hard_burgers_n4_twin_s777
0.9898749859453656,0.9284870263315503,0.8898437792886735,0.8752881266586192,0.845631232333259,,,,,,0.968694551263358,0.9353835702233504,0.9211526923745487,0.8930592895566282,0.9884324685310991,0.978185243149592,0.9588934860329825,0.9961154866479133,0.981897515050566,0.9931339764240922,0.2760798180475899,,0.3369508566097285,0.48067185567062937,0.565730012278617,0.6150776152864236,0.6660047394967546,True,twin,4,0.01/pi,burgers,False,777,0.8,MS_hard_burgers_n4_twin_s777
0.9904260696164312,0.9299805789537012,0.8883022424618926,0.8752064639532949,0.8460953239778358,,,,,,0.9689052107526775,0.9332390552999607,0.920000546573392,0.8924202533469978,0.987326239055396,0.9773413791370301,0.95819874361369,0.9961696525549767,0.9811985746663346,0.9926536809839933,0.27519956698229275,,0.33474530958662996,0.4771921722355533,0.563882967461681,0.612681093151558,0.6648278017351374,True,twin,4,0.01/pi,burgers,False,777,0.84,MS_hard_burgers_n4_twin_s777
0.9909626131557641,0.9315848878811516,0.8872020188917074,0.8750221583094837,0.8466598266191391,,,,,,0.9692054069966511,0.9313796526550557,0.9187543620365912,0.8918588231104901,0.9862229699204,0.9763843936288429,0.9574612480632845,0.9961897961736499,0.9804664146446928,0.9921686405406076,0.2746844736028365,,0.3329428294753584,0.47395142746027524,0.5621702170420314,0.6108313364006984,0.6638901555707666,True,twin,4,0.01/pi,burgers,False,777,0.88,MS_hard_burgers_n4_twin_s777
0.991478793588047,0.9332825018498482,0.8865514760020606,0.874768903771399,0.8472998019655749,,,,,,0.9695925287781938,0.9298365492166466,0.9174595523315233,0.8913713952853881,0.9851513589461396,0.9753399921742374,0.9566883150969064,0.9961889230654296,0.979717551192413,0.9916775343901897,0.27449646551194395,,0.331510773338961,0.47092327135627216,0.5605754299103161,0.6094679781140118,0.6631706560923111,True,twin,4,0.01/pi,burgers,False,777,0.92,MS_hard_burgers_n4_twin_s777
0.9919697163276159,0.935056763630399,0.886332575384691,0.874484776767514,0.8479953778900915,,,,,,0.9700631754840972,0.9286191493547158,0.916161731825421,0.8909563677039432,0.9841305774797907,0.9742319783862918,0.9558873640523811,0.9961755509523538,0.9789667097976766,0.9911806043594277,0.27458879347774034,,0.3304053367238653,0.46806856428791355,0.5590787656011961,0.6085135091403301,0.6626345541842453,True,twin,4,0.01/pi,burgers,False,777,0.96,MS_hard_burgers_n4_twin_s777
0.9924315473743355,0.9368916178277505,0.8865089773518997,0.874209661980029,0.8487303318217114,,,,,,0.9706128256539467,0.9277202895094565,0.9149045982414622,0.8906126712802823,0.9831718856996204,0.9730822575331931,0.9550654919286456,0.9961542744963301,0.9782258087563674,0.9906794901865653,0.2749038698684688,,0.32956976135257443,0.46533531367394054,0.5576513716214644,0.6078753801014807,0.6622339552513229,True,twin,4,0.01/pi,burgers,False,777,1.0,MS_hard_burgers_n4_twin_s777
0.9914148750185481,0.967619438552732,0.9481725466085564,0.9050219969533958,0.9069620049063547,,,,,,0.9909497988636289,0.9740041543337696,0.9378461356879483,0.9422509386465138,0.9880230243025393,0.9672671075668349,0.9717259210135474,0.9866987281634235,0.9862439789805866,0.9879209171771944,0.810242278047906,,0.8425956362749083,0.8597133589374981,0.8649382553054846,0.8468334290384391,0.8639219523906574,True,twin,5,0.01/pi,burgers,False,1234,0.0,MS_hard_burgers_n5_twin_s1234
0.9914884412989552,0.968482264213938,0.948927313471601,0.9062999542096833,0.9067828580044638,,,,,,0.991289264228011,0.9748902419342137,0.938326828150708,0.9418444737672506,0.9892032862929712,0.9671980771042316,0.9715809301730857,0.9866228197286451,0.9861176780020056,0.9882173475149905,0.7941138243089981,,0.8289238072815617,0.8500583057280572,0.8596193002525407,0.8422591552999024,0.8633442494143113,True,twin,5,0.01/pi,burgers,False,1234,0.04,MS_hard_burgers_n5_twin_s1234
0.9915837387409132,0.9692651223452323,0.9497800815478495,0.9080487882411302,0.9065833089274229,,,,,,0.9915704323153678,0.975801081783934,0.9392666594243555,0.9414271635596412,0.9903680031943656,0.967532936206018,0.9714322334911213,0.9866638060054278,0.9860021466117067,0.9885896284443945,0.7763150461318843,,0.8136316555499049,0.8392290679158793,0.853145038085387,0.8372842813850209,0.8622732816517603,True,twin,5,0.01/pi,burgers,False,1234,0.08,MS_hard_burgers_n5_twin_s1234
0.9916989890034706,0.9699721023401144,0.9506880521826037,0.9102213027594154,0.9062802857684453,,,,,,0.9917991619977301,0.9766953414905274,0.9406425009200257,0.9409365219116181,0.9914962196018136,0.9682617451608582,0.9712345085958192,0.9868501066441905,0.9858945502417805,0.9890318934555622,0.756660100650048,,0.7964278845431807,0.8268689576208034,0.8453002156316198,0.8316466835839021,0.8605282687156687,True,twin,5,0.01/pi,burgers,False,1234,0.12,MS_hard_burgers_n5_twin_s1234
0.9918323752727307,0.9706089998000208,0.9515991652408662,0.9127463045013825,0.9057900749579885,,,,,,0.9919814388934127,0.9775212302249707,0.9424001926493683,0.9403023501925912,0.9925553764214454,0.9693424298259077,0.9709323458866441,0.9871955898025724,0.9857919139922838,0.9895343977742418,0.734992605843406,,0.7770638270815475,0.8126104132122711,0.8358262259297776,0.8249873625745534,0.8578300798189327,True,twin,5,0.01/pi,burgers,False,1234,0.16,MS_hard_burgers_n5_twin_s1234
0.9919820804082037,0.9711829268540384,0.9524545536879812,0.9155413482829533,0.9050633489116008,,,,,,0.9921231898782459,0.9782187369994805,0.9444657702675047,0.9394811005231525,0.9935019091679032,0.970710999190568,0.9704921521866334,0.987704409305334,0.9857081779200769,0.9900898263177684,0.711325501617335,,0.7555201507160602,0.7962555081334223,0.8245363722051031,0.8169408158823184,0.8538395465946251,True,twin,5,0.01/pi,burgers,False,1234,0.2,MS_hard_burgers_n5_twin_s1234
0.9921463242225118,0.9717018829432702,0.953192685950911,0.9185413336287324,0.904131397221018,,,,,,0.9922301167831247,0.9787247710657563,0.9467721502203077,0.9384971422147039,0.9942848858376674,0.9723068258032864,0.9699404095531523,0.9883836692820968,0.9856900026612003,0.9906910826109514,0.6861412558327442,,0.7323736106459604,0.7781929782945837,0.8116608509593213,0.8074674987653102,0.8483842864310317,True,twin,5,0.01/pi,burgers,False,1234,0.24,MS_hard_burgers_n5_twin_s1234
0.9923233795157591,0.9721742643645751,0.9537579293160425,0.9217312422734869,0.9030469027739474,,,,,,0.9923075513791143,0.978983986440698,0.9492910758338374,0.9373761938091612,0.9948554228724218,0.9741040411005644,0.9692987235423737,0.989258721336999,0.9857449952129484,0.9912713418239566,0.6604395188351243,,0.7088341992293575,0.7595490621148808,0.7980651833207881,0.7971953918338541,0.841884287290052,True,twin,5,0.01/pi,burgers,False,1234,0.28,MS_hard_burgers_n5_twin_s1234
0.9925115911239296,0.9726083814894197,0.9541155620261087,0.925145339856325,0.9017461063513974,,,,,,0.9923603252547286,0.978966322922618,0.9520344457759411,0.9360415060404186,0.9951826604356213,0.9761153707895643,0.9684978811011049,0.9903710038776108,0.9857702441185976,0.991680012272,0.6349507149383774,,0.6858443761134336,0.7413401621460958,0.7845677877072336,0.7869359251346958,0.8353116499290304,True,twin,5,0.01/pi,burgers,False,1234,0.32,MS_hard_burgers_n5_twin_s1234
0.9927093853726667,0.9730120030595988,0.954268265555982,0.9287777368289644,0.9002631084229984,,,,,,0.9923926705406003,0.9786844706240342,0.9549710665288904,0.9345367494298301,0.995269519912791,0.9783187252487487,0.9675904934874912,0.9917211024350358,0.9857643154907738,0.9918517838087408,0.6108075145715709,,0.6646332747830844,0.7249569898211343,0.7725400080676885,0.7781154385610269,0.830081341784586,True,twin,5,0.01/pi,burgers,False,1234,0.36,MS_hard_burgers_n5_twin_s1234
0.9929152721842451,0.9733920113845597,0.9542604666096167,0.9324303751542052,0.8986173907448668,,,,,,0.992408175334,0.9781966626655229,0.9578940442329643,0.9328424566621764,0.9951554044775429,0.9805467129502764,0.9665321497704119,0.9931859529989098,0.9856686518934028,0.9917857423214996,0.5883252018649563,,0.6452985450800071,0.7104744587084159,0.7621856371849551,0.771255714340328,0.8266496293248387,True,twin,5,0.01/pi,burgers,False,1234,0.4,MS_hard_burgers_n5_twin_s1234
0.9931278449416023,0.973754177637605,0.954162215773377,0.9357146097491557,0.8967550122077397,,,,,,0.9924097883118344,0.9775883176561329,0.9604378726920982,0.9308534567961831,0.9949021987949023,0.9825134579559097,0.9651647151944747,0.9945554112742204,0.9853415234586651,0.9914984654868011,0.5665311900249812,,0.6265352372000749,0.6963181699534099,0.7519471509553991,0.765182514966353,0.8241970047624054,True,twin,5,0.01/pi,burgers,False,1234,0.44,MS_hard_burgers_n5_twin_s1234
0.9933457769286859,0.9741031257174801,0.9540429243379291,0.9382383502091015,0.8949123218889177,,,,,,0.9923998983910064,0.9769448657498133,0.9622473832131259,0.9287589351717745,0.9945750522047206,0.9839463399490866,0.9635905405761738,0.995651483126016,0.9848395725321013,0.9911006928218651,0.545062450897956,,0.607615438955784,0.6813087588333693,0.7404937826033264,0.7584886986016875,0.8215349065898248,True,twin,5,0.01/pi,burgers,False,1234,0.48,MS_hard_burgers_n5_twin_s1234
0.9935678127230749,0.9744424478917456,0.9539536158188952,0.9398439582713852,0.8936363118030016,,,,,,0.9923804739152439,0.9763332695115209,0.9631793674730159,0.927070596433337,0.9942297048442883,0.9847233135221833,0.9622276354339353,0.9964105839878897,0.9844494592843666,0.9908262965843238,0.5251745019159211,,0.5894292652541971,0.6658379313258088,0.7277727758249326,0.7503984815594195,0.8174016609798133,True,twin,5,0.01/pi,burgers,False,1234,0.52,MS_hard_burgers_n5_twin_s1234
0.9937927602254301,0.9747749360419276,0.9539260493379154,0.9406973758631494,0.8933764557783481,,,,,,0.9923532337489133,0.9757988886498555,0.9633767994053886,0.9262466340889669,0.9939089874214216,0.9849219972226334,0.9614984025186494,0.9968758927092111,0.984441135504042,0.990857997317296,0.5097337018349858,,0.5747869356239899,0.6526796213361555,0.7161157169508462,0.7422986134872236,0.811968229726609,True,twin,5,0.01/pi,burgers,False,1234,0.56,MS_hard_burgers_n5_twin_s1234
0.9940194837047189,0.9751028697265297,0.9539821116338997,0.9411868420694431,0.8941094464434007,,,,,,0.9923198227972955,0.9753720989174044,0.963189611917752,0.9263263683134847,0.9936449380723165,0.9847805628671036,0.9614899465964635,0.9971546737182169,0.9848067871900194,0.9911400952242475,0.5003962073297319,,0.5655955698946556,0.6442217267090381,0.7080047125247861,0.7361830602269276,0.8065395392132956,True,twin,5,0.01/pi,burgers,False,1234,0.6,MS_hard_burgers_n5_twin_s1234
0.9942468914698568,0.975428263005078,0.9541418059793324,0.9416819860463308,0.8955096884160427,,,,,,0.992281947107624,0.975075018844725,0.9629719243233763,0.9270503971594285,0.9934613284319911,0.9845650609227008,0.9620290205756722,0.9973470278510578,0.9853689978290373,0.9915119934089488,0.49580010087645826,,0.560697039706195,0.6397533685519058,0.7031908027425973,0.7319578013712312,0.8018153874847773,True,twin,5,0.01/pi,burgers,False,1234,0.64,MS_hard_burgers_n5_twin_s1234
0.9944739313666703,0.975753026966933,0.954424541968307,0.942346011738006,0.8972250064318432,,,,,,0.9922414395686114,0.9749235357134792,0.9629083921448259,0.9280866888650021,0.9933738849887624,0.9844322240283864,0.9628525044551884,0.9974839077906488,0.9859437678790899,0.9918466299552071,0.4935729637229347,,0.5578492499852394,0.6372373858674765,0.6999720728300727,0.7284899279385285,0.7978522288000895,True,twin,5,0.01/pi,burgers,False,1234,0.68,MS_hard_burgers_n5_twin_s1234
0.9946995786900539,0.976079004134073,0.9548461415302258,0.9431634212707358,0.898973557367065,,,,,,0.992200251246578,0.9749262164211165,0.9630213301172523,0.9291469027729106,0.9933892207485185,0.9844197499410977,0.9637078341377003,0.9975449274962628,0.98637778064631,0.9920657158068147,0.4921386142357596,,0.5556058026755116,0.6352792523587407,0.6969963206855811,0.724996376552105,0.7943613775614737,True,twin,5,0.01/pi,burgers,False,1234,0.72,MS_hard_burgers_n5_twin_s1234
0.994922833992984,0.9764079057183369,0.9554160862596688,0.9440585717346712,0.9006176699060717,,,,,,0.9921603725203403,0.9750835496579326,0.9632646978074888,0.9300945684875309,0.9935046937574329,0.9845086869417747,0.9644725009429104,0.9975059687636048,0.9866086227813619,0.9921755765396465,0.4908394638298494,,0.5534037307643767,0.6333097190801465,0.6936252686051636,0.7211719461135812,0.7909675648355745,True,twin,5,0.01/pi,burgers,False,1234,0.76,MS_hard_burgers_n5_twin_s1234
0.9951427165228617,0.9767411493699169,0.9561371086546038,0.9449626378999569,0.9021236872314692,,,,,,0.9921237043332465,0.9753890969007649,0.9635828287720186,0.9309097609541318,0.9937101230296344,0.9846643204539438,0.9651314254725436,0.9973556078231625,0.9866401176587204,0.9922265583135659,0.4896899407901637,,0.5513147367822034,0.6314018947937864,0.6899065930094889,0.7172079353681768,0.7876137458872037,True,twin,5,0.01/pi,burgers,False,1234,0.8,MS_hard_burgers_n5_twin_s1234
0.9953582623708372,0.9770796787661107,0.9570066814707976,0.9458289004044808,0.9034716917555673,,,,,,0.9920919177260399,0.9758319867061631,0.9639291779236806,0.9315872593983041,0.9939907337379732,0.9848505165615895,0.9656804738450264,0.9970897399721795,0.9864731421462544,0.9922462614764975,0.4889142398234825,,0.5495895615354807,0.6298076146532098,0.6861059863051912,0.7134453296468405,0.7844846822219873,True,twin,5,0.01/pi,burgers,False,1234,0.84,MS_hard_burgers_n5_twin_s1234
0.9955685219501357,0.9774237812317568,0.958018954756527,0.9466302722067554,0.9046265843018387,,,,,,0.9920663200037753,0.9763994232990194,0.9642700820218612,0.9321031901980513,0.9943301220436322,0.9850353043206292,0.9660960183544798,0.9967053970282233,0.9860908238404703,0.992232597991144,0.48856987602754526,,0.5482885375843563,0.6285681501592746,0.6822903025639191,0.709992545427138,0.7816853094053668,True,twin,5,0.01/pi,burgers,False,1234,0.88,MS_hard_burgers_n5_twin_s1234
0.9957725631227056,0.9777729659723295,0.9591658919937484,0.9473529473655051,0.9055676242490297,,,,,,0.9920477566663596,0.9770781395544049,0.964583548361076,0.9324455007024702,0.9947122867607235,0.9851935543448033,0.9663662145966673,0.9961992496829679,0.9854871362028053,0.992179727742673,0.4886391518157924,,0.5474022039457526,0.6276642125805711,0.6784858682507512,0.706854023061515,0.779251105549396,True,twin,5,0.01/pi,burgers,False,1234,0.92,MS_hard_burgers_n5_twin_s1234
0.9959694714035359,0.9781258898170883,0.9604372293135829,0.947989547171096,0.9063019561544383,,,,,,0.9920365519160915,0.9778545549118988,0.964855666230346,0.9326269006165755,0.995122458800823,0.985307404268772,0.9665024395680991,0.9955691233194592,0.9846738084048772,0.9920890284428471,0.48912081104075367,,0.5469457423051745,0.6271221055019532,0.6747838668521535,0.704040696250877,0.7772019691247776,True,twin,5,0.01/pi,burgers,False,1234,0.96,MS_hard_burgers_n5_twin_s1234
0.9961583571717357,0.978480375076992,0.961819684264623,0.9485332380841747,0.9068473278948788,,,,,,0.9920325020187102,0.9787140937195438,0.9650762707396037,0.9326677650289757,0.9955470525544943,0.9853650166486656,0.9665220377114097,0.9948162797971694,0.9836661954507481,0.9919639741908145,0.4899326720942205,,0.5468414833783514,0.6268758953132371,0.6711930757819741,0.7014526295617803,0.7754579644360481,True,twin,5,0.01/pi,burgers,False,1234,1.0,MS_hard_burgers_n5_twin_s1234
0.9960540364109525,0.9627321553608944,0.9693854389011354,0.9504979202459234,0.9756225739312698,,,,,,0.9808209907816982,0.984436917616335,0.9671455685032847,0.9857277655302261,0.9881558015062847,0.9588090318089877,0.970869123523387,0.9820591542282524,0.9888844201667842,0.9922427062161965,0.7699148790988054,,0.8147088583888622,0.8823510282865906,0.8483493017632968,0.8430515198755535,0.8154853303078349,True,twin,5,0.01/pi,burgers,False,2025,0.0,MS_hard_burgers_n5_twin_s2025
0.996125732726698,0.9627206857401326,0.9697387231974072,0.9493231145558682,0.9743020840930492,,,,,,0.98037056538642,0.9850314973145902,0.9674941678388106,0.9860744132373823,0.9897713788623225,0.9631717029511283,0.9750751239024159,0.9840275035991995,0.9910241276789017,0.9925499798820497,0.7422760606700206,,0.7894116453717818,0.8712579197003116,0.8347504530721431,0.833225745229652,0.8036400269669898,True,twin,5,0.01/pi,burgers,False,2025,0.04,MS_hard_burgers_n5_twin_s2025
0.9961995687667385,0.9628049051606884,0.970059402846444,0.9484578781334384,0.9724348854525451,,,,,,0.979952803079194,0.9852610687729066,0.9675747880439601,0.9854511765762285,0.9911817178478992,0.968173213451943,0.9790076925955895,0.9862702450313905,0.992833506445977,0.9926940710181483,0.7136224589286749,,0.7621428062933838,0.8572116591290279,0.8197478304582441,0.8239033830892679,0.7930025937510444,True,twin,5,0.01/pi,burgers,False,2025,0.08,MS_hard_burgers_n5_twin_s2025
0.996274390104736,0.9629987397710581,0.9704229170427029,0.9476575628973245,0.9698778195560712,,,,,,0.9795945464852674,0.9851837179278632,0.9671254054381105,0.9836563230052106,0.9923665405976505,0.9732563419064467,0.9822152014212256,0.9883904117302801,0.9940813408039187,0.9927441695992495,0.68382621581903,,0.732898572434867,0.8398321996036817,0.8031814308849707,0.8147976203275425,0.7829393838052741,True,twin,5,0.01/pi,burgers,False,2025,0.12,MS_hard_burgers_n5_twin_s2025
0.9963487785590907,0.9633098381374929,0.9708396302014649,0.9467388032048328,0.9665005226014846,,,,,,0.979320725406911,0.9848396023356706,0.9659931940188293,0.9805694625697138,0.9933265655181275,0.9778885970698978,0.9843365961496698,0.9900957929685376,0.9946471537001021,0.9928171284048386,0.6529686521932055,,0.7018736369492926,0.8188723600599095,0.7849348326723208,0.8055627557851361,0.773219335180141,True,twin,5,0.01/pi,burgers,False,2025,0.16,MS_hard_burgers_n5_twin_s2025
0.9964210103750186,0.9637379193843781,0.9712188194731858,0.9455651899300117,0.9621990212700953,,,,,,0.9791519739064423,0.9842260349364818,0.9641283492131553,0.9761486118761111,0.9940427412612843,0.9816060285755738,0.9850796888489527,0.9912339529366347,0.9944352419677192,0.9930077328699718,0.6212603819331161,,0.6694035100716998,0.7942383145631489,0.7648549953400279,0.7957487119104283,0.7637543280784846,True,twin,5,0.01/pi,burgers,False,2025,0.2,MS_hard_burgers_n5_twin_s2025
0.9964890234958923,0.9642745916209892,0.9714058522317652,0.9440287499288544,0.9569329086909272,,,,,,0.9791032568118174,0.9833305639362983,0.9615648135240044,0.9704541170648859,0.9944709876943055,0.9840398234833188,0.9842415623604396,0.9917827399488554,0.993351519121785,0.9933244669820955,0.5889895837540017,,0.6359121877774031,0.7659826702949334,0.74269550115429,0.784691662745229,0.7544107459191619,True,twin,5,0.01/pi,burgers,False,2025,0.24,MS_hard_burgers_n5_twin_s2025
0.9965504219479021,0.9649046562726249,0.9712938040538655,0.9420668525902914,0.9508122338612964,,,,,,0.9791835356196975,0.9822064534622982,0.9584277707268605,0.9637244703385694,0.9945933613608552,0.9849806167636739,0.9818069214566509,0.9917818064194535,0.9913355242739507,0.9936396708004714,0.5565428952085103,,0.6019204225733462,0.7343540589975035,0.7181482623320571,0.7714578829297519,0.7449110937002212,True,twin,5,0.01/pi,burgers,False,2025,0.28,MS_hard_burgers_n5_twin_s2025
0.9966025145249595,0.9656086541742218,0.9709114849677197,0.9397562002540865,0.9442393270679549,,,,,,0.9793964139188379,0.9810047090587787,0.9550034959321554,0.9565100761339274,0.994469327899267,0.9845262105052474,0.978129884768019,0.9912739864638724,0.9884635660185848,0.9937316684002719,0.5248186741862501,,0.5684755197622182,0.7003831822685608,0.6913295921202898,0.755311665047775,0.7349742824853902,True,twin,5,0.01/pi,burgers,False,2025,0.32,MS_hard_burgers_n5_twin_s2025
0.9966424055889643,0.9663660208964527,0.9703940877275533,0.9374536901420695,0.9380628180698599,,,,,,0.9797412890134848,0.9799129106751415,0.9518267755889518,0.9498099493678188,0.9942198269823254,0.9832321601058129,0.9741164213688889,0.9904107599336449,0.9851941876531327,0.9934942744231623,0.4961542336947262,,0.5381697892573774,0.6672862506563845,0.6642709806085152,0.7372435293155776,0.7249484491350441,True,twin,5,0.01/pi,burgers,False,2025,0.36,MS_hard_burgers_n5_twin_s2025
0.9966671399346383,0.9671580592458867,0.9698829300148357,0.9356775568463165,0.9333389606645802,,,,,,0.9802145010471548,0.9790692160604726,0.9495055452580129,0.9447877889743035,0.9939657844613038,0.9819115934597636,0.9709698466828739,0.9895363681441571,0.9823945645419925,0.9931085359907961,0.47359473215710685,,0.5143747612797565,0.639648536521894,0.6408493502170097,0.7203535120586876,0.7159222648344609,True,twin,5,0.01/pi,burgers,False,2025,0.4,MS_hard_burgers_n5_twin_s2025
0.9966739030852582,0.9679700565956821,0.96945971324621,0.9346726351572786,0.9304171829637072,,,,,,0.9808100299083564,0.9785294752507799,0.9482800501438461,0.9418164450752158,0.9937844039297401,0.9810580445832704,0.969202053516712,0.9889202539193096,0.980558174194832,0.992839375071204,0.4580843041533915,,0.49818958771548594,0.6194769675000582,0.6232327339857593,0.7070054923073948,0.7086622515280215,True,twin,5,0.01/pi,burgers,False,2025,0.44,MS_hard_burgers_n5_twin_s2025
0.99666027325649,0.9687921746712183,0.9691433127498297,0.9343156065311092,0.9288051070176624,,,,,,0.9815195730661697,0.9782845079273711,0.9479710041608043,0.9403638489451878,0.993703261252668,0.9806750750577051,0.968417337515721,0.9885647237531123,0.9794322319360957,0.9927640345056089,0.4481368929243488,,0.48806048457611856,0.6054177372700733,0.6106205639737244,0.6972570831342332,0.7031864616180304,True,twin,5,0.01/pi,burgers,False,2025,0.48,MS_hard_burgers_n5_twin_s2025
0.9966245006081639,0.969619034239175,0.9689157507377456,0.9343911207501497,0.9279436881671096,,,,,,0.9823320817378796,0.9782907585039056,0.9482993706733021,0.9398172643506293,0.9937156590160342,0.9805907011583632,0.9681036189764707,0.9883610550222325,0.978622857132851,0.9928299685280679,0.4417768408127507,,0.4818702458647709,0.5952386983517451,0.6012722813617734,0.6900813160045374,0.6990973442428597,True,twin,5,0.01/pi,burgers,False,2025,0.52,MS_hard_burgers_n5_twin_s2025
0.996565798793663,0.9704484846242187,0.9687469512365536,0.9347461544318704,0.9275069716962927,,,,,,0.9832331928018755,0.9784933559256811,0.9490580985219096,0.9398052500492088,0.9937987280541913,0.9806680063468023,0.9679689945661307,0.988229979648973,0.9779113835944465,0.9929679544013249,0.437606965046568,,0.47810240404347026,0.5873224061785162,0.5938947012672705,0.6845190484195117,0.6959756954297557,True,twin,5,0.01/pi,burgers,False,2025,0.56,MS_hard_burgers_n5_twin_s2025
0.9964846038710915,0.971279940971028,0.9686088758191023,0.9352887740904694,0.9273329419906088,,,,,,0.9842048894756203,0.9788384059836637,0.9501115791263537,0.9401297489334216,0.9939259749846623,0.9808291421078675,0.967883308235596,0.9881368608650533,0.9772146021564826,0.9931278203776425,0.4348240682324873,,0.47586865443623494,0.580758858475788,0.5877693601890932,0.6799557817107609,0.6935290109163026,True,twin,5,0.01/pi,burgers,False,2025,0.6,MS_hard_burgers_n5_twin_s2025
0.9963827681821332,0.9721128959670403,0.9684808265210939,0.9359589776288597,0.9273388055912181,,,,,,0.9852257566853538,0.9792778483967698,0.9513632995963718,0.9406781380296528,0.9940736854591624,0.9810312333105364,0.9677938308881836,0.988070438049947,0.9765104158847664,0.9932792321511221,0.43298791955335303,,0.4746653948034957,0.5750769888793056,0.5825289267316569,0.6760467861662877,0.691578357940123,True,twin,5,0.01/pi,burgers,False,2025,0.64,MS_hard_burgers_n5_twin_s2025
0.996263650810991,0.972945915046425,0.9683498255116113,0.9367121704748406,0.9274777536855422,,,,,,0.9862719050532225,0.9797704555564416,0.9527368406246985,0.941377617887581,0.9942231787552843,0.9812485449247356,0.9676813475885216,0.988027482870041,0.9757986924686086,0.9934055432474432,0.43184778107160426,,0.4741900213458956,0.5700329360869648,0.5779774698522794,0.6726059816875481,0.6900133007981233,True,twin,5,0.01/pi,burgers,False,2025,0.68,MS_hard_burgers_n5_twin_s2025
0.9961320749727522,0.9737761460769526,0.9682088941130961,0.9375127302372438,0.9277196253271273,,,,,,0.9873183553202196,0.9802812319626578,0.9541682241873601,0.9421748552628837,0.9943608719344135,0.9814640657339874,0.9675407398210604,0.9880062335739019,0.9750851192211288,0.9934984058623517,0.43124666745206564,,0.47424052963983243,0.565493071629918,0.573994897549317,0.6695302604394896,0.6887592432265178,True,twin,5,0.01/pi,burgers,False,2025,0.72,MS_hard_burgers_n5_twin_s2025
0.9959941348369094,0.9745993893669198,0.9680549010059835,0.9383318853983883,0.928042317374267,,,,,,0.9883407237449958,0.9807805471626341,0.9556034657108687,0.9430272537628596,0.9944775504584662,0.9816660268284415,0.9673726142200328,0.9880045057467184,0.9743753911791971,0.9935542360687853,0.431074326436519,,0.4746672877073029,0.5613765637376523,0.5704941726967558,0.6667568927143224,0.6877601451375043,True,twin,5,0.01/pi,burgers,False,2025,0.76,MS_hard_burgers_n5_twin_s2025
0.9958568635500298,0.9754104596256686,0.9678866657366431,0.9391466122398081,0.9284277046127641,,,,,,0.9893167985592901,0.9812433926352805,0.9569976116887994,0.9438991440425266,0.9945674028300902,0.9818462716515598,0.9671795699614248,0.9880194909730855,0.9736733820400741,0.9935720719023934,0.431244047332505,,0.4753501408436297,0.5576276334054696,0.5674033003828877,0.6642412319200801,0.6869697991669046,True,twin,5,0.01/pi,burgers,False,2025,0.8,MS_hard_burgers_n5_twin_s2025
0.9957277819436776,0.9762036762071683,0.9677035921150929,0.9399387122629689,0.9288596194267376,,,,,,0.9902277926573366,0.9816489096436377,0.9583141099571506,0.9447601184353963,0.9946271369258154,0.9819993313323113,0.9669645114597807,0.9880480362265713,0.9729808476805323,0.9935523216514461,0.4316813867440252,,0.47618775926181683,0.5542021348763073,0.5646582518484309,0.6619457668246741,0.6863477417167244,True,twin,5,0.01/pi,burgers,False,2025,0.84,MS_hard_burgers_n5_twin_s2025
0.9956143756565417,0.9769733768647237,0.9675048737665888,0.9406940518718738,0.929323087815742,,,,,,0.9910591592631515,0.981980169655222,0.9595243045002235,0.9455845186003113,0.9946552723474368,0.9821218429923354,0.9667300552136836,0.9880869812614685,0.9722977636001108,0.9934960813137076,0.4323195190098435,,0.4770934439523072,0.5510618169590383,0.5622011731540855,0.6598358147608712,0.6858577686891264,True,twin,5,0.01/pi,burgers,False,2025,0.88,MS_hard_burgers_n5_twin_s2025
0.9955235616975232,0.9777143143522694,0.9672891266651278,0.9414017328329339,0.9298039183078264,,,,,,0.9918008898105137,0.9822240187141484,0.9606067159697753,0.9463510892422541,0.9946515695970014,0.9822120443614721,0.966478269365563,0.9881333603944169,0.971622715562071,0.9934047274733472,0.43309637077804997,,0.47799230133009946,0.5481709689168144,0.5599791497943741,0.6578775331359455,0.6854667607634101,True,twin,5,0.01/pi,burgers,False,2025,0.92,MS_hard_burgers_n5_twin_s2025
0.9954611997411659,0.9784219201357093,0.96705432684781,0.942053441332192,0.9302887007888632,,,,,,0.9924473690077581,0.9823708979632291,0.9615463023111654,0.9470428231035446,0.9946166010306461,0.982269410612538,0.966210731502644,0.9881845595998251,0.9709534195369826,0.9932797167943431,0.43395406185216956,,0.47882034368557824,0.545495641149299,0.5579444918610484,0.6560380683806354,0.6851446084408436,True,twin,5,0.01/pi,burgers,False,2025,0.96,MS_hard_burgers_n5_twin_s2025
0.995431702678754,0.9790924914872039,0.9667979658334165,0.9426429593387308,0.9307649221954257,,,,,,0.9929969415326079,0.9824146462880761,0.9623337102862345,0.9476467339063206,0.9945514501666466,0.9822943476673256,0.9659286034058923,0.9882383685099037,0.9702870836511875,0.9931224824908168,0.4348383540366881,,0.47952320892686057,0.5430027798802181,0.5560540903836545,0.6542855211060317,0.6848636676748612,True,twin,5,0.01/pi,burgers,False,2025,1.0,MS_hard_burgers_n5_twin_s2025
0.9881288121139102,0.9443166876740783,0.8892119925991228,0.8958596715981886,0.9207330115986339,,,,,,0.9651030960221031,0.9295281326857319,0.9364395347671712,0.9580963836610059,0.9811263653626435,0.9737156246569267,0.9837434918342101,0.9944110632947839,0.9882980327359508,0.9914211140275107,0.748304875010086,,0.8081302652151903,0.8789321850094373,0.871967927147178,0.8625042280416976,0.8776419990548983,True,twin,5,0.01/pi,burgers,False,777,0.0,MS_hard_burgers_n5_twin_s777
0.9876587829108822,0.9434571878046462,0.8868050903465973,0.8896782502658974,0.9103527894951841,,,,,,0.9655870582830395,0.9287639798494037,0.9323638207109562,0.9512399164873511,0.9804836971209924,0.9735654432649291,0.9823884341179546,0.9953138146464011,0.9894118537709405,0.9918285273720061,0.7173942804945997,,0.7836209835994764,0.8701920447004043,0.8670632506084376,0.8566356014478317,0.8712295099774569,True,twin,5,0.01/pi,burgers,False,777,0.04,MS_hard_burgers_n5_twin_s777
0.9872004527766883,0.9425604817273517,0.88599508547184,0.8848130877242175,0.900192329026782,,,,,,0.9660899808685478,0.9294418367258722,0.9292585105177575,0.9442240872823066,0.9805285242274568,0.9736421116045504,0.9802416136589224,0.9960430658964433,0.9902784005933423,0.9924096171566644,0.6855683459529318,,0.7577376097805378,0.8591074099798967,0.8622883202001794,0.8519662646223525,0.865200827070323,True,twin,5,0.01/pi,burgers,False,777,0.08,MS_hard_burgers_n5_twin_s777
0.9867562878334365,0.9416355917687542,0.8865290311465973,0.8810010171343752,0.8902247933349816,,,,,,0.9666089511987315,0.9313314869628543,0.9268695332986724,0.9370100703056998,0.9812152009470253,0.9737295200101056,0.977178560220117,0.9964684172150441,0.9907265996104434,0.9931143215639523,0.6530260930227535,,0.7304977912481629,0.8453820322942247,0.8571280126589823,0.8481333800307959,0.859512532810201,True,twin,5,0.01/pi,burgers,False,777,0.12,MS_hard_burgers_n5_twin_s777
0.9863285943405571,0.9406930455206175,0.887948418534224,0.8779377375594528,0.8803837610996065,,,,,,0.9671420017777737,0.9340107321353917,0.9249179318880563,0.929532655347476,0.9823551115614664,0.9735938487367441,0.9730819162626357,0.9964642568495079,0.9905041321627073,0.9938683619650779,0.61993409035071,,0.7019028027390409,0.8286780197255752,0.8507644248305186,0.8446564952246417,0.8540640519209569,True,twin,5,0.01/pi,burgers,False,777,0.16,MS_hard_burgers_n5_twin_s777
0.9859194906677183,0.9397447998907628,0.8896598801272757,0.8753535482220247,0.8706364535578214,,,,,,0.9676880462011274,0.9369281847885951,0.9231744767572841,0.921769118834439,0.9836531411159832,0.9730402951129503,0.9678843498141795,0.9959457904315173,0.9893226016065604,0.994570634438693,0.5864706426696846,,0.6719852820029606,0.8086570260449224,0.8421447388178354,0.8409272357755658,0.848693039591918,True,twin,5,0.01/pi,burgers,False,777,0.2,MS_hard_burgers_n5_twin_s777
0.9855308901405618,0.9388038248150246,0.8910732228217334,0.8730839008182356,0.8610890894014825,,,,,,0.9682465497159903,0.9395343932427151,0.9215366238441035,0.9138463264910577,0.984801519480396,0.9719954234748319,0.9616731384495354,0.9949368189475895,0.9869839581560415,0.99508680879807,0.5528787020626019,,0.6408701512560284,0.7850619012740431,0.830133418094548,0.8361408614474668,0.8431427727186842,True,twin,5,0.01/pi,burgers,False,777,0.24,MS_hard_burgers_n5_twin_s777
0.985164471042523,0.9378835880537136,0.8917929620390014,0.8711147519814051,0.8521274942984581,,,,,,0.9688172157032271,0.9414645017301205,0.9200773111290166,0.906186881978647,0.985614086527979,0.9705948963607051,0.9548685704066496,0.9936231906678564,0.9835826293779375,0.995254995790172,0.5195406494695466,,0.6088704168224843,0.7578711497892836,0.8137660227932929,0.8291717935059004,0.836970919852787,True,twin,5,0.01/pi,burgers,False,777,0.28,MS_hard_burgers_n5_twin_s777
0.9848216635829782,0.9369973760691055,0.8917417786327086,0.8695325551605433,0.8445548562702856,,,,,,0.9693995826971193,0.9426505097133913,0.9189839202503478,0.8996514070916505,0.9860983516686198,0.9691721041053745,0.9484259334203105,0.9922997882346397,0.9797185141650651,0.9949666824468191,0.4872354749884247,,0.5768201864701071,0.7277737322011962,0.7927502924837875,0.8185641043067332,0.8293591773823132,True,twin,5,0.01/pi,burgers,False,777,0.32,MS_hard_burgers_n5_twin_s777
0.9845036302909097,0.9361575786445255,0.8910974290862972,0.8684491861407329,0.8395166345691534,,,,,,0.9699926637034625,0.9432530419714991,0.9184563430073385,0.8954529393140245,0.9863856070667728,0.9681329096840057,0.943794205342529,0.9912492241027314,0.976532889068816,0.9943967493750778,0.45808134633243297,,0.5472296472733803,0.6977984786905307,0.7692060115649338,0.803961481898327,0.8194160008494794,True,twin,5,0.01/pi,burgers,False,777,0.36,MS_hard_burgers_n5_twin_s777
0.9842112510559998,0.9353751031701988,0.8901167208550237,0.8680095389419145,0.837567468673806,,,,,,0.9705947475512743,0.943494809371172,0.918668097158591,0.894207947356275,0.9866052671022634,0.9677890256552726,0.9418731145141636,0.9906564906873647,0.9749399283649817,0.9939668357682376,0.43550617281341236,,0.5243318802264529,0.6737204352315332,0.7489106418766681,0.7888658751866897,0.8081451587848062,True,twin,5,0.01/pi,burgers,False,777,0.4,MS_hard_burgers_n5_twin_s777
0.9839451166332608,0.934658860458852,0.8890121859812219,0.8682115919894018,0.8379089505748096,,,,,,0.9712032555742931,0.9435542303705031,0.9195766856132969,0.8951612843259967,0.9868285201319377,0.9681294430351844,0.9420704610371355,0.9904948533254253,0.9747218615141744,0.9938135496447444,0.42010449943649175,,0.509200731271365,0.6576967399849205,0.73507437475708,0.7766632618092798,0.7976367466340748,True,twin,5,0.01/pi,burgers,False,777,0.44,MS_hard_burgers_n5_twin_s777
0.9837055252684928,0.9340155137173026,0.8879234443919697,0.8688483709803635,0.8394395590396324,,,,,,0.9718148215733089,0.9435471108483416,0.9209243381738502,0.8972281809780872,0.9870796773105386,0.9689052522874304,0.9433654363391901,0.9906002787339966,0.9752149181763542,0.993826278205606,0.4096422267833407,,0.49945377260572765,0.6473429129993339,0.7261293673093826,0.7672177048295844,0.7884361258729696,True,twin,5,0.01/pi,burgers,False,777,0.48,MS_hard_burgers_n5_twin_s777
0.9834924863162934,0.9334493676652083,0.8869317989309974,0.8697000377919887,0.841485404844387,,,,,,0.9724254300568783,0.9435418813094403,0.9224598319217898,0.8997375371427735,0.9873602046255194,0.9698784143208303,0.945116978514383,0.9908288564656402,0.9759800984354605,0.9939108488140319,0.40223491678361484,,0.4929688090153971,0.6403396173824298,0.720100601995498,0.7596752436062874,0.7803931154096649,True,twin,5,0.01/pi,burgers,False,777,0.52,MS_hard_burgers_n5_twin_s777
0.9833057312654236,0.932962458204226,0.88607987829076,0.8706293188386113,0.8437236843903799,,,,,,0.9730306655727144,0.9435757590422571,0.9240286772863523,0.9023667475876977,0.9876632318395941,0.970902688141075,0.9470179130830224,0.9910975512158767,0.9768130289244927,0.994024478750664,0.39682019245935246,,0.4885473500022574,0.6353779045481244,0.7158295592461259,0.7535086658402024,0.7733336504580807,True,twin,5,0.01/pi,burgers,False,777,0.56,MS_hard_burgers_n5_twin_s777
0.9831447200466419,0.93255474981715,0.8853861447994563,0.8715705369171701,0.8460099455991362,,,,,,0.9736259849994929,0.9436660241303108,0.9255553074418348,0.9049727401935387,0.9879798750075238,0.9719039335176823,0.948931783682104,0.991367333550839,0.9776319818739422,0.9941491270748991,0.3927938984049048,,0.4855183472221864,0.631737863781336,0.7126791419386849,0.7483985495277613,0.7671146886858782,True,twin,5,0.01/pi,burgers,False,777,0.6,MS_hard_burgers_n5_twin_s777
0.9830086723428801,0.9322244166425396,0.8848544258869112,0.8724982894480682,0.8482797677484087,,,,,,0.9742069583416407,0.9438176519704556,0.9270086041892488,0.9074939232254893,0.9883015920726484,0.9728483851872134,0.9507984218239435,0.9916226497918307,0.9784087276913849,0.9942762266353817,0.38978257907956915,,0.48347516120876655,0.6289950813869574,0.7102802540170945,0.7441243560400591,0.7616163303590265,True,twin,5,0.01/pi,burgers,False,777,0.64,MS_hard_burgers_n5_twin_s777
0.9828965835938294,0.9319681726829823,0.884479955786522,0.8734054183425529,0.8505032604689443,,,,,,0.974769509045469,0.94402849329451,0.9283784956601573,0.9099041829645248,0.9886209448974231,0.973721862582702,0.9525904830594321,0.9918586692965202,0.9791363010493687,0.9944011042960703,0.38753376212879154,,0.4821476356821636,0.6268770837176815,0.7084019325113837,0.740518997332166,0.756735953737326,True,twin,5,0.01/pi,burgers,False,777,0.68,MS_hard_burgers_n5_twin_s777
0.9828072555032582,0.9317815902464358,0.8842531538294496,0.87429161720576,0.8526655763175902,,,,,,0.975310069860778,0.9442926855096077,0.9296638534456779,0.912192919919891,0.9889317730872863,0.9745191370248344,0.9542949566465793,0.9920748806653825,0.9798153653893895,0.994521090100624,0.38586413365323863,,0.4813415741806521,0.6251952643238173,0.7068876863579512,0.7374493632812573,0.7523842676085697,True,twin,5,0.01/pi,burgers,False,777,0.72,MS_hard_burgers_n5_twin_s777
0.9827393270664865,0.9316594119118875,0.8841619204594207,0.875158471301555,0.8547588093254442,,,,,,0.9758256833592037,0.9446027683607106,0.9308671067127199,0.9143566736312175,0.9892291660816322,0.9752391563372902,0.9559055200581378,0.9922722835630478,0.9804488127088813,0.9946347934142329,0.3846346322150583,,0.4809100609786483,0.6238123919408453,0.7056246233787694,0.7348069482217758,0.7484828716461022,True,twin,5,0.01/pi,burgers,False,777,0.76,MS_hard_burgers_n5_twin_s777
0.9826913087447537,0.9315958410595953,0.8841930282860427,0.8760077656832292,0.8567788331595462,,,,,,0.9763140700897189,0.9449509381871254,0.9319922077541289,0.9163958229988856,0.9895093822786719,0.9758831338148437,0.9574195088987459,0.9924522971349965,0.9810398599290757,0.9947417435378035,0.383738465414199,,0.480740197995446,0.6226272259581613,0.7045290599354685,0.7325032223625226,0.7449631727250657,True,twin,5,0.01/pi,burgers,False,777,0.8,MS_hard_burgers_n5_twin_s777
0.9826616157950564,0.9315847740711934,0.8843329618548382,0.8768409846161841,0.8587238243634049,,,,,,0.9767736110839631,0.94532972110368,0.9330438358172275,0.9183130811582855,0.989769738474972,0.976453755129933,0.958836542855024,0.9926163857859279,0.9815914505000528,0.9948421246228274,0.3830950800940539,,0.4807470218086321,0.6215671235480015,0.7035401696928811,0.7304676216293837,0.7417668038071894,True,twin,5,0.01/pi,burgers,False,777,0.84,MS_hard_burgers_n5_twin_s777
0.982648593564874,0.9316200025566687,0.8845684019034186,0.8776592775362211,0.8605935847048245,,,,,,0.9772033422883797,0.9457323138062151,0.9340271105238354,0.9201128355674261,0.9900084944420903,0.9769548128387423,0.9601579220350145,0.9927659606173493,0.9821062213091355,0.9949365692880908,0.3826458410059225,,0.4808696069640918,0.6205833069550362,0.7026165063645864,0.7286458620056637,0.7388456627383791,True,twin,5,0.01/pi,burgers,False,777,0.88,MS_hard_burgers_n5_twin_s777
0.9826505612529168,0.9316953864569131,0.8848865232649208,0.8784634774364688,0.86238902111862,,,,,,0.977602867703228,0.9461526660663293,0.9349473280505294,0.9218006080690366,0.9902247166138283,0.9773909229892935,0.9613861815647977,0.9929023551461666,0.9825865620297126,0.9950259649066321,0.38235086045134237,,0.48106817286826203,0.619647516238686,0.7017339011664613,0.7269987928309273,0.7361622869704245,True,twin,5,0.01/pi,burgers,False,777,0.92,MS_hard_burgers_n5_twin_s777
0.9826658302185814,0.9318049835167238,0.8852751858293634,0.8792541287641256,0.8641117890436605,,,,,,0.9779723169384542,0.9465855286435589,0.9358097861312534,0.9233826846941692,0.9904181684035436,0.9777672748579347,0.9625248116271776,0.9930268090452169,0.9830347013841404,0.9951113100897728,0.38218578522370145,,0.4813210066833079,0.6187486147717794,0.7008830655305996,0.7255006952823138,0.7336894416398885,True,twin,5,0.01/pi,burgers,False,777,0.96,MS_hard_burgers_n5_twin_s777
0.9826927379377188,0.9319431356317837,0.885723006846067,0.8800314503334642,0.8657639151760429,,,,,,0.9783122384172785,0.947026356350494,0.9366195588957544,0.9248657049958395,0.9905891729210977,0.9780893794270012,0.963577967694759,0.9931404728232178,0.9834527674144301,0.9951935857526515,0.38213855048571704,,0.4816210334863438,0.6178891917118025,0.7000670745830504,0.7241372600050898,0.7314092023957546,True,twin,5,0.01/pi,burgers,False,777,1.0,MS_hard_burgers_n5_twin_s777
0.9771552822400932,0.9725010757039714,0.9604349412330987,0.9336122076242891,0.9042963657157824,,,,,,0.992796759152322,0.9678743383371515,0.9279087862526487,0.908440593474282,0.9836641967257654,0.9493321839956352,0.9266756213625037,0.9829578588689226,0.966046325092804,0.9914310869337003,0.6713578941969893,,0.7154340248860012,0.7353802327376809,0.7781643087384936,0.8263144047710971,0.850509950833731,True,twin,6,0.01/pi,burgers,False,1234,0.0,MS_hard_burgers_n6_twin_s1234
0.9774051168908962,0.9718554779543921,0.955639428929821,0.9253037033341387,0.8968207115699561,,,,,,0.9927525686118238,0.9661681514842743,0.9249978615219513,0.9067217359609591,0.9844417137994435,0.9502380097331105,0.9288551223314013,0.9820876937659254,0.9653375430136357,0.991677150311469,0.6361980785701166,,0.6923806918201268,0.7210715802128426,0.7622442036436826,0.8179984937980748,0.8424334403824011,True,twin,6,0.01/pi,burgers,False,1234,0.04,MS_hard_burgers_n6_twin_s1234
0.9776867690798395,0.9706424681701001,0.9512049541345112,0.916231566222521,0.8887471742045315,,,,,,0.9926209149026759,0.9646505710660328,0.9221912384431515,0.9050872721470699,0.9850720553995911,0.9511660205978044,0.9311409887708472,0.9815148904697474,0.9650561964199993,0.9920357242229615,0.6012635251927888,,0.6692867986625831,0.707565434975913,0.7477196504636567,0.8108136946096516,0.8350162563252441,True,twin,6,0.01/pi,burgers,False,1234,0.08,MS_hard_burgers_n6_twin_s1234
0.9779778893400234,0.9688397378082744,0.9473459849833553,0.9064637554464526,0.8801204005452754,,,,,,0.9923883103483547,0.9636714928457724,0.9193758650382342,0.9033861157591988,0.985729812095275,0.9519457507161941,0.9333325593816834,0.9811865668051184,0.9652196012042664,0.9924917177151179,0.5667691852393562,,0.6459617662248598,0.6943994557399542,0.7345336724096955,0.8044720432095264,0.8281026318738788,True,twin,6,0.01/pi,burgers,False,1234,0.12,MS_hard_burgers_n6_twin_s1234
0.9782609103284432,0.9664813410315842,0.9440492201228436,0.8960660016737835,0.8710101360117045,,,,,,0.9920531739558808,0.9633772149857597,0.9163821695057179,0.901436952071284,0.9865024079036921,0.9523706358462605,0.9351996135030569,0.981000270513831,0.9657404001546067,0.9930314618690251,0.532916936775871,,0.6221995966658188,0.6810438355725172,0.722431042936473,0.7987424578535945,0.8215585731558185,True,twin,6,0.01/pi,burgers,False,1234,0.16,MS_hard_burgers_n6_twin_s1234
0.9785230430592432,0.9636566834153605,0.9411503324142239,0.8851412767460617,0.8615302435168775,,,,,,0.9916250262184003,0.9636986678888517,0.9130257066607441,0.899065799661615,0.9873849145729303,0.9522312486779397,0.9365112631088907,0.9808054451052493,0.9664191213658073,0.9936402258167102,0.4998697336352487,,0.5977851177504802,0.6669082339042206,0.7108796937875242,0.7933801834687582,0.8152312873158581,True,twin,6,0.01/pi,burgers,False,1234,0.2,MS_hard_burgers_n6_twin_s1234
0.978755868554355,0.9605023154910373,0.9384291588792566,0.8739019025233861,0.8518828410078895,,,,,,0.9911230621941219,0.9644255162176825,0.9092019117742018,0.8961766104411343,0.9883162198800095,0.9513797474008564,0.9370874635975814,0.9804194347173673,0.9669733708909833,0.9942993026045431,0.4677677638968856,,0.5725441264681111,0.6513767585366936,0.6990769623405774,0.7880560333461324,0.8088970879378786,True,twin,6,0.01/pi,burgers,False,1234,0.24,MS_hard_burgers_n6_twin_s1234
0.9789547006621535,0.9571869914298434,0.9356588495874438,0.8628232097210109,0.8424827085964108,,,,,,0.9905742978296188,0.9652847519053483,0.9050782553463063,0.8929001765572305,0.9892083936598706,0.9498729246520631,0.9369207193206169,0.9796868618964059,0.9671123853199942,0.9949808539730329,0.4368266406519685,,0.5464865169579305,0.6339249722720408,0.685996453844906,0.7822271397019762,0.802148574649402,True,twin,6,0.01/pi,burgers,False,1234,0.28,MS_hard_burgers_n6_twin_s1234
0.979117861083518,0.9538906692197023,0.9326549310418714,0.8529294628127175,0.8342143197015484,,,,,,0.9900103750656044,0.966020499847289,0.9014190468971102,0.8898730631997299,0.9899716439871092,0.9482557137278081,0.9364455657462679,0.9786686447360002,0.9667713444295606,0.9956504314013305,0.407653847246406,,0.5202086835330912,0.6145617172765259,0.6707294088251081,0.7749405013861548,0.7942138184900854,True,twin,6,0.01/pi,burgers,False,1234,0.32,MS_hard_burgers_n6_twin_s1234
0.9792459723980496,0.9507805621773542,0.9294038200441223,0.8458571746845778,0.8284685776444184,,,,,,0.9894626911939691,0.9665162110746138,0.8996717885945696,0.8883450432643472,0.9905691273272149,0.9477198429491895,0.936734449066513,0.9779224294551915,0.9665360390308111,0.9962935948192212,0.3819435803241441,,0.4958415978114611,0.595121719114078,0.6540514744381585,0.7652739893514158,0.7843145860655125,True,twin,6,0.01/pi,burgers,False,1234,0.36,MS_hard_burgers_n6_twin_s1234
0.979341309818714,0.9479901062336216,0.9261164154393443,0.8426160189592788,0.8259155984191348,,,,,,0.9889572747462816,0.9668344073113266,0.9007621706115494,0.8890890973710021,0.9910324704281838,0.9491428893039181,0.9385526193322616,0.9781457495507804,0.9672184060972902,0.9968647453890619,0.3622143559110953,,0.47698662440894646,0.5796502167751392,0.6397264065085746,0.7542346077010672,0.7735122701707179,True,twin,6,0.01/pi,burgers,False,1234,0.4,MS_hard_burgers_n6_twin_s1234
0.9794072454940879,0.9456065580771094,0.9230271442017212,0.8421634154229051,0.82542609450426,,,,,,0.9885115883652971,0.9670673274961828,0.9037213948004601,0.8912153628090125,0.9913976205124516,0.9517942691799488,0.9411372876512714,0.9791600575353082,0.968528553486642,0.9972503606287937,0.3487499615192623,,0.46461248011062284,0.569690315783366,0.6299711542276495,0.7440542307773019,0.7640524591681477,True,twin,6,0.01/pi,burgers,False,1234,0.44,MS_hard_burgers_n6_twin_s1234
0.9794477759243572,0.9436695627136396,0.9202400255270343,0.8428015894823656,0.8256347395702806,,,,,,0.9881343450240387,0.9672416476895476,0.907022165011722,0.8935038479233913,0.9916878143779679,0.9544293771319974,0.9434310778686553,0.98030046211636,0.9697653837160951,0.9974657257916484,0.33956609789552034,,0.45655722590908576,0.5632154962852436,0.6235267022671954,0.7356092308140614,0.7565446304607573,True,twin,6,0.01/pi,burgers,False,1234,0.48,MS_hard_burgers_n6_twin_s1234
0.9794671480121526,0.9421784132958119,0.9177729708686138,0.8436788512299271,0.8259653761069158,,,,,,0.9878275568406565,0.9673490883456308,0.9099655624408954,0.8954559427388734,0.9919226344277419,0.9565268098777415,0.9450756372257831,0.9812553250374958,0.9706991279052555,0.9975889293221598,0.33302553927477313,,0.4509710115004659,0.5584150843652154,0.6189962615846292,0.7288086864130315,0.7506826673319498,True,twin,6,0.01/pi,burgers,False,1234,0.52,MS_hard_burgers_n6_twin_s1234
0.9794695636164062,0.9411036317362703,0.9156314694429775,0.8445774902243334,0.826286668984887,,,,,,0.9875892131462058,0.9673889298260574,0.9124399803441489,0.8970028693979873,0.9921170939684365,0.9580698769994367,0.9461049733313486,0.9820040445738891,0.9713657062331346,0.9976653335045395,0.32825639438941584,,0.4469289531427109,0.5544712759590129,0.6156942922877411,0.7233423205804637,0.746114244195465,True,twin,6,0.01/pi,burgers,False,1234,0.56,MS_hard_burgers_n6_twin_s1234
0.979458963610433,0.940398706766844,0.9138331236746879,0.8454795056297202,0.8265913553975061,,,,,,0.987415343448111,0.9673831195183361,0.9145047190372383,0.8981954250932187,0.9922830402347356,0.9591727190373884,0.946644037339351,0.9825933625252102,0.971835311246757,0.9977141655876444,0.3247647881472724,,0.443946713255582,0.551040360924077,0.6132508229788838,0.7189088918107505,0.7425548327862765,True,twin,6,0.01/pi,burgers,False,1234,0.6,MS_hard_burgers_n6_twin_s1234
0.9794388790226581,0.9400096177497483,0.9123985727579895,0.846400663060295,0.8268945905811812,,,,,,0.9873010964909574,0.9673687109199083,0.9162398751302827,0.8991041358443785,0.9924306481116878,0.9599496908301056,0.9468163881671322,0.983059222621032,0.9721509040899917,0.9977433977499305,0.32221696125640287,,0.4417157837703897,0.547948352016221,0.6113796837384162,0.7152544455984347,0.7397680312017331,True,twin,6,0.01/pi,burgers,False,1234,0.64,MS_hard_burgers_n6_twin_s1234
0.9794123542550218,0.9398814986659081,0.9113351488032971,0.8473522557920015,0.8272111794208894,,,,,,0.9872410839376792,0.9673823726582529,0.9177149686017845,0.8997961789372544,0.992568241291079,0.9604914479952938,0.9467260453810787,0.9834198318936637,0.9723302747085262,0.997756079008582,0.3203629261689718,,0.440015528531565,0.5450857300487544,0.6098276507885269,0.7121704834533779,0.7375552765312784,True,twin,6,0.01/pi,burgers,False,1234,0.68,MS_hard_burgers_n6_twin_s1234
0.9793819123387039,0.9399627266125504,0.9106281626970051,0.8483362663046249,0.8275508623014912,,,,,,0.9872294161664297,0.9674490290701379,0.9189856876117625,0.9003293238928477,0.9927015673039029,0.9608655816186209,0.9464555205571619,0.9836843968671293,0.972380241424153,0.9977530768822389,0.319010334322768,,0.4386838895406678,0.5423756657496401,0.6083862193524382,0.7094906658238666,0.7357551986182982,True,twin,6,0.01/pi,burgers,False,1234,0.72,MS_hard_burgers_n6_twin_s1234
0.9793495798559959,0.9402071472004544,0.9102424560375904,0.8493471438845484,0.8279175850100128,,,,,,0.9872597396032158,0.9675785265894127,0.9200950533490285,0.900749753320769,0.992833450512059,0.9611206754219688,0.9460672291324713,0.9838606726462543,0.9723078182580221,0.9977347127623248,0.3180132909551756,,0.4376041748042892,0.5397652917745578,0.6069089767717107,0.7070899554935435,0.7342441452891663,True,twin,6,0.01/pi,burgers,False,1234,0.76,MS_hard_burgers_n6_twin_s1234
0.9793169258252495,0.9405749853775777,0.9101300616120701,0.8503747213262535,0.8283102787437278,,,,,,0.987325379807757,0.9677683382574641,0.9210753393366766,0.9010919502426679,0.9929641922903418,0.9612905093799825,0.9456062184000237,0.9839582452216873,0.9721249265729909,0.9977016959666785,0.31726388237630654,,0.43669488986441335,0.5372214765751997,0.6053137358320476,0.7048811076090886,0.732932825129799,True,twin,6,0.01/pi,burgers,False,1234,0.8,MS_hard_burgers_n6_twin_s1234
0.9792851324023314,0.9410329690715674,0.9102388785966331,0.8514069816460688,0.8287243972242391,,,,,,0.9874195874778591,0.9680084661851772,0.9219501861510483,0.9013800241520721,0.9930924507474154,0.961397962619893,0.945103614083772,0.9839886696533588,0.9718482215593474,0.9976554475277873,0.31668432159534793,,0.4359007079503008,0.534726864597088,0.6035712002200565,0.7028080078160481,0.7317599736237609,True,twin,6,0.01/pi,burgers,False,1234,0.84,MS_hard_burgers_n6_twin_s1234
0.9792550579157981,0.9415539641896197,0.9105192302490105,0.8524322313820338,0.8291535886870588,,,,,,0.9875358178357924,0.9682858986742293,0.922736759744363,0.9016298096208749,0.9932162148290743,0.9614583770002572,0.9445800794821735,0.9839642437398888,0.971496620463583,0.9975979684842783,0.31621936311590265,,0.43518441820169385,0.5322750253007513,0.6016872961099149,0.700836865239244,0.7306847016111954,True,twin,6,0.01/pi,burgers,False,1234,0.88,MS_hard_burgers_n6_twin_s1234
0.9792273203550188,0.9421163580990238,0.9109275786141625,0.8534404443283244,0.8295910637497929,,,,,,0.9876679759785294,0.9685875681153425,0.9234475736591283,0.9018510314565907,0.9933335340442718,0.9614821590614097,0.9440488445118642,0.9838967002664022,0.9710887018792406,0.9975315261105909,0.3158299785400798,,0.4345206155508034,0.5298659750977617,0.5996866380928874,0.6989480567907614,0.7296797830532193,True,twin,6,0.01/pi,burgers,False,1234,0.92,MS_hard_burgers_n6_twin_s1234
0.979202342807004,0.9427033151125542,0.9114278755127881,0.8544238710768484,0.8300305070064935,,,,,,0.9878106057404683,0.9689019070747927,0.9240919323507494,0.9020492075799705,0.9934429245166491,0.9614766007037174,0.9435180457155562,0.9837963467537909,0.9706409001024565,0.9974583425060383,0.3154880214331304,,0.43389076547834543,0.5275020417168469,0.5975997935038995,0.6971293515156001,0.7287261660692406,True,twin,6,0.01/pi,burgers,False,1234,0.96,MS_hard_burgers_n6_twin_s1234
0.9791804195245997,0.9433020274541537,0.911991445620576,0.8553770742007011,0.8304664995179506,,,,,,0.9879589938298523,0.9692193930441115,0.9246769005949051,0.9022270532037984,0.9935434824212436,0.9614470167027276,0.9429923870427896,0.9836717096568406,0.970166678815243,0.997380388644465,0.31517304803530727,,0.4332806822221937,0.5251858824159505,0.5954563610028973,0.6953722452927978,0.7278100099838231,True,twin,6,0.01/pi,burgers,False,1234,1.0,MS_hard_burgers_n6_twin_s1234
0.9913087710624788,0.9664972493930017,0.9562317805743432,0.9617393714323652,0.966601019019301,,,,,,0.9899125925234616,0.9788510822142413,0.9762147052805484,0.9895164126299353,0.9864808493593189,0.9784402350087485,0.9974543677108747,0.9639497074397276,0.9915594208130297,0.974952703232578,0.6854596107570048,,0.757800784907601,0.805123129599368,0.7771302924492052,0.7294650442016438,0.8004494229911254,True,twin,6,0.01/pi,burgers,False,2025,0.0,MS_hard_burgers_n6_twin_s2025
0.9907956540070504,0.9646247366236825,0.9537857854721943,0.9636163077437693,0.9611372893740037,,,,,,0.9895730430263956,0.9783101827788302,0.9799375999035196,0.9868312219887837,0.987719594980175,0.981724840786135,0.9974552932014047,0.9669784563619465,0.9924884859717119,0.9767096043120865,0.6511681510410393,,0.731068594283615,0.7887106142225927,0.7662690764306043,0.7182952333213819,0.7886243013323028,True,twin,6,0.01/pi,burgers,False,2025,0.04,MS_hard_burgers_n6_twin_s2025
0.9902447447251381,0.9621021252708384,0.9504296221912726,0.9642302642656726,0.9546304048387543,,,,,,0.9888860122286046,0.9772516239833776,0.9830508320012397,0.9833142105069982,0.9887868023972979,0.9852999522266112,0.9971108611259792,0.9704702790956562,0.9934105136894689,0.9788445393646689,0.6168906906197854,,0.7036604110284076,0.7731057679403635,0.756950110115822,0.7098694537723533,0.7782498312079406,True,twin,6,0.01/pi,burgers,False,2025,0.08,MS_hard_burgers_n6_twin_s2025
0.9896584520141222,0.9588858764784847,0.9460819640887799,0.9630788657285279,0.9470092709916061,,,,,,0.9877986036099137,0.9755148604142616,0.9850199132546061,0.9788374652513987,0.9896149740648095,0.9889233400444614,0.9963573721086276,0.974288693947474,0.9942819853591528,0.9812441621260937,0.5828593891543448,,0.6756158053356205,0.7580853397706949,0.7488810854684743,0.7039408163632261,0.7692279278547066,True,twin,6,0.01/pi,burgers,False,2025,0.12,MS_hard_burgers_n6_twin_s2025
0.9890399049566351,0.9550678225894768,0.9407921213640583,0.9597735270106345,0.9382491991325689,,,,,,0.9863268689055186,0.9730205293656233,0.9853506921178132,0.9732931622547172,0.9901422995308407,0.9923251059061493,0.9950890986452114,0.9783370007519899,0.9950544317295759,0.9838136649415229,0.5492449400482471,,0.6469288039679673,0.7431189559536594,0.7416270408651094,0.7001860559988367,0.7613927969463984,True,twin,6,0.01/pi,burgers,False,2025,0.16,MS_hard_burgers_n6_twin_s2025
0.9883929391165184,0.9508943396818577,0.9347847625782485,0.95404655985013,0.9283759211177615,,,,,,0.9845875175952437,0.9698359982051925,0.9836009292145765,0.9666016729264209,0.990323776312542,0.9951440394895649,0.993119757188392,0.9825578718093267,0.9956751438085338,0.986483945451464,0.5161786958378585,,0.6175711255559053,0.7273299778729395,0.7346371478352309,0.6982646105797119,0.7545433370151198,True,twin,6,0.01/pi,burgers,False,2025,0.2,MS_hard_burgers_n6_twin_s2025
0.9877220271143212,0.946739907684261,0.9284969922599773,0.9457447530184481,0.9174952228340317,,,,,,0.9828007627961645,0.9662451940910347,0.9793791577163218,0.9587465464196612,0.9901781187288425,0.9968074282555838,0.9901598649990448,0.9869133924761693,0.9960756440816753,0.9892115295534487,0.48379449148502723,,0.5875418288714428,0.7094912711143672,0.7272026581616855,0.6978414835996528,0.7484403497866514,True,twin,6,0.01/pi,burgers,False,2025,0.24,MS_hard_burgers_n6_twin_s2025
0.9870321598050025,0.9430194434274918,0.9226210003644347,0.9349084012557366,0.9059306464441004,,,,,,0.9812418903521956,0.9628259607332741,0.9724267452259744,0.9499237392241718,0.9898919586456745,0.9964305424022732,0.9859196883752538,0.9912750977847711,0.9961209359118346,0.9919529914166878,0.45236825320070245,,0.5570467936756164,0.6882844939322362,0.7182741832694101,0.6985101877944649,0.742737332747401,True,twin,6,0.01/pi,burgers,False,2025,0.28,MS_hard_burgers_n6_twin_s2025
0.9863287059145693,0.9400534203745451,0.9180977701099644,0.9221413565188646,0.8945449975279955,,,,,,0.9801426116922601,0.9604601493021117,0.9630238761356479,0.9409032977303312,0.9899066026684062,0.993129948507604,0.9805560112294013,0.99504997661835,0.99546254908457,0.9945918233885831,0.42259572925425887,,0.526881905083355,0.6631673009318961,0.7060329397522463,0.6994828475701534,0.7368217003269525,True,twin,6,0.01/pi,burgers,False,2025,0.32,MS_hard_burgers_n6_twin_s2025
0.9856172339594248,0.9379501441346848,0.9157456588820498,0.9092452841849994,0.8850584053546878,,,,,,0.9795915212332892,0.9599383843997538,0.952782925206903,0.9334296507825841,0.9906598868477046,0.9873120727748979,0.9754506083563226,0.9967193423557209,0.993686090594863,0.9968134204515687,0.39619311526853046,,0.49926195141419755,0.6362438934940645,0.6885799972732941,0.6994697254065675,0.7298517044543339,True,twin,6,0.01/pi,burgers,False,2025,0.36,MS_hard_burgers_n6_twin_s2025
0.9849033830945924,0.936588732539988,0.9155338043215644,0.8993072943794496,0.8788932763259161,,,,,,0.9795080743619661,0.9611933744352755,0.9449533028203178,0.9290449512697907,0.9920209440461859,0.9820122450321602,0.9723741026134872,0.9957455589422572,0.9913932695135559,0.9980463793943661,0.375923271764889,,0.4779591019419017,0.6131595490913674,0.6686577593104515,0.6974950544304577,0.7221880555591167,True,twin,6,0.01/pi,burgers,False,2025,0.4,MS_hard_burgers_n6_twin_s2025
0.9841927206524447,0.9357194566094418,0.91659864277157,0.8936877246772142,0.8753669113717272,,,,,,0.9797119377584849,0.9633345560616946,0.9411498333921596,0.9271096355901873,0.9934046357622205,0.9795303976529245,0.9711552115323273,0.9941764994223136,0.9894469291568249,0.9984582278339925,0.3620058819325143,,0.46368446383668904,0.5966666578295952,0.6510825224538244,0.6937568586680933,0.7153246211762709,True,twin,6,0.01/pi,burgers,False,2025,0.44,MS_hard_burgers_n6_twin_s2025
0.9834906716046816,0.9351013380891708,0.9180171616349108,0.8908353546116378,0.8732966551822005,,,,,,0.9800255998009698,0.9654720476912637,0.9398644207224832,0.926452886330407,0.9943901791167877,0.978967655439444,0.970974332758323,0.9930761597032979,0.9880991567909314,0.9985737438845074,0.3524525940158258,,0.45425317635877044,0.585457823235576,0.6373180115255997,0.6895142682294009,0.7097065878303023,True,twin,6,0.01/pi,burgers,False,2025,0.48,MS_hard_burgers_n6_twin_s2025
0.982802441226884,0.9345837983527998,0.9192038485547885,0.8892391664946486,0.8719395573796029,,,,,,0.980335647175428,0.9671185229116358,0.939580543413997,0.926351083620259,0.9948860690069891,0.979147253463018,0.9712834893539224,0.992429269679014,0.9872940026382481,0.9985954705443499,0.3456559747551609,,0.4478176433632691,0.5778793993009449,0.6272154301246895,0.685645658193389,0.7052245426261811,True,twin,6,0.01/pi,burgers,False,2025,0.52,MS_hard_burgers_n6_twin_s2025
0.982132978047009,0.9341111178237339,0.919905301724113,0.8881500788440228,0.8709130986411749,,,,,,0.9805963315011688,0.9681449097734482,0.9395700667465395,0.9264456025323147,0.9950018390738339,0.9795123299984272,0.9717810224689724,0.9920972936136049,0.9869013242113119,0.9985794709180867,0.3406602677150216,,0.4432791573224997,0.5727330662200233,0.6202247496248499,0.6824463566665092,0.7016904302892827,True,twin,6,0.01/pi,burgers,False,2025,0.56,MS_hard_burgers_n6_twin_s2025
0.9814869507555432,0.9336865623486922,0.9201104673895649,0.8872537824624401,0.8700425388046084,,,,,,0.9808040926701571,0.9686432128636872,0.9395547829227555,0.9265833072642377,0.9949178494851528,0.9798636270502122,0.9723169426033992,0.9919791495133177,0.9867962873336347,0.998538835231059,0.33689269770738434,,0.4399855942078311,0.5691788574126356,0.6156413125624771,0.6799100605187367,0.698909621159562,True,twin,6,0.01/pi,burgers,False,2025,0.6,MS_hard_burgers_n6_twin_s2025
0.9808687283000899,0.9333352391724612,0.9199389274861697,0.8864424996376925,0.8692578343119576,,,,,,0.9809717433167122,0.9687899423096037,0.9394622526212072,0.9267093317250599,0.9947924257329531,0.9801579312355807,0.9728237793492883,0.9920004556899202,0.9868765323125864,0.9984740979804211,0.33398679254617253,,0.43752290891123524,0.566633449030664,0.6127470008816384,0.6779077369992943,0.6967028810003548,True,twin,6,0.01/pi,burgers,False,2025,0.64,MS_hard_burgers_n6_twin_s2025
0.980282365061617,0.9330816867052429,0.9195392733198852,0.8856993315341659,0.868534354141883,,,,,,0.9811132179165174,0.9687485546419121,0.939302170665788,0.926807925452905,0.9947186973894794,0.9804078037084206,0.9732733806733366,0.9921033491805402,0.9870632451597707,0.9983840963315463,0.3316927388227082,,0.4356093608346397,0.5646978711190254,0.6109293805332059,0.6762807319608054,0.6949197574603629,True,twin,6,0.01/pi,burgers,False,2025,0.68,MS_hard_burgers_n6_twin_s2025
0.9797316005204972,0.9329412079472289,0.9190326139363141,0.8850375449136745,0.867863448910984,,,,,,0.9812377836135884,0.9686302701720692,0.9391049887180434,0.9268749394622554,0.9947274927485531,0.980634867248791,0.9736535295029369,0.9922440449636006,0.9872984322644024,0.9982692886857784,0.32983737792425805,,0.4340491849567907,0.5631069648293887,0.6097352061027511,0.6748907731930477,0.6934457429121101,True,twin,6,0.01/pi,burgers,False,2025,0.72,MS_hard_burgers_n6_twin_s2025
0.9792198355032241,0.9329190349923151,0.9184987385759218,0.8844721478813136,0.8672404082424454,,,,,,0.9813494908152786,0.9684958313057075,0.9388962704173732,0.9269076798327581,0.9948107894589969,0.9808531221341605,0.9739575130872626,0.9923920399960903,0.987541963406312,0.9981318428803566,0.3283014726554375,,0.43270688732368817,0.5616887596246601,0.6088619632794292,0.6736369829042659,0.6921996304902226,True,twin,6,0.01/pi,burgers,False,2025,0.76,MS_hard_burgers_n6_twin_s2025
0.9787501322578359,0.9330125769095473,0.9179831447044572,0.8840104041826651,0.8666606701302741,,,,,,0.9814485741314365,0.9683714687707877,0.938690160671316,0.926902421789475,0.9949441013348029,0.981066829371456,0.9741805348848264,0.9925282592388424,0.9877683910880608,0.9979748127595947,0.3270039066779301,,0.43148952660710366,0.5603336872776047,0.6081233138840304,0.6724544675225518,0.6911264715346568,True,twin,6,0.01/pi,burgers,False,2025,0.8,MS_hard_burgers_n6_twin_s2025
0.9783252108019223,0.9332142036728505,0.9175084754139239,0.8836513364795139,0.8661192343398137,,,,,,0.981533137581574,0.968263904212535,0.938490851379521,0.9268545794102868,0.9951003372098332,0.9812733891081455,0.9743189952657473,0.992642283465558,0.987963417841002,0.9978013883851095,0.3258894783690092,,0.43033312758703224,0.5589723576073297,0.6074119885161026,0.6713053060079361,0.6901894124633737,True,twin,6,0.01/pi,burgers,False,2025,0.84,MS_hard_burgers_n6_twin_s2025
0.9779474362392351,0.9335135639553922,0.9170837910469557,0.8833881662527242,0.8656109375565268,,,,,,0.9816004741334755,0.9681702696684713,0.9382960249018313,0.9267593810840777,0.9952561844399,0.9814667732861819,0.9743706714994916,0.9927295806376498,0.9881205185218239,0.9976144676134516,0.3249212818933114,,0.42919435991929833,0.5575624215903184,0.6066717906578065,0.67017039115887,0.6893643017923416,True,twin,6,0.01/pi,burgers,False,2025,0.88,MS_hard_burgers_n6_twin_s2025
0.9776188184865988,0.9338992412867839,0.9167107079791648,0.8832110650680306,0.8651308536872048,,,,,,0.9816479307696193,0.9680837129192116,0.938100009892173,0.9266124339809856,0.9953940610934284,0.9816400948744508,0.9743349360046523,0.9927892864284236,0.988238128858857,0.9974164623346455,0.3240752944586154,,0.42804478304580423,0.5560802035347303,0.6058779720625134,0.6690426191645215,0.6886356592213493,True,twin,6,0.01/pi,burgers,False,2025,0.92,MS_hard_burgers_n6_twin_s2025
0.9773410043115638,0.9343598144384593,0.9163870797747574,0.8831092216198672,0.8646745624586535,,,,,,0.9816733816380899,0.9679962569231337,0.9378959659043938,0.9264100326532615,0.9955019804985037,0.9817871288425704,0.9742127878671955,0.992822645972065,0.988317607701945,0.997209276433068,0.32333749753781377,,0.42686782430704323,0.5545161897857752,0.6050254301091609,0.6679229984892362,0.6879947634171059,True,twin,6,0.01/pi,burgers,False,2025,0.96,MS_hard_burgers_n6_twin_s2025
0.9771152812706941,0.9348844898003412,0.9161090997109491,0.8830721953961159,0.8642383285040529,,,,,,0.9816754288555735,0.9679001507545917,0.9376772457612352,0.9261493271239627,0.9955726569073773,0.9819030856496128,0.974006761954099,0.9928320245556526,0.988361896064446,0.9969943447552574,0.32270145963377866,,0.42565625100517296,0.5528716996492283,0.6041211418191925,0.6668177571333347,0.6874380098003664,True,twin,6,0.01/pi,burgers,False,2025,1.0,MS_hard_burgers_n6_twin_s2025
0.9987691003623413,0.9757022346323551,0.9818390407577006,0.971762873806459,0.9676979360285264,,,,,,0.9852574636131048,0.9887626687635286,0.9781087703403347,0.9765765346104144,0.9949110048513128,0.9835640388911132,0.9905492602461164,0.994533694150853,0.9928965910240701,0.986455529674426,0.8262379840320802,,0.8453312993061479,0.8947636721364902,0.8764833579061445,0.8563925971001678,0.8734990212763538,True,twin,6,0.01/pi,burgers,False,777,0.0,MS_hard_burgers_n6_twin_s777
0.9987712210927473,0.9757925283618275,0.981435539475656,0.970658578664061,0.9638668449928208,,,,,,0.9853348641568422,0.9885220225455322,0.9773673564463636,0.9734974767187592,0.995337375119452,0.984199452590857,0.9901200658627128,0.9944239487106074,0.992034631332819,0.986412475640974,0.8057286090978465,,0.8280923012588819,0.8887672602494364,0.8671715517161704,0.846728507973477,0.8674769730153904,True,twin,6,0.01/pi,burgers,False,777,0.04,MS_hard_burgers_n6_twin_s777
0.9987734363846436,0.9758811377498654,0.980981742629657,0.9694440070437992,0.9596024315339252,,,,,,0.9854088148250951,0.988237886790184,0.9765426094123555,0.9699981270890089,0.9957164523512407,0.984822281846814,0.9893521415683302,0.994359713735496,0.9910611459405444,0.9865035821301846,0.7836354536159628,,0.8090887443848971,0.880510097554566,0.8569185584034169,0.8373775093078181,0.8618023568233402,True,twin,6,0.01/pi,burgers,False,777,0.08,MS_hard_burgers_n6_twin_s777
0.998775802252743,0.9759698768535386,0.9804997300131844,0.9682028628921664,0.954915463887084,,,,,,0.9854806867856419,0.9879219467326431,0.9756861692411517,0.9660468608828179,0.9960318155752632,0.9853837313379602,0.9880826935601421,0.9943373944079035,0.989941858265967,0.9867552189231822,0.7597155611492745,,0.787993169549231,0.8694554361039275,0.8454086663178789,0.8281265943563684,0.8562779094376068,True,twin,6,0.01/pi,burgers,False,777,0.12,MS_hard_burgers_n6_twin_s777
0.9987783651435141,0.976060650668388,0.9800184712209445,0.9670224228887981,0.9498291114041263,,,,,,0.985551948117471,0.9875926523504086,0.9748591121467655,0.961622661779513,0.9962727608387383,0.9858581840851709,0.9861415878670984,0.9943558432645881,0.9885889336516696,0.9871334806671931,0.7338034016263328,,0.7645501668859654,0.8551034875244056,0.8322819925850424,0.818706522634218,0.8507001269549511,True,twin,6,0.01/pi,burgers,False,777,0.16,MS_hard_burgers_n6_twin_s777
0.9987811605581894,0.9761552570545059,0.9795700002240977,0.9659858694091558,0.9444189699082505,,,,,,0.9856240119383838,0.987272750512079,0.9741261474861849,0.9567589208073238,0.9964359575430151,0.9862446578239714,0.9834089245500205,0.994415594268285,0.9868957515286221,0.9875626471828876,0.7057949471652103,,0.738561273401183,0.8369661648374815,0.8170850495389463,0.8087542487693263,0.8448421298627955,True,twin,6,0.01/pi,burgers,False,777,0.2,MS_hard_burgers_n6_twin_s777
0.9987842114430734,0.9762552313660424,0.9791839797068831,0.9651573930851353,0.938886165130316,,,,,,0.985698119431175,0.9869850015535969,0.9735408285444086,0.9516200912459134,0.9965249174569089,0.9865551536525797,0.9799018370398809,0.9945121511546458,0.9848073902447547,0.9879627785989281,0.6756580512076651,,0.7098969320448323,0.8145630163584405,0.7992162296281824,0.7977073820894904,0.8383829291662731,True,twin,6,0.01/pi,burgers,False,777,0.24,MS_hard_burgers_n6_twin_s777
0.998787530028352,0.9763617346879706,0.978882191926217,0.9645593642122245,0.9337037353971959,,,,,,0.9857752460357937,0.9867473658750451,0.9731220541001525,0.9466533716609868,0.9965477094792154,0.9867932029321801,0.9759400437624445,0.9946263769860794,0.9824667132919154,0.9883152676167278,0.6435810352719903,,0.6786563734956957,0.7875923261863353,0.7779791139018747,0.7846632264831129,0.8307125253485186,True,twin,6,0.01/pi,burgers,False,777,0.28,MS_hard_burgers_n6_twin_s777
0.9987911166653131,0.9764754781232897,0.978674866485116,0.9641723963917699,0.9297443159856594,,,,,,0.9858560467164962,0.9865694637568725,0.9728530133752714,0.9427290282060977,0.9965141275417564,0.9869524646576907,0.9723331897720261,0.9947335482750422,0.9803974486411682,0.9887330567424597,0.6105238421802315,,0.6457688717155672,0.7566913988853963,0.753188186157258,0.7686196628962026,0.8206563057121959,True,twin,6,0.01/pi,burgers,False,777,0.32,MS_hard_burgers_n6_twin_s777
0.9987949620613095,0.9765967051090316,0.9785601281049748,0.9639776442346872,0.9279424441274398,,,,,,0.9859408338684071,0.9864516028913539,0.9727218642807289,0.940817295084196,0.99643358150759,0.9870509608189126,0.9701350126865231,0.9948348185893962,0.9793604350260264,0.9894067326468465,0.5793453543332263,,0.6142384451606075,0.7251309737653228,0.7269627286014566,0.7501392139265725,0.807232376306747,True,twin,6,0.01/pi,burgers,False,777,0.36,MS_hard_burgers_n6_twin_s777
0.99879904643711,0.976725204938509,0.978526510662749,0.963979649302801,0.9283927271061635,,,,,,0.9860295901278082,0.9863865069210692,0.9727421913010219,0.9410757123106975,0.996314293175801,0.9871389273240084,0.9697268260825123,0.9949564294984765,0.979646061680876,0.9903714568938489,0.5542934952472003,,0.588662396571848,0.6985606409159131,0.7041771707276817,0.7327540724269732,0.7920652147494693,True,twin,6,0.01/pi,burgers,False,777,0.4,MS_hard_burgers_n6_twin_s777
0.9988033431786235,0.9768603785326073,0.9785572128233925,0.9641786037358453,0.9301833173656227,,,,,,0.9861220063058319,0.9863626435330171,0.9729229346111258,0.9426465859053019,0.9961635276850171,0.9872587920619592,0.9704822152713908,0.9951152772091697,0.9807650565155527,0.9914090796139131,0.5368580034820479,,0.5707961986710998,0.6796770012594459,0.6876498032309615,0.7192503338948959,0.7781591022769326,True,twin,6,0.01/pi,burgers,False,777,0.44,MS_hard_burgers_n6_twin_s777
0.9988078189170396,0.9770012999381777,0.9786343769254888,0.964550811897552,0.9323708338654901,,,,,,0.9862175283862363,0.986367668481269,0.9732480146168738,0.9446144529327456,0.995988158194786,0.9874231885523054,0.9716228127039926,0.9953086130385983,0.9821047340350771,0.9923045730441169,0.5251004687578853,,0.5587328660496691,0.6667986839373389,0.6762151434894497,0.7091834457625332,0.7665983906395454,True,twin,6,0.01/pi,burgers,False,777,0.48,MS_hard_burgers_n6_twin_s777
0.9988124358416134,0.9771468179768326,0.9787421623078268,0.965055253020668,0.9345116660737425,,,,,,0.9863154285652155,0.98639087510545,0.9736830783822976,0.9465448330351711,0.9957949789675454,0.9876231794556559,0.9727649010381891,0.9955232809302771,0.9833707384800121,0.9930013188717803,0.5167834113132138,,0.5501850027400468,0.6575618249857682,0.6679084843166972,0.7012206292380181,0.7570514736614911,True,twin,6,0.01/pi,burgers,False,777,0.52,MS_hard_burgers_n6_twin_s777
0.998817152878778,0.9772956341659756,0.9788682288774704,0.9656467866899447,0.9364864193424473,,,,,,0.9864148624386374,0.9864243177378601,0.9741888965401608,0.9483193161200856,0.995590615619768,0.9878419790784378,0.973798870344449,0.995744074715345,0.9844889534205379,0.9935267543781013,0.5105753224143804,,0.543784530999198,0.6505258127016433,0.6615131243224629,0.6945341756483064,0.7490216388665345,True,twin,6,0.01/pi,burgers,False,777,0.56,MS_hard_burgers_n6_twin_s777
0.9988219273149153,0.9774463979480574,0.9790039069111343,0.966285222729182,0.9382847153691505,,,,,,0.9865149386729665,0.9864628452896071,0.9747304280739989,0.9499262549319928,0.9953811686360671,0.9880635892188306,0.9747090877156791,0.995958276660204,0.9854589290899562,0.9939218472715914,0.5057831813944978,,0.5388206275042089,0.6449472761739851,0.6564056212499704,0.6887382750184109,0.7421643298619715,True,twin,6,0.01/pi,burgers,False,777,0.6,MS_hard_burgers_n6_twin_s777
0.9988267167600773,0.9775977772671177,0.9791436065001917,0.9669390550346436,0.9399189517125149,,,,,,0.9866147693966721,0.9865035327951603,0.9752804976700145,0.9513767338553316,0.9951718239039962,0.9882762127004735,0.9755012934912266,0.9961572663412441,0.986295634505685,0.9942201195504239,0.5020224813026241,,0.5349005846463676,0.6404227889510107,0.6522489624022673,0.6836526107175682,0.7362602826229051,True,twin,6,0.01/pi,burgers,False,777,0.64,MS_hard_burgers_n6_twin_s777
0.9988314788569844,0.9777485151440489,0.9792839640141474,0.9675857829964232,0.9414024504993054,,,,,,0.9867135173557856,0.9865449407442094,0.9758200996695753,0.9526832278908255,0.9949665929461377,0.9884726514272617,0.9761840792329811,0.9963363365643351,0.9870149032071528,0.9944458437679626,0.4990530393641072,,0.531780286019104,0.6367069000874331,0.6488355713507342,0.6791775681750949,0.7311614432736138,True,twin,6,0.01/pi,burgers,False,777,0.68,MS_hard_burgers_n6_twin_s777
0.9988361735763363,0.9778974811185538,0.9794230327151905,0.9682106180049467,0.942746308114806,,,,,,0.9868104311785898,0.9865864531167479,0.9763371559025926,0.9538564081788149,0.9947682517155184,0.988649469206064,0.9767657300836539,0.9964937506105779,0.9876310119963663,0.9946160922373949,0.4967094777992312,,0.529292366906164,0.6336345721755013,0.6460221899398603,0.6752441304035888,0.7267589695626474,True,twin,6,0.01/pi,burgers,False,777,0.72,MS_hard_burgers_n6_twin_s777
0.9988407637150994,0.9780436964507565,0.979559672301643,0.968804725054713,0.9439600022420275,,,,,,0.9869048657982317,0.9866278083383603,0.9768248486790653,0.9549055862349494,0.9945784370837224,0.9888058635955632,0.9772541342483726,0.9966297015972903,0.9881566419943124,0.9947428562428099,0.49487067109235783,,0.5273146475535648,0.6310870521967834,0.6437026517356972,0.6717955983995336,0.7229670764522222,True,twin,6,0.01/pi,burgers,False,777,0.76,MS_hard_burgers_n6_twin_s777
0.9988452149623427,0.9781863509520752,0.9796931480833355,0.9693635595168187,0.945052181471798,,,,,,0.9869962981461504,0.986668825661172,0.9772800791237087,0.9558393768423279,0.9943978411476003,0.9889426674630871,0.9776569512384681,0.9967454619115856,0.9886030756360894,0.9948346317245369,0.49344410049775467,,0.5257540022664356,0.6289744471529862,0.641794603166257,0.6687808151602329,0.7197144340178673,True,twin,6,0.01/pi,burgers,False,777,0.8,MS_hard_burgers_n6_twin_s777
0.998849495976955,0.9783247994362734,0.9798229006793687,0.9698854762173512,0.9460310863554271,,,,,,0.9870843262660932,0.986709274737428,0.9777021956016104,0.9566660312524206,0.9942264497231366,0.9890615913597816,0.9779816478326437,0.9968427878475421,0.9889803294604459,0.9948975306656523,0.4923570510042918,,0.5245372892622564,0.6272260707437874,0.6402323491316176,0.6661521259196745,0.7169396522654766,True,twin,6,0.01/pi,burgers,False,777,0.84,MS_hard_burgers_n6_twin_s777
0.998853579768976,0.9784585700935025,0.9799484496330816,0.9703706850079571,0.9469046912556753,,,,,,0.9871686727638103,0.986748848276085,0.9780920562241877,0.9573935323009978,0.9940637719199172,0.9891647099606375,0.9782354319011083,0.9969235521655688,0.9892972394823498,0.9949360347758944,0.49155049027129927,,0.5236050384306506,0.6257837793339759,0.6389617256943738,0.6638643177409247,0.714588260404559,True,twin,6,0.01/pi,burgers,False,777,0.88,MS_hard_burgers_n6_twin_s777
0.9988574427016321,0.9785873414606129,0.9800693511584287,0.9708205109429139,0.9476807463039252,,,,,,0.9872491715931946,0.9867871762762743,0.9784513825503073,0.9580296145321061,0.9939090343812921,0.989254154185762,0.9784251918617148,0.9969895471720001,0.989561568375838,0.9949535080348948,0.49097507338364627,,0.5229073920458129,0.624597916191855,0.637936808194479,0.6618743185605059,0.7126108143194092,True,twin,6,0.01/pi,burgers,False,777,0.92,MS_hard_burgers_n6_twin_s777
0.9988610645710796,0.9787109285228649,0.980185209365539,0.9712369045644299,0.9483667300712185,,,,,,0.9873257577287108,0.9868238723718754,0.9787823413931845,0.9585817114237196,0.9937613364210213,0.989331938960684,0.9785574236106829,0.9970423935453308,0.9897800907519181,0.9949525309340563,0.4905881884189376,,0.5224010986976428,0.6236243546102535,0.6371173337582733,0.6601408647996521,0.7109616304981371,True,twin,6,0.01/pi,burgers,False,777,0.96,MS_hard_burgers_n6_twin_s777
0.9988644291400012,0.9788292715858378,0.9802956882912343,0.9716221091148072,0.9489698054765863,,,,,,0.9873984565617034,0.9868585686026914,0.9790872653241884,0.9590569096013288,0.9936197605979765,0.9893998789081713,0.9786381927315752,0.9970835147520625,0.9899587004784897,0.994935128467424,0.4903521614581007,,0.5220477160026571,0.622822880086186,0.6364671791983587,0.6586245241777064,0.7095981258416127,True,twin,6,0.01/pi,burgers,False,777,1.0,MS_hard_burgers_n6_twin_s777
0.9986135892011195,0.9837045125585646,0.9501381874158904,0.9680987266425309,0.961662140733653,,,,,,0.9831712429674817,0.9511509039014749,0.9737255572191338,0.9711032700181659,0.9868957981764203,0.9814193778345334,0.9588929394114544,0.9761722136078639,0.9353210394951424,0.9831667365401642,0.8230279947930608,,0.8282863137017917,0.8188589996254622,0.7619927323166152,0.8068042633824763,0.8381894987101748,True,twin,7,0.01/pi,burgers,False,1234,0.0,MS_hard_burgers_n7_twin_s1234
0.9986109002138412,0.9847883062359456,0.9530677526839151,0.9710139302730982,0.9640748141054721,,,,,,0.9838932091280223,0.9532117517676237,0.9756422032510064,0.9726819167797973,0.9878124885676198,0.9839968006307388,0.9621753331668996,0.9783082292180035,0.9386278510403844,0.9831109390692044,0.8060398816281296,,0.8121747406158749,0.806194233579634,0.750088705246114,0.7930617360350336,0.8325081087518121,True,twin,7,0.01/pi,burgers,False,1234,0.04,MS_hard_burgers_n7_twin_s1234
0.998605085210702,0.9858715316994704,0.9558500477654386,0.9737961616668657,0.9656285302802001,,,,,,0.9846947486869874,0.9551674387379082,0.9774131964915822,0.9735603169915155,0.9886526966453328,0.9866252870384622,0.9648213709171531,0.9805578673747288,0.9412136442516905,0.9825637909204367,0.7882527145157414,,0.7954495525398971,0.7930817319616827,0.7386960589631805,0.7792920621092025,0.8275457173664358,True,twin,7,0.01/pi,burgers,False,1234,0.08,MS_hard_burgers_n7_twin_s1234
0.9985979340349365,0.9869427664065401,0.9584787256834616,0.9762641191068027,0.9662873528876379,,,,,,0.9855722661448125,0.957030545482485,0.9788953273404525,0.9736967134865095,0.9893978042049457,0.9891047999383297,0.9668605271634718,0.9828240962887934,0.943243768470513,0.9815816755668093,0.7692792451105706,,0.7776921811302274,0.7791989462184027,0.7276035877476302,0.765249251876286,0.8229852935576639,True,twin,7,0.01/pi,burgers,False,1234,0.12,MS_hard_burgers_n7_twin_s1234
0.9985911516286681,0.9879852886592283,0.9609552470942176,0.9782853214868112,0.9660327415316824,,,,,,0.9865127479807901,0.9588280891054627,0.9799793451894057,0.9730486298863852,0.9900397741596997,0.9912759997732876,0.9683047933598193,0.9850641525269757,0.9449488015384443,0.9801982888998673,0.7486739926976345,,0.7584222248700425,0.7641274048870743,0.716583965459289,0.7506589401373409,0.8184938857877314,True,twin,7,0.01/pi,burgers,False,1234,0.16,MS_hard_burgers_n7_twin_s1234
0.9985862967917333,0.9889790546783881,0.9632773905620219,0.9797905025361482,0.9648680850984723,,,,,,0.9874938464955866,0.9605856574644093,0.9806105516742518,0.9715885910327228,0.9905760012984022,0.9930150706775637,0.9691187126700662,0.9872399287466646,0.9465232426862793,0.9784561280971245,0.7260204400171505,,0.7371714103186617,0.7474069312237732,0.705394713823157,0.7352665585883982,0.8137213546900353,True,twin,7,0.01/pi,burgers,False,1234,0.2,MS_hard_burgers_n7_twin_s1234
0.9985847311778898,0.989903325032599,0.9654374256840184,0.9807774189343011,0.9628773536307572,,,,,,0.9884854191008646,0.9623201830046479,0.9808007841005699,0.9693683426812232,0.9910094420593518,0.9942425560591468,0.9692601192168664,0.9892926799787558,0.9480773593155949,0.9764319708034077,0.7009892232081747,,0.7135330978730495,0.7285379657724971,0.6936850636383936,0.7187980467244627,0.8082615122321554,True,twin,7,0.01/pi,burgers,False,1234,0.24,MS_hard_burgers_n7_twin_s1234
0.9985875805834973,0.9907396324934571,0.9674317750286361,0.9813041611162073,0.9603484131452172,,,,,,0.9894527654801074,0.9640432540094396,0.9806246605499108,0.9666427443082733,0.9913551832297983,0.994946626706856,0.9687966190679232,0.9911524478093492,0.9496449087431503,0.9742586732496618,0.6734000104525536,,0.6872353178814381,0.7069559475462767,0.6808126031725501,0.7008669696368485,0.8016232642944717,True,twin,7,0.01/pi,burgers,False,1234,0.28,MS_hard_burgers_n7_twin_s1234
0.9985957134013597,0.991474505466416,0.9692746768483158,0.9814704439322379,0.9579194656314677,,,,,,0.9903611765457461,0.9657685675076247,0.9801943576733815,0.9640207047348334,0.9916467265540168,0.9951977169813206,0.9680868933113148,0.9927706972568016,0.9513057727633033,0.9721891354787441,0.6436811536079761,,0.6586069117202933,0.6824075816511703,0.6659602246173805,0.6809912485513876,0.7929436762881702,True,twin,7,0.01/pi,burgers,False,1234,0.32,MS_hard_burgers_n7_twin_s1234
0.998609731388878,0.9921012874089105,0.9710009243481269,0.9813899622280365,0.9564253952558459,,,,,,0.9911808671401866,0.9675124592834139,0.97962275366562,0.9623340170458801,0.9919313005769719,0.9951212488434411,0.9677729981078521,0.9941317782545821,0.9533204560256356,0.9706508863916471,0.6146004475029158,,0.6303172149100371,0.6569229148419858,0.6499182058341902,0.660018368132522,0.7812160307018698,True,twin,7,0.01/pi,burgers,False,1234,0.36,MS_hard_burgers_n7_twin_s1234
0.9986299731589647,0.9926205505471866,0.972652650425884,0.9811601529886417,0.9562557264400257,,,,,,0.9918909802025699,0.9692858160975547,0.97899747381935,0.961994173528703,0.9922547098737831,0.9948350254460717,0.9682664356625391,0.9952194312995833,0.9558634648609683,0.9699831956658628,0.5911113144921722,,0.6073764600587271,0.6353845838289056,0.6362830028325578,0.6417120777217583,0.7679928716219845,True,twin,7,0.01/pi,burgers,False,1234,0.4,MS_hard_burgers_n7_twin_s1234
0.9986565281345193,0.993039118512549,0.9742618806684299,0.9808513865475049,0.9570465518488092,,,,,,0.9924816529302225,0.9710863234003965,0.9783825870352301,0.9626294472163721,0.9926474594832915,0.9944275487544544,0.9693687153008352,0.9960194436866707,0.9587380835745386,0.9701093070961784,0.5750446100642252,,0.5917400162039724,0.6201834336416028,0.627090378031872,0.6286217923421377,0.7561072946962167,True,twin,7,0.01/pi,burgers,False,1234,0.44,MS_hard_burgers_n7_twin_s1234
0.9986892575758181,0.9933681204392065,0.9758414370905308,0.9805124313261242,0.9582696319261716,,,,,,0.992953771198608,0.9728972517031028,0.977823362724391,0.9636859223023189,0.9931194641832249,0.9939743014681823,0.9706995293595463,0.9965545375409722,0.9616398514980793,0.9707639825188977,0.564462958131823,,0.5815020370440454,0.6098765690317506,0.6211497721224932,0.6199412782642352,0.7462711776461975,True,twin,7,0.01/pi,burgers,False,1234,0.48,MS_hard_burgers_n7_twin_s1234
0.9987278217816002,0.9936207895746957,0.977386453070887,0.9801705137824817,0.9596130575455293,,,,,,0.9933168656488113,0.9746920755108452,0.9773406500663697,0.964840655855221,0.9936624121937615,0.9935339893470354,0.9720364665698582,0.9968746954589546,0.9643868338220973,0.9717429219256499,0.5572431638614472,,0.5745317252791713,0.6026286566088909,0.6169203236121624,0.6142002078427764,0.738079115426215,True,twin,7,0.01/pi,burgers,False,1234,0.52,MS_hard_burgers_n7_twin_s1234
0.9987717099471958,0.9938105802860148,0.97888158761155,0.9798344682861795,0.9609288881305803,,,,,,0.9935860591960695,0.9764413597273376,0.9769341566686213,0.9659478699830855,0.9942560644520408,0.9931412804524575,0.9732879129151706,0.997031951911791,0.9669030587108045,0.9729129979515043,0.55211567004611,,0.5695547532399257,0.5973411248300191,0.6135436408059449,0.6104141020514294,0.7311214715325571,True,twin,7,0.01/pi,burgers,False,1234,0.56,MS_hard_burgers_n7_twin_s1234
0.9988202676581966,0.9939499334735801,0.9803085997343489,0.9795023846006244,0.9621467386633001,,,,,,0.9937790111065644,0.9781186357812732,0.9765923127152826,0.9669440758513307,0.99487506307971,0.9928096664876926,0.9744230009597564,0.9970687372940629,0.9691678986982746,0.9741836549111065,0.5483749926957409,,0.5658661778017596,0.5934112186213156,0.6106280961486654,0.6079909890536067,0.7251346360177027,True,twin,7,0.01/pi,burgers,False,1234,0.6,MS_hard_burgers_n7_twin_s1234
0.9988727279372143,0.9940496652408141,0.9816514342536647,0.9791681358142498,0.9632334207563984,,,,,,0.9939134588410332,0.9797036647098119,0.9763000894496717,0.967803376431456,0.995494232929749,0.9925383647583312,0.9754364051060098,0.9970163817403959,0.9711866386525253,0.9754918053476105,0.5456050435863206,,0.5630529100549967,0.590479088852007,0.6080061132370097,0.6065540760703776,0.7199483690697177,True,twin,7,0.01/pi,burgers,False,1234,0.64,MS_hard_burgers_n7_twin_s1234
0.9989282388473163,0.9941188461716125,0.9828985890145254,0.9788251133893587,0.9641757447095616,,,,,,0.9940056152343093,0.9811832636128773,0.976043064263091,0.9685187931718662,0.9960918129540275,0.9923185368467254,0.9763331230450467,0.996897155047828,0.9729752825748686,0.9767937381095312,0.5435421569259383,,0.5608552447326073,0.5883044044240794,0.6056087855125133,0.605845012289409,0.7154427039610336,True,twin,7,0.01/pi,burgers,False,1234,0.68,MS_hard_burgers_n7_twin_s1234
0.998985885833162,0.994164949656619,0.984043499987524,0.9784678044793292,0.9649719738757125,,,,,,0.9940693502319596,0.9825505529372248,0.9758089302861886,0.9690934185813707,0.9966509098425255,0.9921376932178825,0.977121724994909,0.9967268173929086,0.9745529335307018,0.9780598232355199,0.5420098928243795,,0.559101058589684,0.5867117539598947,0.6034079273533298,0.6056764124830089,0.7115257932714734,True,twin,7,0.01/pi,burgers,False,1234,0.72,MS_hard_burgers_n7_twin_s1234
0.9990447163597378,0.9941940863571422,0.985083879792767,0.9780920867709695,0.965626855705177,,,,,,0.9941159509224984,0.9838035855968298,0.9755876775835437,0.969535566607892,0.9971597732423131,0.991982456964419,0.9778113712809935,0.9965167175170556,0.9759383572045098,0.9792707773592548,0.5408848908283788,,0.5576715045694132,0.5855651770447908,0.6013893912305303,0.6059069925520743,0.7081225633751551,True,twin,7,0.01/pi,burgers,False,1234,0.76,MS_hard_burgers_n7_twin_s1234
0.999103758434741,0.9942112591009946,0.9860207039928481,0.9776950795655295,0.9661485062296922,,,,,,0.9941542588463179,0.9849439266120915,0.9753713436941625,0.9698558843808481,0.9976113759137453,0.9918401679649179,0.9784105922352225,0.9962752925094642,0.9771487429863271,0.9804149650553488,0.5400782510368864,,0.5564823154837489,0.5847563202322207,0.599542298108307,0.6064284507796113,0.7051695484203505,True,twin,7,0.01/pi,burgers,False,1234,0.8,MS_hard_burgers_n7_twin_s1234
0.9991620389038286,0.9942205451852542,0.9868571258115646,0.9772747379983098,0.9665464040651748,,,,,,0.9941909663762531,0.9859754144552786,0.9751535656991924,0.9700656069609167,0.998002668739212,0.9916996741953058,0.9789268798180127,0.9960090348652756,0.9781994846370523,0.9814863779301315,0.5395239517883588,,0.5554722905667416,0.5841978693497711,0.5978550118837987,0.6071573198502813,0.702611962777488,True,twin,7,0.01/pi,burgers,False,1234,0.84,MS_hard_burgers_n7_twin_s1234
0.9992185988299538,0.9942252595249692,0.9875976275857058,0.9768295442790447,0.9668302153608108,,,,,,0.9942309967495578,0.9869032853661067,0.9749292301811628,0.9701756004510823,0.9983337420028917,0.9915516321984251,0.9793666716684221,0.9957230974991498,0.9791044363453886,0.9824831330676155,0.5391717788262868,,0.5545962638067747,0.5838197122187777,0.5963145438774425,0.6080297042974342,0.7004019849834845,True,twin,7,0.01/pi,burgers,False,1234,0.88,MS_hard_burgers_n7_twin_s1234
0.9992725079279691,0.9942280443198136,0.9882472840138723,0.9763582166473729,0.9670090725718208,,,,,,0.9942778425547237,0.9877334823733427,0.9746941538297225,0.9701958398746569,0.9986069912268587,0.9913885124712772,0.9797354137233247,0.9954216650969508,0.9798761722373748,0.9834062354704871,0.5389823399083009,,0.553820188321928,0.5835658976453642,0.5949068656233867,0.6089970106021487,0.6984974144017377,True,twin,7,0.01/pi,burgers,False,1234,0.92,MS_hard_burgers_n7_twin_s1234
0.9993228782121433,0.9942309438371401,0.9888112687665636,0.9758595147371641,0.9670912025545144,,,,,,0.9943338683930455,0.9884722197303994,0.9744448441450847,0.9701351866552704,0.9988263760229265,0.9912044296212555,0.9800376695548367,0.995108180570008,0.9805262627989785,0.9842586536394247,0.5389238625761997,,0.5531179790408561,0.583392331559719,0.5936176808859274,0.6100227622491606,0.696860688522784,True,twin,7,0.01/pi,burgers,False,1234,0.96,MS_hard_burgers_n7_twin_s1234
0.9993688755791033,0.9942354602511677,0.9892945300885111,0.9753321409746606,0.9670837708595504,,,,,,0.9944005521797109,0.9891257022162734,0.9741783430287705,0.9700013478365511,0.9989967899686725,0.9909949102303852,0.9802772133173674,0.9947854928289426,0.981065469674288,0.9850445930397778,0.5389695872895428,,0.5524688913135196,0.5832643242406359,0.5924326473823789,0.611079484541,0.6954576400499081,True,twin,7,0.01/pi,burgers,False,1234,1.0,MS_hard_burgers_n7_twin_s1234
0.9750765884163412,0.6785466591868868,0.5952022258056484,0.6155948168701579,0.6528335072851997,,,,,,0.604890690598655,0.5026508291409991,0.5173809153221604,0.5551611378248998,0.9773752330883253,0.9581222615634618,0.9172219072320408,0.9885502174365419,0.9358750724812119,0.9712620066915209,0.5569386410138756,,0.5137157293832005,0.4497722567602358,0.3899490458228078,0.4668800376356467,0.5946340828601361,True,twin,7,0.01/pi,burgers,False,2025,0.0,MS_hard_burgers_n7_twin_s2025
0.9803226023267834,0.7037915184436353,0.6638282188639468,0.6563891757149876,0.6663064191378759,,,,,,0.6500379675386411,0.6044296373965936,0.6025517443329734,0.6218143172869607,0.9630618800670475,0.9342436671337682,0.9104665271432617,0.9935556624874775,0.9758713039802713,0.990911164930542,0.5419422505490106,,0.5370201297089895,0.5423374167711541,0.6119030730797339,0.6608127022074827,0.7184331063520394,True,twin,7,0.01/pi,burgers,False,2025,0.04,MS_hard_burgers_n7_twin_s2025
0.9829473947682718,0.725516053181309,0.6845639401247915,0.674489270665994,0.6840155764837909,,,,,,0.6973956542952171,0.6649664178796181,0.6603685963643922,0.6761703323389203,0.9651667388789709,0.9472007678125975,0.9342014519649542,0.9966978062037533,0.9862161627137263,0.9939128515197457,0.5227424408644911,,0.5473141055388168,0.6171102665051064,0.7043051420145565,0.736629288788374,0.7709616525791236,True,twin,7,0.01/pi,burgers,False,2025,0.08,MS_hard_burgers_n7_twin_s2025
0.9842312171054602,0.7446969741188406,0.7068975633534028,0.6968107594816162,0.7048498092313334,,,,,,0.7367349515402675,0.7115085011286826,0.7059730584126445,0.7180462173934701,0.9705557052271473,0.9568327749169104,0.9469589544343642,0.9975454845157604,0.9896272649348598,0.9952049220940892,0.5052669401449464,,0.5508202165175072,0.6621351236298785,0.7484145218717196,0.7754801679438131,0.7975561036701304,True,twin,7,0.01/pi,burgers,False,2025,0.12,MS_hard_burgers_n7_twin_s2025
0.984986600898873,0.7642086947748716,0.7298712139189761,0.7196578675799732,0.7257089101057139,,,,,,0.7683289878642997,0.7473574267260334,0.7411116748437407,0.7499615254625299,0.9734585694570984,0.9617598792787392,0.9534518973660974,0.9979395307146085,0.9915458880310454,0.9960172087540325,0.48960365363606895,,0.5490727013699849,0.6857768145889332,0.7713050410376335,0.7961793639297934,0.8105186627590119,True,twin,7,0.01/pi,burgers,False,2025,0.16,MS_hard_burgers_n7_twin_s2025
0.9855799432042803,0.7836425497089036,0.7519362986298886,0.7414777181736555,0.7455700882743337,,,,,,0.7936860091826454,0.7754105613827968,0.7686166075850004,0.7748421687432766,0.9748383108768102,0.9643016992630479,0.956978789045059,0.9981712475303733,0.9928124321618342,0.9965757491437665,0.47566106743648534,,0.5436584175610832,0.6957686006873871,0.781786652411205,0.805642757070133,0.8148155555937217,True,twin,7,0.01/pi,burgers,False,2025,0.2,MS_hard_burgers_n7_twin_s2025
0.9861240843200371,0.8023423062167632,0.7724666986248155,0.7617016649124121,0.7640469720478494,,,,,,0.8144556476126062,0.7980039282857292,0.7907772549645691,0.7948801412189361,0.9753505717289211,0.9655252104201318,0.9588383991095966,0.9983213920561347,0.9937023901998903,0.9969752462717684,0.46322907752490566,,0.5359087706730424,0.6968326308499139,0.7841725008823911,0.8075810134348936,0.8132585619100839,True,twin,7,0.01/pi,burgers,False,2025,0.24,MS_hard_burgers_n7_twin_s2025
0.9866311164192255,0.8199469129199377,0.7912375355928422,0.7801363952116461,0.7809959083567678,,,,,,0.8319798551719143,0.8167535306923107,0.8091678590896791,0.8115442637873839,0.9753113528817984,0.9659190906074486,0.9596193664603422,0.9984233086508683,0.9943459959152227,0.9972662456190242,0.4520562778333199,,0.5268321927758153,0.6919448368200509,0.7811239378803276,0.8044033232360871,0.8077320701785439,True,twin,7,0.01/pi,burgers,False,2025,0.28,MS_hard_burgers_n7_twin_s2025
0.9870903110424152,0.8363142510145305,0.8082035027376321,0.7967497329395079,0.7963793438794748,,,,,,0.8472076776828747,0.8327119786763668,0.824808699462177,0.8257690208297034,0.9748865166253508,0.9657385258374854,0.9596363929437005,0.998493928331,0.9948162578938607,0.9974791605778195,0.44187120467054514,,0.5171062259945044,0.6830858065302803,0.7744521062749742,0.7977976825757347,0.7995782156184724,True,twin,7,0.01/pi,burgers,False,2025,0.32,MS_hard_burgers_n7_twin_s2025
0.9874960087949024,0.8514215434102749,0.8234024696238728,0.8115821304466172,0.8102086152658486,,,,,,0.8607644101693394,0.8465465735941566,0.8383427262673242,0.8381302237229641,0.9741747396191353,0.9651343310548323,0.9590812752640943,0.9985428669835563,0.9951586108064425,0.9976339766184543,0.43238747802126964,,0.5071142452805074,0.6716040352545877,0.765416075162327,0.7889576656050759,0.7897482876390048,True,twin,7,0.01/pi,burgers,False,2025,0.36,MS_hard_burgers_n7_twin_s2025
0.9878518363487568,0.8653039847652434,0.8369090634518875,0.8247055936579483,0.8225175690430411,,,,,,0.8730446448908323,0.858676013365664,0.8501704870431538,0.8489755130175933,0.9732426498067434,0.9642062876435692,0.9580845555857523,0.9985760259990442,0.9954034194638034,0.9977445294158761,0.42331130318488686,,0.49700684151232016,0.6584047100567605,0.7548650169359822,0.7786953887828594,0.7788850618563856,True,twin,7,0.01/pi,burgers,False,2025,0.4,MS_hard_burgers_n7_twin_s2025
0.9881666725254505,0.8780210421682281,0.8488108782911368,0.83620294933273,0.8333500915146392,,,,,,0.8842893124219736,0.8693645410657748,0.8605429169440829,0.8585143154753188,0.9721407011953158,0.9630273216961845,0.9567446632194286,0.9985970899220246,0.9955725831408107,0.9978212529729594,0.4143834938339462,,0.4868049510728028,0.6441221473377625,0.7433902605381378,0.7675791194368404,0.7674273707975956,True,twin,7,0.01/pi,burgers,False,2025,0.44,MS_hard_burgers_n7_twin_s2025
0.988449330872696,0.8896382056349811,0.8591955898666596,0.8461571934447717,0.842753490889073,,,,,,0.8946411498221766,0.8787837712708135,0.8696228400026513,0.8668771662037981,0.970910935937159,0.9616561372045349,0.9551421080299058,0.9986086817327585,0.9956824222164288,0.9978716452933725,0.40537606197378495,,0.47644566658613985,0.6291710157201116,0.7313610830357509,0.7559614134698708,0.7556431770620256,True,twin,7,0.01/pi,burgers,False,2025,0.48,MS_hard_burgers_n7_twin_s2025
0.9887045562455699,0.9002181900408103,0.8681445295367145,0.8546460060646218,0.8507751398029172,,,,,,0.9041834154452117,0.8870530276325634,0.8775248539829366,0.8741542054789367,0.9695907791103787,0.9601432126249333,0.9533468630494031,0.9986126325642105,0.9957455992270835,0.9979016899575944,0.3961211975468079,,0.46585520445063294,0.6138497223248393,0.7190287213056237,0.7440825910504103,0.7437075911020852,True,twin,7,0.01/pi,burgers,False,2025,0.52,MS_hard_burgers_n7_twin_s2025
0.9889310043541828,0.9098170182868364,0.8757294676578956,0.8617389518353711,0.8574609709709494,,,,,,0.9129660667210052,0.8942646560546432,0.8843401563551033,0.8804194411878937,0.9682149234443925,0.9585341637308361,0.9514223683559762,0.9986103297151474,0.9957723163443203,0.9979159702742707,0.38653130143579445,,0.4550032601831722,0.5984006394601711,0.7065876182667926,0.7321266084791339,0.7317573246800191,True,twin,7,0.01/pi,burgers,False,2025,0.56,MS_hard_burgers_n7_twin_s2025
0.9891211527675751,0.9184828452405032,0.8820114647417949,0.867496419961265,0.8628546246414526,,,,,,0.9210232417791583,0.9004992932571364,0.8901512052921596,0.8857446416943929,0.966816146636568,0.9568714567883546,0.9494274743713517,0.9986029658217904,0.995771067541034,0.9979178152595424,0.37660746040658233,,0.44393638338226193,0.5830539661044308,0.6942235665678835,0.7202672948713567,0.7199334345035128,True,twin,7,0.01/pi,burgers,False,2025,0.6,MS_hard_burgers_n7_twin_s2025
0.9892627728016905,0.9262561368705468,0.8870411737064315,0.8719694377762971,0.8669973760231808,,,,,,0.9283844659845859,0.9058340586858162,0.8950387722257521,0.8902058780254226,0.9654256543704938,0.9551947668346508,0.9474178218139104,0.9985913588681207,0.9957496976281653,0.9979103502916663,0.3664565325949253,,0.4328128209963028,0.568091404858384,0.6821860563999311,0.708741115019548,0.7084341585598102,True,twin,7,0.01/pi,burgers,False,2025,0.64,MS_hard_burgers_n7_twin_s2025
0.9893414901262025,0.933170289929093,0.8908600257661332,0.8752009962934597,0.869925916554436,,,,,,0.9350812976083325,0.9103455169997586,0.8990843671289862,0.893882019561016,0.9640732462149358,0.9535415335488304,0.9454438737648689,0.9985761112003022,0.9957137406376514,0.9978963118502274,0.356202733811849,,0.4218081252780762,0.5537460853283592,0.6706770865365885,0.697748676687365,0.6974306602557332,True,twin,7,0.01/pi,burgers,False,2025,0.68,MS_hard_burgers_n7_twin_s2025
0.989343895372293,0.9392520638171208,0.8935020473343248,0.8772281791305147,0.8716743739360023,,,,,,0.9411500905103369,0.9141084883588009,0.9023684429928429,0.8968529568024256,0.9627875928696741,0.9519483275917998,0.9435516796005506,0.9985583977523262,0.9956665917870711,0.9978757356225285,0.3460054909892874,,0.41114425257447,0.5402260353777204,0.6598746183253735,0.6874624205056551,0.6871073700879724,True,twin,7,0.01/pi,burgers,False,2025,0.72,MS_hard_burgers_n7_twin_s2025
0.9892607256344823,0.9445219364808908,0.8949964374873611,0.878082174689415,0.8722786174046492,,,,,,0.9466321089151076,0.9171920590902113,0.90496301949194,0.8991960981395718,0.9615966585900299,0.9504491262049077,0.9417879716876888,0.9985385432389986,0.9956142143828379,0.997850321612978,0.33619272942336303,,0.4012409757838914,0.5279743370977764,0.6502275900966213,0.6783154193748504,0.6778608574017615,True,twin,7,0.01/pi,burgers,False,2025,0.76,MS_hard_burgers_n7_twin_s2025
0.9890896270928319,0.9489940085428304,0.8953705508551916,0.8777926474131569,0.8717705214981026,,,,,,0.9515709832103035,0.9196533437257602,0.9069263205590836,0.9009706556733049,0.9605284387871826,0.9490770900838157,0.9401928132056891,0.9985166221673175,0.9955582890771187,0.9978214198162221,0.3269737485363962,,0.3923693081642863,0.517257758794837,0.6419834767318223,0.6705667704395947,0.6699346792038737,True,twin,7,0.01/pi,burgers,False,2025,0.8,MS_hard_burgers_n7_twin_s2025
0.9888371263502889,0.9526752463020287,0.8946532110074145,0.8763907334616058,0.8701864795499079,,,,,,0.9560081021048781,0.921530258405737,0.9082944485178422,0.9022153453517756,0.9596120947305029,0.9478668013262568,0.9388058595808383,0.9984933404836003,0.9955000309101967,0.9977874888570535,0.3186118627994072,,0.38485236963189356,0.5084017862671677,0.6354487818827963,0.6645178306961615,0.6636536972163284,True,twin,7,0.01/pi,burgers,False,2025,0.84,MS_hard_burgers_n7_twin_s2025
0.9885193069703648,0.9555637328869426,0.892878259730165,0.8739097076368186,0.8675696245519694,,,,,,0.9599761897391867,0.9228347337008731,0.9090718478110319,0.9029394844846969,0.958879672282862,0.9468534117441413,0.937669675501492,0.9984680302564849,0.9954423143265156,0.9977497364895154,0.31146098040659337,,0.3790779022241872,0.501907319441509,0.6311150193998735,0.6606582736017295,0.6594699090489994,True,twin,7,0.01/pi,burgers,False,2025,0.88,MS_hard_burgers_n7_twin_s2025
0.9881605270875041,0.9576450315469779,0.8900878752452414,0.8703900201841877,0.863968628624887,,,,,,0.9634913221105836,0.9235481478426093,0.9092290990431563,0.9031143321841625,0.9583685605658755,0.9460779156795208,0.9368270054203259,0.9984401640042891,0.9953842711507221,0.9977075792044239,0.3057449149737285,,0.3752155121469614,0.4980842786950758,0.62920996823503,0.6592276068673446,0.6576305892503139,True,twin,7,0.01/pi,burgers,False,2025,0.92,MS_hard_burgers_n7_twin_s2025
0.9877892676699026,0.9588849378991632,0.886335815059417,0.8658805490579277,0.8594471576818471,,,,,,0.9665434016849169,0.9236219260379163,0.9087028244312598,0.9026804146077955,0.9581250993707139,0.9455910659094698,0.9363311441765905,0.998408879843607,0.9953264817390077,0.9976599771534376,0.30177764755997,,0.37345286049728155,0.49737601700819184,0.63004697864391,0.6605329394196812,0.6584495154996045,True,twin,7,0.01/pi,burgers,False,2025,0.96,MS_hard_burgers_n7_twin_s2025
0.9874298679539149,0.9592164727673631,0.8816898671695761,0.8604394987088251,0.854086659834865,,,,,,0.9690855411926439,0.9229868128864424,0.907406210409974,0.9015577102138308,0.958209131277437,0.9454590275185573,0.9362509537753589,0.9983722638000715,0.9952706577064038,0.9976073858321431,0.2999467975725496,,0.37393404113565837,0.5003171228611618,0.6339285691984933,0.664864348956481,0.6621933870989725,True,twin,7,0.01/pi,burgers,False,2025,1.0,MS_hard_burgers_n7_twin_s2025
0.9890272637288858,0.9686292259680772,0.9535439418565806,0.9761850141217816,0.9474239377478725,,,,,,0.9934705022226575,0.9725619631307073,0.9805415333525495,0.9678068117891091,0.9768726976497264,0.9708594164222744,0.9663506422359355,0.9902635251243964,0.9778161631595783,0.982523817722356,0.7546883019885573,,0.8191147064276172,0.838659793046216,0.8188895324939061,0.8014360845177253,0.8414404467545211,True,twin,7,0.01/pi,burgers,False,777,0.0,MS_hard_burgers_n7_twin_s777
0.9887493032708402,0.9672653768350521,0.9506228948476411,0.9750477139151139,0.9441574990335782,,,,,,0.9932300259671566,0.9727838780506657,0.9837677326554236,0.968534239773941,0.9793527736155159,0.9767593326303933,0.9709537599856121,0.9907626796275669,0.9797581023011668,0.9841364374683707,0.7228570748868561,,0.7965033854134472,0.8242951825546319,0.808648487113988,0.7924638930199482,0.8336760654401467,True,twin,7,0.01/pi,burgers,False,777,0.04,MS_hard_burgers_n7_twin_s777
0.9884692352367117,0.9655720086321044,0.9477215114740664,0.9723885688202022,0.9399118815094175,,,,,,0.99281934723138,0.9732199064833841,0.9860046258979807,0.9685550777541173,0.9819054180787846,0.9819029813438599,0.9750463364814489,0.9915985590691061,0.9821046650014379,0.9858581895422079,0.6902456188862062,,0.7727008410459677,0.8096172262254961,0.7995207687890319,0.7846981245565051,0.8262123439120321,True,twin,7,0.01/pi,burgers,False,777,0.08,MS_hard_burgers_n7_twin_s777
0.988193715599802,0.9635758234891308,0.944777520597128,0.9680249599307243,0.9343888282673896,,,,,,0.9922295813486252,0.973692499050729,0.9869291650354962,0.9674827003741359,0.9844227700147204,0.9861119749179694,0.9783214493411441,0.9928079337381965,0.9847816089041265,0.9875920175487788,0.6569501084610571,,0.7475271491471751,0.794285994690507,0.7912365166457066,0.7778717168477793,0.819011018340984,True,twin,7,0.01/pi,burgers,False,777,0.12,MS_hard_burgers_n7_twin_s777
0.9879289771956857,0.9613380062911806,0.9416932910129713,0.961870626466442,0.9274268632567673,,,,,,0.9914637410954549,0.9739778790598645,0.9862599289146355,0.9649998644447734,0.98679523149428,0.9892395755591709,0.9805221525360669,0.9943389601627388,0.9876102872995172,0.989266801272081,0.623096382419161,,0.7208174389634531,0.7778744251320076,0.7834339235613428,0.7716833325204222,0.8120137336502119,True,twin,7,0.01/pi,burgers,False,777,0.16,MS_hard_burgers_n7_twin_s777
0.9876804247764652,0.9589499503562412,0.9383440860111372,0.9539832969597645,0.9190642434454798,,,,,,0.9905418259108973,0.973814036990492,0.9838042577601064,0.9609225587903836,0.9888534424391945,0.9911529588457624,0.9814322726116157,0.996039763671671,0.9902852136662118,0.9908340229881502,0.5888834351902865,,0.6924747096428518,0.7599089965709649,0.7755914778785254,0.7657969709202315,0.8051237483996861,True,twin,7,0.01/pi,burgers,False,777,0.2,MS_hard_burgers_n7_twin_s777
0.9874523114269489,0.9565283171422851,0.9346198316314996,0.9446353046222483,0.9096188941499886,,,,,,0.9895079146237195,0.9729591818800927,0.9795455841950834,0.9553001619112885,0.9903636350957479,0.991746355284026,0.9808993730143565,0.9976509859144628,0.9923749726048036,0.9922615853654999,0.5545918260665949,,0.6625049639995166,0.7398883356807012,0.7669323611129095,0.7597871916854484,0.7981592240728113,True,twin,7,0.01/pi,burgers,False,777,0.24,MS_hard_burgers_n7_twin_s777
0.9872475150694746,0.9542079036447295,0.9305209587677234,0.9344180002784,0.8997970385989493,,,,,,0.9884337662762137,0.9713285405059584,0.9737869713368208,0.9485699680339643,0.9911418209995404,0.9910159292334537,0.9789239817414567,0.9988401397185039,0.9934366338037411,0.9935301747346894,0.5206414861460663,,0.6311228662642497,0.7173632786311185,0.7563895036881814,0.7530444073334629,0.7907614480633812,True,twin,7,0.01/pi,burgers,False,777,0.28,MS_hard_burgers_n7_twin_s777
0.987067429264979,0.9521270014561521,0.9262935814921381,0.9243818976133391,0.8908039105150904,,,,,,0.9874111894270852,0.9691686246672251,0.967348123407625,0.9417491983609977,0.9912752397680373,0.9892354605517713,0.9758707959609251,0.9993589375859031,0.9933885611512218,0.9946334799507971,0.48792425119752364,,0.5991822515879183,0.692377130745146,0.7429171059745389,0.744736050548107,0.7822451302521602,True,twin,7,0.01/pi,burgers,False,777,0.32,MS_hard_burgers_n7_twin_s777
0.9869119648019532,0.950404581753667,0.9223898828331851,0.9159414687643133,0.8840729160610477,,,,,,0.9865323272064186,0.9670008182592946,0.9615561891684979,0.9363179273312194,0.9911537066647091,0.9871242440047776,0.9727234141109411,0.9992973583244219,0.9928476943397054,0.9955488031770138,0.45857575834989656,,0.5692272456332161,0.6668920443269938,0.7269790484331309,0.7345262622186597,0.7720398557884958,True,twin,7,0.01/pi,burgers,False,777,0.36,MS_hard_burgers_n7_twin_s777
0.9867796646448982,0.9491180143965048,0.919139915842482,0.9100543766064674,0.8801449728665718,,,,,,0.9858674788783918,0.9652243474572823,0.9574959683523994,0.9331550916820225,0.9911128580960122,0.9855109760704884,0.9705778555172665,0.9990339303296843,0.992481347210639,0.9961913757808629,0.435549922555296,,0.5452221366067178,0.6452802975699408,0.7119459490610284,0.7240470221706723,0.761392965919868,True,twin,7,0.01/pi,burgers,False,777,0.4,MS_hard_burgers_n7_twin_s777
0.9866678954967274,0.9482920240274343,0.9165728546721833,0.9065429584106189,0.8782652444671981,,,,,,0.985451947419829,0.9639026061139216,0.9552380493133894,0.9318408717539016,0.9911920156996591,0.9846703261992259,0.9696272406311226,0.99881575494429,0.9923594329721066,0.9965497927207887,0.41957348405752753,,0.5286468975593565,0.6298785869471538,0.7006581883947604,0.7153031970058342,0.7523543356880051,True,twin,7,0.01/pi,burgers,False,777,0.44,MS_hard_burgers_n7_twin_s777
0.9865731159031208,0.947902454826618,0.9145701174902713,0.9046304418245246,0.8774323612301009,,,,,,0.9852858428424717,0.9629345935357121,0.9542175004440067,0.931512932669841,0.991279000261539,0.9843787115264426,0.9693925793292446,0.9986716431198833,0.9923434062585813,0.9967182081263161,0.40878607220539537,,0.5176705773775236,0.6192753809633833,0.6928283024603228,0.7084933569610897,0.7453818838441768,True,twin,7,0.01/pi,burgers,False,777,0.48,MS_hard_burgers_n7_twin_s777
0.9864911690677014,0.9478901202929727,0.9130222858155943,0.903638371465616,0.8770386402298873,,,,,,0.9853428728704916,0.9622304136884416,0.9538870066991708,0.9315909185427401,0.9912868428274895,0.9843455532233651,0.9694230727906976,0.9985735478309108,0.9923568535591786,0.9967832978127269,0.4011950056423702,,0.5101151817084922,0.6114676273739443,0.6871890183327026,0.703072386557698,0.7400353873855321,True,twin,7,0.01/pi,burgers,False,777,0.52,MS_hard_burgers_n7_twin_s777
0.9864176026430733,0.9481777177345062,0.9118633173326863,0.9031583715589073,0.8768152242643183,,,,,,0.9855820018399032,0.9617476676849489,0.9539126196846667,0.9318062860921755,0.9911953524929076,0.9843914896409923,0.9694844057770364,0.9985045905223017,0.9923766714302897,0.9967948360476101,0.39558287597407854,,0.5046408348119445,0.6052560194535883,0.6828653013627275,0.6986229939441587,0.7358655653062514,True,twin,7,0.01/pi,burgers,False,777,0.56,MS_hard_burgers_n7_twin_s777
0.9863479605684287,0.9486843659482568,0.911052322511741,0.902978624570022,0.8766630122180211,,,,,,0.9859575820228109,0.9614700484663241,0.9541259840990168,0.932058951945445,0.9910273904070714,0.9844394256559786,0.969491600314744,0.998458426858953,0.992397233020446,0.9967780871613154,0.3912927603249334,,0.5005363071368817,0.6000599047454553,0.679379657169764,0.6948987627622065,0.7325637972578813,True,twin,7,0.01/pi,burgers,False,777,0.6,MS_hard_burgers_n7_twin_s777
0.9862780500914289,0.9493355828547807,0.9105541590763426,0.9029941717394602,0.8765527552776221,,,,,,0.9864262425823543,0.9613856884756321,0.9544494328272766,0.9323207721430244,0.9908202295814039,0.9844697342939976,0.9694320729234641,0.9984314893075864,0.9924159391689238,0.9967454417653121,0.3879513758512989,,0.4974082625002986,0.5955996164413084,0.6764594696103251,0.691737724598241,0.7299176883083288,True,twin,7,0.01/pi,burgers,False,777,0.64,MS_hard_burgers_n7_twin_s777
0.986204147697672,0.9500685361179231,0.9103302702786075,0.9031505159231783,0.8764796818890075,,,,,,0.9869505626860331,0.9614772798734402,0.9548471548013902,0.9325893913191478,0.9906083233173629,0.984487194545705,0.9693210578668412,0.9984201151918829,0.9924301158693227,0.996702961114879,0.3853208359790109,,0.4950120610139186,0.5917236448292521,0.6739306159689252,0.6890173625760375,0.727770732552684,True,twin,7,0.01/pi,burgers,False,777,0.68,MS_hard_burgers_n7_twin_s777
0.9861231555257194,0.9508336980746295,0.9103375675233081,0.9034148746113708,0.8764450741399156,,,,,,0.9875003683705084,0.961720818247758,0.9553001797742743,0.9328689650659984,0.9904164677604785,0.9845031404908375,0.9691803208557771,0.9984204239222068,0.9924372957436499,0.9966537479620323,0.3832333663270747,,0.49317675144554296,0.588333944934084,0.6716740979222349,0.6866395966705915,0.7260028667228052,True,twin,7,0.01/pi,burgers,False,777,0.72,MS_hard_burgers_n7_twin_s777
0.9860326798715718,0.9515941900782456,0.910531039162167,0.903763300267055,0.8764496392184058,,,,,,0.9880525933177898,0.9620881895960248,0.9557953900363791,0.9331631377324162,0.990259138451618,0.9845277183850666,0.9690294666763476,0.9984288090737801,0.9924358655986844,0.9965996280201378,0.3815629092938171,,0.4917730830923463,0.5853564620989467,0.669607524129485,0.6845258276777888,0.7245208826336682,True,twin,7,0.01/pi,burgers,False,777,0.76,MS_hard_burgers_n7_twin_s777
0.9859310539128391,0.9523240268573534,0.9108671107485938,0.90417570271939,0.8764918493549277,,,,,,0.9885904594525071,0.9625504858782787,0.956321502351653,0.9334732127089242,0.9901424926437518,0.9845674977184818,0.9688832393817387,0.9984422721214711,0.9924252875947159,0.9965419293378434,0.38021200125482596,,0.4906994774912685,0.5827302838956346,0.6676750914454225,0.6826145615811778,0.7232530294122619,True,twin,7,0.01/pi,burgers,False,777,0.8,MS_hard_burgers_n7_twin_s777
0.9858173050960534,0.9530059305208822,0.9113062151091029,0.9046342674539962,0.8765681292977467,,,,,,0.9891023888759131,0.9630805836677548,0.9568680207569445,0.933798282661901,0.9900670048211038,0.9846255053266209,0.9687514806027883,0.9984585183317826,0.9924059811457778,0.9964818043459153,0.3791043813403444,,0.48987492738092003,0.5804036540043999,0.6658402793483635,0.6808589165738568,0.7221446517327942,True,twin,7,0.01/pi,burgers,False,777,0.84,MS_hard_burgers_n7_twin_s777
0.9856910794566025,0.953629320341621,0.9118142578460638,0.9051231853651628,0.8766735330679989,,,,,,0.9895809761646928,0.9636547070628119,0.9574252865259859,0.9341358872737081,0.9900297550818288,0.9847020643845475,0.9686399209612642,0.9984759009742944,0.9923789934630717,0.9964203021124721,0.3781793866770174,,0.4892339501753834,0.5783313576549475,0.6640792366928701,0.6792230865660913,0.7211538065207802,True,twin,7,0.01/pi,burgers,False,777,0.88,MS_hard_burgers_n7_twin_s777
0.9855525375903124,0.9541885135727197,0.912363002155021,0.9056286582238178,0.8768024262859948,,,,,,0.9900220315728419,0.9642530304122896,0.9579847344758828,0.9344827277800961,0.9900261110298759,0.9847957531108094,0.968551241416003,0.9984933112752431,0.9923457152970313,0.9963583667000252,0.37738912980595324,,0.48872428804586077,0.5764743970101358,0.6623770705450658,0.6776804503086497,0.7202488676587769,True,twin,7,0.01/pi,burgers,False,777,0.92,MS_hard_burgers_n7_twin_s777
0.9854022405418942,0.9546813361023027,0.9129298471839583,0.9061389530655448,0.8769489890109753,,,,,,0.9904238002880316,0.964859701368205,0.958539100186108,0.9348351735653698,0.9900508242333961,0.9849041764713508,0.9684859426210612,0.9985100537321464,0.9923076183823899,0.9962968021448514,0.37669526250134233,,0.48830401376513155,0.574798610576432,0.6607240874707171,0.676210741585958,0.7194055178680445,True,twin,7,0.01/pi,burgers,False,777,0.96,MS_hard_burgers_n7_twin_s777
0.9852410272928681,0.9551080231991652,0.9134971665601591,0.9066443202850085,0.8771075499745957,,,,,,0.9907863055973081,0.9654624816581777,0.9590824968328474,0.9351896510758707,0.9900986759833482,0.9850245312975233,0.9684430935307333,0.9985257403792599,0.9922661133538955,0.9962362536147932,0.3760672208210251,,0.48793999256277876,0.5732743500396813,0.6591139909993055,0.6747985744828813,0.7186051374570303,True,twin,7,0.01/pi,burgers,False,777,1.0,MS_hard_burgers_n7_twin_s777
0.9832546362660209,0.9448864871908689,0.9227023313698139,0.9372074029020596,0.9505033028330115,,,,,,0.9808437820642051,0.9711092311142492,0.9767887192733168,0.9800470082444969,0.9933474767028455,0.9704828141498915,0.9792031105108073,0.9796812045058064,0.9774485254936541,0.9824680632025115,0.8335455839254443,,0.8601676433093572,0.81568648791797,0.827978016620519,0.8762138848125351,0.8785706501614523,False,twin,8,0.01/pi,burgers,False,1234,0.0,MS_hard_burgers_n8_twin_s1234
0.9844552894162607,0.9501188190873482,0.9264323342949895,0.9405115252136967,0.9569077549713122,,,,,,0.9828209478762234,0.9721563482095846,0.9783269001071908,0.9828273759542174,0.9930826128314365,0.9736130996415144,0.9797049422099208,0.9815400127171073,0.9755849745022568,0.981910461210041,0.8166919046773847,,0.8493151398214893,0.8062849445428892,0.8214192187221666,0.8685098722575879,0.8648963212156179,False,twin,8,0.01/pi,burgers,False,1234,0.04,MS_hard_burgers_n8_twin_s1234
0.9856241340869131,0.9554238256673758,0.9304878032935273,0.9438190667681237,0.9624269191368593,,,,,,0.984940608666751,0.9733814688226468,0.9793826620510544,0.9844682893367155,0.9927220840270367,0.9759334948130006,0.9791148159340101,0.9830485606369324,0.973145045007078,0.9813189324877082,0.7984288314674803,,0.8369565756548147,0.7965717193080712,0.8149913784475097,0.8595807098322427,0.8488202544070571,False,twin,8,0.01/pi,burgers,False,1234,0.08,MS_hard_burgers_n8_twin_s1234
0.9867583899962373,0.9606324969749598,0.9348023394204906,0.9469492064872236,0.9668150227212997,,,,,,0.9870950038996392,0.9747376534094696,0.979897318466383,0.984841986935022,0.9922935826755596,0.9774089280664715,0.9774956536244647,0.9842221598488898,0.9702667355625141,0.9806926146746873,0.7785055626286242,,0.8227437081587411,0.7863324291029412,0.808749555109434,0.849961884410794,0.8309246214646601,False,twin,8,0.01/pi,burgers,False,1234,0.12,MS_hard_burgers_n8_twin_s1234
0.9878552069130262,0.9655886895869661,0.939281587999967,0.9496745155749511,0.9698037820703945,,,,,,0.9891815139737422,0.9761432242849917,0.9797809733514617,0.9837662185295675,0.9918248426377846,0.9780532243905017,0.9748794324021726,0.9851158188175748,0.9670707922819242,0.9800106584909597,0.7565924779788271,,0.8061764226869156,0.7751698854612856,0.8025247431718132,0.8400547799864898,0.8119406545714994,False,twin,8,0.01/pi,burgers,False,1234,0.16,MS_hard_burgers_n8_twin_s1234
0.9889113937181485,0.9701604802342834,0.9438004421225468,0.9517533866681093,0.9711157791863344,,,,,,0.9911115924350823,0.9774877984992547,0.9789411195273179,0.9810739631291051,0.9913389645595343,0.9779351299695599,0.9713204273068143,0.9858184559399571,0.9637410560296152,0.9792778244554068,0.7323387442771927,,0.7866866893334895,0.7625591027252318,0.7959685326841254,0.8301811160572293,0.7928030225662893,False,twin,8,0.01/pi,burgers,False,1234,0.2,MS_hard_burgers_n8_twin_s1234
0.9899232920343665,0.9742490392996637,0.9482096577802805,0.9529881763866759,0.9705038106305993,,,,,,0.9928175443984079,0.9786523137819074,0.9773383843192904,0.9766903456208563,0.9908535928186625,0.9771930060420623,0.9669376738820692,0.9864386223271494,0.9605751083421046,0.9785540087859353,0.7054607959101774,,0.7637154845984073,0.7478466427331489,0.7884706723034184,0.8205082402317702,0.7745062689927991,False,twin,8,0.01/pi,burgers,False,1234,0.24,MS_hard_burgers_n8_twin_s1234
0.9908868228794898,0.977793500930212,0.9523559325872993,0.9532986081867139,0.9678013010644181,,,,,,0.9942560999066979,0.9795447453388841,0.9750586640331437,0.9706917342032958,0.990388619021461,0.9760551309907173,0.9619147948569599,0.9870803095848076,0.9579312364319095,0.9779166638972343,0.6759497804465394,,0.7369078354499412,0.7303040236648418,0.779002793585204,0.8108532604629715,0.7577769768243469,False,twin,8,0.01/pi,burgers,False,1234,0.28,MS_hard_burgers_n8_twin_s1234
0.9917976394202711,0.9807711163761643,0.9561129539328037,0.9527566619489126,0.9629949306545544,,,,,,0.9954085554495904,0.9801387259475959,0.9723531506861776,0.9633884866760986,0.9899786132363855,0.9748422491450167,0.9565313875040053,0.9878159401706833,0.9560754367448528,0.9773322304622966,0.6446078406685458,,0.7067314197774707,0.7096126509708243,0.7662405958646239,0.8004599397786704,0.7427627688519615,False,twin,8,0.01/pi,burgers,False,1234,0.32,MS_hard_burgers_n8_twin_s1234
0.9926513851536508,0.9831931686127736,0.9594096272904816,0.9515489053804905,0.9566595539405607,,,,,,0.9962780661206022,0.9804867251644427,0.9696040791395028,0.9557596954644594,0.9896744923137963,0.9739269677891027,0.9515921728866032,0.9886575612326816,0.9552484822081624,0.9766251234554612,0.6142838758049035,,0.6760460320192713,0.6876075274785433,0.7502090132585157,0.7886856780323553,0.7294360180628143,False,twin,8,0.01/pi,burgers,False,1234,0.36,MS_hard_burgers_n8_twin_s1234
0.9934439737185157,0.9850977791874713,0.9622382124461297,0.9500192952100239,0.9506690179110469,,,,,,0.9968850519254308,0.9806905523686866,0.9672413038250693,0.9498729391421468,0.9895240857705029,0.9736120036867371,0.9488262082178249,0.9895136426447992,0.9560705818061943,0.975917542930766,0.5899496348811947,,0.6504905837991304,0.6693973691056927,0.7347014275886474,0.7775588356187138,0.7189406232131441,False,twin,8,0.01/pi,burgers,False,1234,0.4,MS_hard_burgers_n8_twin_s1234
0.9941718786570112,0.9865412711135535,0.9646384112052752,0.9486017573772582,0.9465508125680038,,,,,,0.9972617855349415,0.9808502895338486,0.9654963772470105,0.9468816387505113,0.9895464154432352,0.9738887978187543,0.9489555517591058,0.9901946115434335,0.9585911653919451,0.9756163460654854,0.5733117504667837,,0.6323896933297161,0.6575267229547751,0.722733067755358,0.7695766905797731,0.7122544118815394,False,twin,8,0.01/pi,burgers,False,1234,0.44,MS_hard_burgers_n8_twin_s1234
0.9948323682936969,0.9875895085253839,0.9666698384726129,0.9475044989845947,0.9441128613234969,,,,,,0.99744698549485,0.9810298047752234,0.9642798545674519,0.9460183133472576,0.9897239890976668,0.9744876975548528,0.9509174693318649,0.9905694849729308,0.9618412872774436,0.9757511786758892,0.5621453427016779,,0.6196959378858365,0.650289123683325,0.713665183937602,0.7643729508800818,0.7085777017482433,False,twin,8,0.01/pi,burgers,False,1234,0.48,MS_hard_burgers_n8_twin_s1234
0.995423675188773,0.9883103804866475,0.9683893987704615,0.9467298995649113,0.9427060143748615,,,,,,0.9974810379625186,0.9812525268371983,0.9634137477373944,0.9462678275160569,0.9900160131046412,0.9751750249749671,0.9535939002404062,0.9906560588572717,0.9650416703856477,0.9761362631441343,0.5543703000256666,,0.610370064403563,0.6458415105719318,0.7064673350921853,0.7609381380041181,0.7067039826671544,False,twin,8,0.01/pi,burgers,False,1234,0.52,MS_hard_burgers_n8_twin_s1234
0.9959450886597644,0.9887681614032454,0.9698416193639262,0.9462200406277895,0.9418896841834663,,,,,,0.9974022986540179,0.9815149354932762,0.9627678711539449,0.9470298866961625,0.9903772292360027,0.975832568773645,0.9563883934034926,0.9905394844857346,0.9678955119161382,0.976632321790463,0.548745012310884,,0.6031861181756393,0.643056946758731,0.7005653405371955,0.7585890056148531,0.7057955617206499,False,twin,8,0.01/pi,burgers,False,1234,0.56,MS_hard_burgers_n8_twin_s1234
0.9963969658776494,0.9890199415905797,0.9710591158187444,0.9459153149043615,0.9414165374953546,,,,,,0.9972446620278652,0.9818019199212125,0.9622651180693678,0.9480040788807689,0.9907702338489932,0.9764165562051191,0.9590428014213397,0.9903012036121311,0.970352096873849,0.9771674839773413,0.5445389105110431,,0.597426107197165,0.6412695700782948,0.6956478401613018,0.7569069749185479,0.7053591276087838,False,twin,8,0.01/pi,burgers,False,1234,0.6,MS_hard_burgers_n8_twin_s1234
0.9967806782772408,0.9891139776921158,0.9720668889739741,0.9457668763528868,0.9411483696144264,,,,,,0.9970363705647056,0.9820969565583333,0.9618627983111084,0.9490456481966235,0.9911694275242736,0.9769195558786623,0.961462295796198,0.9900002805900529,0.972445432262756,0.9777087719683264,0.5413152766066344,,0.5926675916095396,0.640087587162176,0.6915335063836311,0.7556357495560542,0.7051176429596104,False,twin,8,0.01/pi,burgers,False,1234,0.64,MS_hard_burgers_n8_twin_s1234
0.9970985099784204,0.9890894964569142,0.9728861699485684,0.9457363941561616,0.9410059920716618,,,,,,0.996799808063496,0.9823867733880022,0.9615377411224455,0.9500873901747503,0.9915598281977862,0.9773493370529539,0.9636263081470572,0.989675791825512,0.9742295978405302,0.9782422953002444,0.5388065756180344,,0.5886584858603181,0.6392812471299026,0.6881048509731968,0.7546176988474994,0.704919765077486,False,twin,8,0.01/pi,burgers,False,1234,0.68,MS_hard_burgers_n8_twin_s1234
0.9973535090659054,0.9889773942443488,0.9735365012596275,0.945793421103904,0.9409427495579583,,,,,,0.9965519376798807,0.9826624599055237,0.9612768468456862,0.9511005517603334,0.9919340706122638,0.9777182662505783,0.9655465628190452,0.9893525833557285,0.9757570196096879,0.9787629623955388,0.5368399284753492,,0.5852408065438067,0.6387130961827209,0.6852729155654147,0.7537543557520142,0.7046848024390306,False,twin,8,0.01/pi,burgers,False,1234,0.72,MS_hard_burgers_n8_twin_s1234
0.9975493378963656,0.9888014215211236,0.9740365147576627,0.9459131496589066,0.9409303030968478,,,,,,0.9963050675258514,0.9829189514992603,0.9610716226534761,0.952074958042431,0.9922894811355043,0.9780383857230496,0.9672472251657318,0.989045827421597,0.9770725239268333,0.9792694628825084,0.5352953647590067,,0.5823072836364169,0.6382971906819495,0.6829605234002664,0.7529832551957039,0.7043719749852143,False,twin,8,0.01/pi,burgers,False,1234,0.76,MS_hard_burgers_n8_twin_s1234
0.9976901059231262,0.9885794561511511,0.9744038610594212,0.9460747966991975,0.94095074259738,,,,,,0.9960677037462589,0.983153950029265,0.9609152122628704,0.953008768781673,0.9926258658372624,0.9783194240692118,0.9687554728142733,0.9887641354069783,0.9782127398932793,0.9797618857465871,0.5340825898984212,,0.5797772815906324,0.6379755959526299,0.6810954153198069,0.7522639994442764,0.7039628075034448,False,twin,8,0.01/pi,burgers,False,1234,0.8,MS_hard_burgers_n8_twin_s1234
0.9977802203302695,0.9883247297304599,0.974654955632877,0.9462606932519815,0.9409922683712776,,,,,,0.9958453604966425,0.9833669149946019,0.9608010432323123,0.9539033823031015,0.9929441025612493,0.9785683624054738,0.9700972802556183,0.9885116408280399,0.9792071864429933,0.9802406566988269,0.5331297252382189,,0.5775852964999496,0.6377065062871082,0.6796091374643112,0.7515706963209289,0.703451829467944,False,twin,8,0.01/pi,burgers,False,1234,0.84,MS_hard_burgers_n8_twin_s1234
0.9978242408903398,0.9880468803446405,0.9748046907190104,0.9464557140309691,0.941046680713707,,,,,,0.9956412674491797,0.9835582607911368,0.9607223244874689,0.954760952237129,0.9932453297513226,0.9787896608931932,0.9712956763183713,0.9882894737060682,0.9800796672898542,0.9807061311363067,0.532377644377872,,0.5756755758188012,0.6374581820849912,0.6784380340557544,0.7508875777858488,0.7028415506191391,False,twin,8,0.01/pi,burgers,False,1234,0.88,MS_hard_burgers_n8_twin_s1234
0.9978267646792032,0.9877528488047078,0.974866297234574,0.9466469969528232,0.9411080207347089,,,,,,0.9954569590201094,0.9837288216693831,0.9606720478292775,0.955583368701689,0.9935305580594935,0.9789858140893215,0.972370324125078,0.988096818654455,0.9808495175303126,0.9811584668462605,0.5317779181524844,,0.5740005186702469,0.6372066935738293,0.6775250329260528,0.7502066979937363,0.702139960864006,False,twin,8,0.01/pi,burgers,False,1234,0.92,MS_hard_burgers_n8_twin_s1234
0.9977923203061559,0.9874475810932251,0.9748513162132846,0.9468237418718543,0.9411717051649786,,,,,,0.995292752038274,0.9838795279259771,0.9606431751499096,0.9563718683335609,0.9938005235195049,0.979157916430898,0.97333760354808,0.9879316772108598,0.9815325780642307,0.9815976253861566,0.5312913941245617,,0.5725198405578488,0.6369345555813313,0.6768206850707753,0.7495261395807516,0.7013587930884183,False,twin,8,0.01/pi,burgers,False,1234,0.96,MS_hard_burgers_n8_twin_s1234
0.9977252910033242,0.9871345934856534,0.9747696727544947,0.9469770935874637,0.9412340853896817,,,,,,0.9951481224147486,0.9840112248007654,0.9606288959044411,0.9571270661413783,0.9940556713885577,0.97930619403884,0.9742110290899647,0.9877914214104171,0.9821419718668505,0.9820234341253805,0.5308879875300038,,0.5712008233179589,0.6366306189660871,0.676284150507817,0.7488490631176015,0.700512768305785,False,twin,8,0.01/pi,burgers,False,1234,1.0,MS_hard_burgers_n8_twin_s1234
0.9933942903380838,0.9662665164888556,0.9551716810855228,0.9399238818501523,0.9682802792484156,,,,,,0.9843253570001484,0.9648149155149326,0.9316263765772178,0.9745785120274822,0.9871600300710192,0.9439527603039879,0.9865910773768636,0.9748379710842797,0.9919868074315878,0.9796162326253663,0.8260598711134581,,0.8602021788514921,0.8749007406051783,0.8276632931957089,0.7789312292676466,0.8458993165122626,False,twin,8,0.01/pi,burgers,False,2025,0.0,MS_hard_burgers_n8_twin_s2025
0.9933995699419704,0.9668677148514073,0.9583898684038854,0.9471109544567283,0.9684854326886163,,,,,,0.9846402689798157,0.9674163013226421,0.9391018005237126,0.9757017733102842,0.987727401871202,0.9495519985546647,0.9886221193957732,0.9778430246647905,0.9934148879389897,0.9805147091672746,0.8057212004746046,,0.8470988988378313,0.8680517090028735,0.8173526704590862,0.7665123054571096,0.8348342882297292,False,twin,8,0.01/pi,burgers,False,2025,0.04,MS_hard_burgers_n8_twin_s2025
0.9934074186662378,0.9675331846828567,0.9616146032619173,0.9543417709430121,0.9680222210910538,,,,,,0.9850051141774445,0.9701258995055025,0.9471140204641004,0.9763256747988317,0.988358858087494,0.9558937503856906,0.9905070747031699,0.9810867696281352,0.9946022557543162,0.9816188652927755,0.7837027188361364,,0.8319812677217968,0.8598081089336869,0.8066742881878899,0.755436036854541,0.8246037868279452,False,twin,8,0.01/pi,burgers,False,2025,0.08,MS_hard_burgers_n8_twin_s2025
0.9934176377915948,0.9682559105155255,0.9647668734529133,0.9610735548516258,0.966680931816533,,,,,,0.9854162479470906,0.9728835261340859,0.9551008489548235,0.976201410769399,0.9890505627664656,0.9626114043384064,0.992037628757482,0.9844046984662256,0.9954182575972393,0.9828215574283019,0.7598335226683207,,0.8144968822493739,0.8498121310280186,0.7954856085494114,0.7454021691212481,0.8151848869675782,False,twin,8,0.01/pi,burgers,False,2025,0.12,MS_hard_burgers_n8_twin_s2025
0.9934300108938164,0.9690273588930768,0.9677572356656885,0.9669308929811475,0.964343972259804,,,,,,0.9858686858803223,0.9756131060947089,0.9626162818370266,0.9751414309479104,0.9897907824411188,0.9693371422579649,0.9929818487987508,0.9876349232087975,0.9957311048615832,0.9840424296151208,0.7338976993811691,,0.794227913697661,0.8375998663067304,0.7835571748110269,0.736069397293024,0.8064216561920725,False,twin,8,0.01/pi,burgers,False,2025,0.16,MS_hard_burgers_n8_twin_s2025
0.9934443128426997,0.9698377081509585,0.9704923497642591,0.971685518482952,0.9610094288824611,,,,,,0.98635620256605,0.9782280799144493,0.9693368677484058,0.9730582985988944,0.9905609398331072,0.9757301552508205,0.9931221681184986,0.9906327485160886,0.9954226064796147,0.9852234134349458,0.7057390538586016,,0.7707822840159263,0.8226049511755354,0.7705667710183606,0.7271589932381401,0.7981068457827833,False,twin,8,0.01/pi,burgers,False,2025,0.2,MS_hard_burgers_n8_twin_s2025
0.9934603089976611,0.9706761799660352,0.9728841873245089,0.9752095502062811,0.9568014427830255,,,,,,0.9868715393188618,0.9806402118388137,0.975037500383919,0.9699923237564678,0.9913381115868385,0.9814971780287209,0.9923010101219485,0.9932896702008579,0.9944143142021687,0.986317977836271,0.6753637354621497,,0.7439065885579981,0.8041694240445633,0.756063672378288,0.7184417267876458,0.7900044469565881,False,twin,8,0.01/pi,burgers,False,2025,0.24,MS_hard_burgers_n8_twin_s2025
0.9934777615021904,0.9715315123899328,0.9748600896018388,0.9774139847217244,0.9519926208067976,,,,,,0.9874067249832796,0.9827697253101925,0.9795371014343236,0.9661464903676957,0.9920978954105076,0.9863844369161817,0.9904843344269582,0.9955304280701187,0.9927088580986794,0.9872827002768167,0.6430861727616667,,0.7136792833064217,0.7816459764580349,0.7394147944116359,0.7095920141225539,0.7817711894895545,False,twin,8,0.01/pi,burgers,False,2025,0.28,MS_hard_burgers_n8_twin_s2025
0.9934964319399776,0.9723924710307954,0.976372929196307,0.9781828252890546,0.9470690509206798,,,,,,0.9879534561661782,0.9845553575081055,0.982619082012736,0.9619567598224141,0.9928175804935484,0.9901459456336549,0.9878842009385139,0.9972679364434757,0.9904653706145103,0.9880989379518865,0.6099191234657634,,0.6810100153983424,0.7549385721701036,0.719960625237554,0.7000794162987025,0.772773588698136,False,twin,8,0.01/pi,burgers,False,2025,0.32,MS_hard_burgers_n8_twin_s2025
0.9935160871275514,0.9732484128636135,0.9774129596926164,0.9774192053718538,0.9427827197386208,,,,,,0.9885035369703488,0.9859653417014214,0.9840508757585296,0.9581501223480136,0.9934812468206465,0.9925957615824383,0.9851220858719737,0.9983706986937477,0.9881172316302288,0.9888673257032938,0.5787476843234274,,0.6490647568087988,0.7264579046305604,0.6986006333428371,0.6901539173200218,0.7625252349045422,False,twin,8,0.01/pi,burgers,False,2025,0.36,MS_hard_burgers_n8_twin_s2025
0.9935365018480441,0.974089786969099,0.9780183095543653,0.9753541184872648,0.939734530117777,,,,,,0.9890492983035332,0.9870073850178858,0.983909498043999,0.9553465424443864,0.9940855221088001,0.9938401086592652,0.9829173360198695,0.998796831059896,0.986216861907174,0.9897786549180138,0.5541811363008667,,0.6232502442713718,0.7019694658378236,0.6797277602747227,0.6825839191068024,0.7524906261076464,False,twin,8,0.01/pi,burgers,False,2025,0.4,MS_hard_burgers_n8_twin_s2025
0.9935574654743841,0.9749085437680904,0.9782712428284291,0.9726045279745518,0.937796835587159,,,,,,0.9895839658970804,0.9877276334029464,0.982724850904696,0.9534691121818901,0.994638771372775,0.9942661246906754,0.981377180449337,0.9987062076346246,0.9849044651242205,0.9908120084506215,0.5374645101813941,,0.605393182023309,0.6842600234193346,0.6663292107783828,0.6791275784333466,0.7445150353161255,False,twin,8,0.01/pi,burgers,False,2025,0.44,MS_hard_burgers_n8_twin_s2025
0.9935787822732984,0.9756983949245094,0.9782730409914469,0.9697333278273697,0.9365847757379162,,,,,,0.9901019360022899,0.9881925217198496,0.9810661736581884,0.9521802560850606,0.9951509836236607,0.9942221954633601,0.9802658737718627,0.99831636041094,0.9840236918549968,0.9918166343085402,0.5263898274223108,,0.5933413162842743,0.6717808498324311,0.6575556142522276,0.6786216436569759,0.7385958152207311,False,twin,8,0.01/pi,burgers,False,2025,0.48,MS_hard_burgers_n8_twin_s2025
0.9936002777898902,0.9764549027835028,0.9781134808079528,0.9670373939190847,0.9358479568665807,,,,,,0.9905989232461907,0.9884655063130435,0.9792841843025746,0.9512704439952491,0.9956239721164549,0.9939135040675638,0.9794040316719353,0.997787598962074,0.9834340153789013,0.9927145488798407,0.5188310170244332,,0.5848957958490539,0.6625916815967312,0.6518548499421701,0.6796421549266727,0.7341431603034001,False,twin,8,0.01/pi,burgers,False,2025,0.52,MS_hard_burgers_n8_twin_s2025
0.9936218014498384,0.977175415904446,0.9778558827922168,0.9646145904070463,0.9354359522690462,,,,,,0.9910719931837442,0.9885948871259379,0.977540111826303,0.9506237668147756,0.9960506751243382,0.9934465083815816,0.9786894352365147,0.9972136638902531,0.9830465636455291,0.9934945822803276,0.5134807471547431,,0.5786974466026241,0.6554390262426625,0.6481179057449445,0.681370401905078,0.7307126325091746,False,twin,8,0.01/pi,burgers,False,2025,0.56,MS_hard_burgers_n8_twin_s2025
0.9936432296518184,0.9778588544643901,0.9775398011412246,0.9624657563283784,0.9352513931912633,,,,,,0.9915194711794901,0.9886145744784347,0.9758899180994771,0.9501685041798041,0.9964209474265397,0.9928731092795284,0.9780657386834891,0.9966414746036518,0.9828048948045738,0.9941699709242104,0.5096041759809183,,0.5739861610182748,0.6496137476102385,0.6456626922581291,0.6834213455045158,0.7280378577400917,False,twin,8,0.01/pi,burgers,False,2025,0.6,MS_hard_burgers_n8_twin_s2025
0.9936644674510077,0.9785054127738237,0.9771901752918934,0.9605602228956505,0.9352288409040289,,,,,,0.9919407719319916,0.9885497254146111,0.9743446294439146,0.9498563387902116,0.9967271484131719,0.992219097639566,0.9775016248138038,0.9960914450548773,0.9826711920883504,0.9947575618919634,0.5067921920037017,,0.5703437779831871,0.6447299612315631,0.6440856953813173,0.6856278316056656,0.7259600774489932,False,twin,8,0.01/pi,burgers,False,2025,0.64,MS_hard_burgers_n8_twin_s2025
0.9936854542635356,0.9791162198290128,0.9768245433892362,0.9588653152484948,0.9353220666861976,,,,,,0.9923361721896372,0.9884211038975133,0.9729013001853682,0.9496518379784944,0.9969665085609658,0.9914998568952096,0.9769777651013382,0.9955710645113097,0.9826178124962573,0.9952714716028997,0.5048026457924363,,0.5675267095510201,0.6405684818468308,0.6431415430611093,0.687913196056312,0.7243752280485104,False,twin,8,0.01/pi,burgers,False,2025,0.68,MS_hard_burgers_n8_twin_s2025
0.993706157593102,0.9796929796591033,0.9764565144233186,0.9573551022491164,0.9354968990641362,,,,,,0.9927065599915493,0.988246894108459,0.971555242762787,0.9495275745639985,0.9971408872245838,0.9907275115297722,0.9764805402213607,0.9950821170843563,0.9826231192845412,0.9957224809243818,0.5034733535465958,,0.565373955440471,0.6369881607182266,0.6426685079197767,0.6902319765032126,0.7232050349118555,False,twin,8,0.01/pi,burgers,False,2025,0.72,MS_hard_burgers_n8_twin_s2025
0.9937265807951023,0.9802376756897614,0.9760969145253141,0.9560108074045186,0.9357278374435226,,,,,,0.9930531987280761,0.9880430000276981,0.9703035122190148,0.9494623733064047,0.9972554240897534,0.9899136495733234,0.9759999276832219,0.9946241022206864,0.9826698171395557,0.9961189631997232,0.5026801851593594,,0.5637628302936897,0.6338830669667355,0.642548933830329,0.6925473008799605,0.722383363178628,False,twin,8,0.01/pi,burgers,False,2025,0.76,MS_hard_burgers_n8_twin_s2025
0.9937467587868233,0.9807523243603364,0.97575404540717,0.9548190143811358,0.9359964671064642,,,,,,0.9933775235235995,0.9878228815654043,0.9691452022827156,0.949440741040645,0.9973170955193101,0.9890701441044664,0.9755291418310811,0.994195808751074,0.9827443135967782,0.9964678098517636,0.5023198867973494,,0.5625910860626016,0.6311654410646721,0.6426908420289401,0.6948250991192318,0.7218510933401074,False,twin,8,0.01/pi,burgers,False,2025,0.8,MS_hard_burgers_n8_twin_s2025
0.9937667595024795,0.9812387942839296,0.9754338054933454,0.9537697367816742,0.9362903557046098,,,,,,0.993680973593136,0.9875974393283105,0.9680807662195565,0.9494523575855273,0.99733358072171,0.9882091588741931,0.9750646022732149,0.9937960069901598,0.9828363542097269,0.9967750320350277,0.5023048524814294,,0.5617717108381042,0.6287611938752669,0.64302080361857,0.6970352893993955,0.7215555288481925,False,twin,8,0.01/pi,burgers,False,2025,0.84,MS_hard_burgers_n8_twin_s2025
0.9937866805108333,0.9816987103307527,0.9751399458804872,0.9528549654228217,0.9366019972170634,,,,,,0.993964883202404,0.9873751234003063,0.9671112558012162,0.9494913497727918,0.9973125300661005,0.9873428582293952,0.9746057260613903,0.9934236950999774,0.9829385969463245,0.9970460433216713,0.5025626980441419,,0.5612327479555272,0.6266102153185363,0.643481703206608,0.6991548703670579,0.7214517330544271,False,twin,8,0.01/pi,burgers,False,2025,0.88,MS_hard_burgers_n8_twin_s2025
0.9938066472057602,0.9821334059866145,0.9748744051683236,0.9520676246619155,0.9369276582841315,,,,,,0.9942304106299928,0.9871621816920152,0.9662376453708114,0.9495553363832672,0.9972611451096308,0.986482996730053,0.9741544612829365,0.9930781100324199,0.9830461268927415,0.9972857518607642,0.5030368790957855,,0.5609182036096233,0.6246676923975598,0.6440320831133672,0.7011705491365827,0.7215040949551524,False,twin,8,0.01/pi,burgers,False,2025,0.92,MS_hard_burgers_n8_twin_s2025
0.9938268096755898,0.9825439357780257,0.9746377093327384,0.951400959243809,0.9372662843185192,,,,,,0.9944785101121584,0.9869630056437426,0.9654603941419497,0.9496444386597157,0.997185984966843,0.9856405635836762,0.9737146892291151,0.9927586395031887,0.9831559213492481,0.9974985403281774,0.5036866401638022,,0.5607881600091013,0.6229044660874926,0.6446451542139026,0.7030796659561049,0.7216870733063471,False,twin,8,0.01/pi,burgers,False,2025,0.96,MS_hard_burgers_n8_twin_s2025
0.9938473396394235,0.9829311188736733,0.9744293299729426,0.9508481552057807,0.9376184662756755,,,,,,0.9947099359532822,0.9867804718366731,0.9647791524870017,0.949760318842446,0.997092902901926,0.9848254868391277,0.9732915583060936,0.9924647015461531,0.9832663412460846,0.9976882320324119,0.5044861066191709,,0.5608179424880271,0.6213062798865171,0.6453073347079094,0.7048897124858758,0.721985142153261,False,twin,8,0.01/pi,burgers,False,2025,1.0,MS_hard_burgers_n8_twin_s2025
0.9925370013868291,0.9756854518178332,0.9716656684971845,0.9355230217441187,0.7918235848586073,,,,,,0.9938988342589437,0.9896489984435289,0.9543813009994891,0.7896622640282079,0.9956370589081293,0.9580698279173663,0.7874228722445844,0.9522972913558428,0.8029925547189102,0.8793014115048208,0.8219349106805731,,0.857079281335653,0.8782695279363253,0.8773308418226989,0.8292150857377973,0.6713582427098166,False,twin,8,0.01/pi,burgers,False,777,0.0,MS_hard_burgers_n8_twin_s777
0.9924727911504367,0.975166546667543,0.970431848909416,0.9340090532491235,0.7993147569622885,,,,,,0.9937516763189463,0.9891498030932669,0.9541355879271248,0.7999330731929531,0.9958099231657261,0.9579042489833661,0.796056374577309,0.9535951489874479,0.8108979589973905,0.8907678309893499,0.804258147805493,,0.8472859075826445,0.8738819332205677,0.8713384046635022,0.8200393046691999,0.6666817136458332,False,twin,8,0.01/pi,burgers,False,777,0.04,MS_hard_burgers_n8_twin_s777
0.992419130306125,0.9746952968176021,0.9692068281352798,0.9331705979391954,0.812321537267958,,,,,,0.9936038441790269,0.9886511608802849,0.9546086720406194,0.8162124999840348,0.9959432086375121,0.9587477868311697,0.8111919841353674,0.9558180108725922,0.8244483906180387,0.9046372276934026,0.7853842928080649,,0.8362130408016357,0.8683792287875306,0.8645408240266467,0.8119849142687647,0.6685338603114335,False,twin,8,0.01/pi,burgers,False,777,0.08,MS_hard_burgers_n8_twin_s777
0.9923759373743308,0.9742933953154851,0.9680525788115051,0.933088331171695,0.8291872128981493,,,,,,0.9934672362780015,0.9881728993343339,0.9557923106408402,0.836777399252244,0.9960311243622962,0.9605714501042418,0.8312779957932651,0.9590131169920654,0.8423817585605677,0.9196876514769416,0.76512330432796,,0.8235122374567729,0.8614143803119455,0.8569299246770745,0.8051630989429123,0.6758635992150891,False,twin,8,0.01/pi,burgers,False,777,0.12,MS_hard_burgers_n8_twin_s777
0.9923430921454939,0.9739782444227094,0.9670267936292637,0.9337648679138126,0.8479425218002897,,,,,,0.9933518520937574,0.9877335840343867,0.9575867499464131,0.859505752920381,0.9960683861235113,0.9632209062048989,0.8542980053611244,0.9631277385303507,0.8631699660496515,0.9347381686078639,0.7431723902158429,,0.8086860290614042,0.8524869336898642,0.8483284920941524,0.7995517100986941,0.6873839665892023,False,twin,8,0.01/pi,burgers,False,777,0.16,MS_hard_burgers_n8_twin_s777
0.9923204451537921,0.9737614375458341,0.9661723000634279,0.9351416517468604,0.8663582217701469,,,,,,0.9932647569624177,0.9873487280811272,0.959823546575674,0.8819197713784049,0.9960553735555809,0.9664278228736513,0.8777714464841783,0.9679853454212081,0.8849716998024648,0.9486568747775954,0.7191869121483693,,0.7911385133791359,0.840951358364434,0.8383969146798043,0.7949940840459379,0.7015797992681195,False,twin,8,0.01/pi,burgers,False,777,0.2,MS_hard_burgers_n8_twin_s777
0.9923078226999694,0.9736476741723421,0.9655065677356186,0.9371380387675412,0.8820853114945002,,,,,,0.9932092503597211,0.9870265606415201,0.9623224648632337,0.9013443221584545,0.9960002076729851,0.969872520821926,0.8988693140346722,0.9732922050440435,0.9056081657431195,0.9603757698995584,0.6928682163400537,,0.7702442246960712,0.8260144069186389,0.8266245937765185,0.7910955201060584,0.7166219587083155,False,twin,8,0.01/pi,burgers,False,777,0.24,MS_hard_burgers_n8_twin_s777
0.9923050353391631,0.9736342845480364,0.9650152132716192,0.9396641641563874,0.8930415649556326,,,,,,0.993184386961918,0.9867623911964112,0.964935954965359,0.9153541394517895,0.9959160142185346,0.9732671633581201,0.9148464467332358,0.9786637051411747,0.9227228819936486,0.9689586554606382,0.66411821826393,,0.7455012467010154,0.8067726302979027,0.812265160921514,0.7869224072824486,0.7302728809113505,False,twin,8,0.01/pi,burgers,False,777,0.28,MS_hard_burgers_n8_twin_s777
0.9923118800855115,0.9737114751144254,0.964656296429394,0.9425223944190688,0.8981280798280245,,,,,,0.993184990079107,0.9865375073837421,0.9674897086767106,0.9225974367550818,0.99581629787958,0.9763626388927321,0.9239231206542886,0.9836195812424766,0.9343193354437695,0.9737041789809252,0.6335730663000115,,0.7171722018019172,0.7827921195921047,0.7945345297096715,0.7806768633031038,0.7399685185801074,False,twin,8,0.01/pi,burgers,False,777,0.32,MS_hard_burgers_n8_twin_s777
0.992328143791253,0.9738634170754726,0.9643787369752109,0.9452894055729804,0.8983897676471361,,,,,,0.9932022679095829,0.9863282885277874,0.9696848170873755,0.9240797613444025,0.9957133471498966,0.9788904743802245,0.9267192443526315,0.9876164384226577,0.9401145626300914,0.9746536607791255,0.6039586607685645,,0.6880476492598683,0.756254762270894,0.774280199687303,0.7709276642142465,0.7440231060440232,False,twin,8,0.01/pi,burgers,False,777,0.36,MS_hard_burgers_n8_twin_s777
0.9923536015984048,0.9740700807604245,0.9641445609009767,0.9475635182043212,0.8973002560744513,,,,,,0.9932249805085048,0.9861197626147966,0.9712923180256186,0.9234840272305689,0.9956185935883949,0.9807069505339233,0.926749474457207,0.9903757094799989,0.942662720386678,0.9735326502174281,0.5800722072652366,,0.6637731614621957,0.7330623567943348,0.7559471545167525,0.7599090162847525,0.7438821746150983,False,twin,8,0.01/pi,burgers,False,777,0.4,MS_hard_burgers_n8_twin_s777
0.9923880190947959,0.9743095896741005,0.9639382661816888,0.9493116482496053,0.8973316429656468,,,,,,0.9932409870811143,0.9859104862493692,0.9723967935197694,0.9235700238238521,0.9955402735486326,0.981959230784337,0.926876554584381,0.9921239987631751,0.9445360050820514,0.972234527244281,0.5635881502271258,,0.6467701889730065,0.7163716517856603,0.7426781728431477,0.750658381087861,0.7418842641586771,False,twin,8,0.01/pi,burgers,False,777,0.44,MS_hard_burgers_n8_twin_s777
0.9924311528517252,0.9745607041630352,0.9637603078451635,0.9506988248845389,0.898625048751022,,,,,,0.9932388702313097,0.9857064231457664,0.9732011136947503,0.9246796045723117,0.9954802057528611,0.9828844047742472,0.9276565909600064,0.9932581748265246,0.9464612140931971,0.9713218212811914,0.5524848034889303,,0.6351636094676743,0.7047314520338875,0.7335877624346235,0.743466266854558,0.7390673226155103,False,twin,8,0.01/pi,burgers,False,777,0.48,MS_hard_burgers_n8_twin_s777
0.9924827488434023,0.9748049725181864,0.9636159562911005,0.9518477083649443,0.900736294447017,,,,,,0.9932093085707437,0.9855129205331596,0.9738285538608157,0.9264800431997658,0.9954341198857347,0.9836298968675411,0.9289301878202649,0.9940490198523874,0.9484964258225943,0.970798992436657,0.5447551748437635,,0.6269343195711403,0.6963197198342976,0.7271822440104942,0.7378336583971731,0.736028789089046,False,twin,8,0.01/pi,burgers,False,777,0.52,MS_hard_burgers_n8_twin_s777
0.9925425413007595,0.9750282142655711,0.9635084433401728,0.95281790927877,0.9033099846766036,,,,,,0.9931459579257845,0.9853311197072664,0.9743300903329859,0.9286770637000111,0.9953949391356185,0.9842633558353182,0.9305146562520076,0.994636793047175,0.9506100316682767,0.9705998540963288,0.5391710800137196,,0.6208364073501742,0.6899937299938614,0.7224800362968268,0.7333520956610556,0.7331221781624161,False,twin,8,0.01/pi,burgers,False,777,0.56,MS_hard_burgers_n8_twin_s777
0.9926102525704733,0.9752211813981344,0.9634372478717664,0.953643137560453,0.9061155897336143,,,,,,0.9930457478494463,0.985158364079335,0.9747290101588162,0.9310743066859951,0.9953560049658532,0.9848168091574904,0.932282721248816,0.9950937639655656,0.9527644696037996,0.9706631751309226,0.5350153978180592,,0.6161399422406777,0.6850780870711871,0.7188989891680885,0.72973869136292,0.730521009177885,False,twin,8,0.01/pi,burgers,False,777,0.6,MS_hard_burgers_n8_twin_s777
0.9926855921998051,0.975379424651423,0.963398961522336,0.9543496995461109,0.9090109602162542,,,,,,0.9929086465490483,0.9849900311998433,0.9750410636833067,0.9335480538842467,0.9953127765648216,0.9853088928187301,0.9341535455690775,0.9954612716960256,0.9549280250086282,0.9709365866995684,0.5318610414796194,,0.6124097644762809,0.6811643804591285,0.7160938752009263,0.726794613106862,0.7282955757097899,False,twin,8,0.01/pi,burgers,False,777,0.64,MS_hard_burgers_n8_twin_s777
0.9927682568014031,0.9755025610763132,0.9633886625009221,0.9549604940105364,0.9119115049893101,,,,,,0.9927370571394298,0.9848211416972421,0.9752793419273116,0.9360224781393621,0.9952631393344992,0.9857524518827364,0.936077975917481,0.9957653767798204,0.9570765405244173,0.9713754580098506,0.5294443887787443,,0.6093776686641772,0.6779949079777507,0.7138550059229654,0.72437516558444,0.7264581622562867,False,twin,8,0.01/pi,burgers,False,777,0.68,MS_hard_burgers_n8_twin_s777
0.992857928291946,0.9755932393457819,0.9634010295597523,0.9554948796413152,0.914768451309268,,,,,,0.9925350489388653,0.9846473311810456,0.9754547405837378,0.9384517407445204,0.9952069535434991,0.9861569513744743,0.9380265011742179,0.9960233204356332,0.9591921741102415,0.9719419585012753,0.5275959990339515,,0.6068718653433275,0.6753989893386262,0.7120506054695742,0.7223725839627325,0.7249886494214096,False,twin,8,0.01/pi,burgers,False,777,0.72,MS_hard_burgers_n8_twin_s777
0.992954273003332,0.9756560385179133,0.9634310451540512,0.9559683048951003,0.9175544681431712,,,,,,0.9923076011362111,0.9844652666784102,0.9755758769895087,0.9408081575127974,0.995145352304752,0.9865294221241679,0.93998093874675,0.9962466247216673,0.9612617224083639,0.9726043164171811,0.5262028958256082,,0.604778457143881,0.6732587136814704,0.7105948091344562,0.7207061215554608,0.7238506472673852,False,twin,8,0.01/pi,burgers,False,777,0.76,MS_hard_burgers_n8_twin_s777
0.993056943508174,0.975696462100771,0.9634743624701598,0.9563925081408476,0.9202547485001318,,,,,,0.9920599429404849,0.9842727149867708,0.9756493028412472,0.9430749386723695,0.9950801032817272,0.9868750695593986,0.9419292610711417,0.9964429320403466,0.9632752933189133,0.9733360945956586,0.5251874365562996,,0.6030198503976902,0.6714901147389505,0.7094296867144654,0.7193155664546482,0.7230016598851375,False,twin,8,0.01/pi,burgers,False,777,0.8,MS_hard_burgers_n8_twin_s777
0.9931655745451771,0.9757201753510668,0.9635274585309125,0.956776018726436,0.9228615666791491,,,,,,0.9917970931609897,0.9840684410765834,0.9756798678514225,0.9452418223773039,0.9950131264780735,0.9871976960420837,0.9438626445204599,0.9966172403754581,0.9652254718135155,0.9741155668244247,0.524495819548179,,0.6015430136368117,0.6700329438091728,0.7085155968778045,0.718157307616974,0.7224004828438552,False,twin,8,0.01/pi,burgers,False,777,0.84,MS_hard_burgers_n8_twin_s777
0.9932797861761155,0.9757324695806436,0.9635876317674162,0.9571248202964192,0.9253712977982939,,,,,,0.9915235526096472,0.9838520119515411,0.975671147497321,0.9473027084219227,0.9949462003480841,0.9875000682570174,0.9457740281731493,0.9967727960094588,0.967106858252921,0.974925122995376,0.5240905001920616,,0.6003116732184761,0.6688438469338335,0.7078249470627412,0.7172005944741626,0.7220104723680568,False,twin,8,0.01/pi,burgers,False,777,0.88,MS_hard_burgers_n8_twin_s777
0.9933991815432072,0.9757379506562944,0.96365291150367,0.9574429251844023,0.9277825722011434,,,,,,0.9912431582169575,0.9836235901417675,0.9756257832630989,0.9492541735340493,0.9948808072281116,0.9877841597629996,0.9476573390912001,0.9969117089055527,0.968915688015392,0.9757506756471759,0.5239453572826283,,0.5993013435408598,0.667891838318199,0.7073384008353253,0.7164246808728045,0.7218013618410749,False,twin,8,0.01/pi,burgers,False,777,0.92,MS_hard_burgers_n8_twin_s777
0.9935233497720097,0.9757404061737275,0.9637219312017964,0.9577328967415488,0.9300953676413577,,,,,,0.9909590438825651,0.9833837409391732,0.9755457721768902,0.9510947205223983,0.9948180939337119,0.9880513670074752,0.9495072848612557,0.9970353867746354,0.9706496054071,0.9765811528352496,0.5240424426291872,,0.5984959256214357,0.6671550733006013,0.707042415037227,0.7158164545091583,0.721749609995717,False,twin,8,0.01/pi,burgers,False,777,0.96,MS_hard_burgers_n8_twin_s777
0.9936518645902799,0.9757427871233018,0.9637937684929402,0.957996234858699,0.93231048290841,,,,,,0.9906736738459466,0.9831332619917723,0.9754326565089424,0.952824290247704,0.9947588815338376,0.9883026535461827,0.9513192822896807,0.9971448208938485,0.9723074533435335,0.9774080108485108,0.5243691132697313,,0.5978847552833816,0.6666179653155022,0.7069271129271401,0.7153680302368575,0.7218373982163,False,twin,8,0.01/pi,burgers,False,777,1.0,MS_hard_burgers_n8_twin_s777
